# ProBuilder 5.2.2
# https://unity3d.com/unity/features/worldbuilding/probuilder
# 6/28/2024 9:27:21 AM

mtllib ./Gvozd_(3).mtl
o Gvozd (3)

g Gvozd (3)
v 0.01900804 0.1392033 -0.002035618
v 0.01954424 0.1391673 -0.001772881
v 0.01901901 0.139206 -0.001377106
v 0.01964736 0.1391633 -0.001183987
v 0.01955736 0.1391704 -0.0009987354
v 0.01903021 0.1392086 -0.0007183552
v 0.02261639 0.08415338 -0.001224756
v 0.02229297 0.0841879 0.001072407
v 0.02127707 0.08426909 0.003156424
v 0.0196687 0.08438958 0.004823685
v 0.01946652 0.08434288 -0.007172108
v 0.02113008 0.08423509 -0.005558729
v 0.01281631 0.08480169 -0.008115053
v 0.01509547 0.08464049 -0.008515596
v 0.01738751 0.0844826 -0.00819087
v 0.01077211 0.08494928 -0.007027864
v 0.01839805 0.1392503 -0.001163244
v 0.00822556 0.08516869 0.00130558
v 0.007824659 0.08518499 -0.0009794235
v 0.008148313 0.08515099 -0.003276348
v 0.01534534 0.08469789 0.006311655
v 0.01305401 0.08485618 0.005986929
v 0.01097441 0.08499558 0.004967928
v 0.01849425 0.1392445 -0.0009810925
v 0.009310603 0.08510329 0.003354788
v 0.01762497 0.08453709 0.005910873
v -0.006157994 -0.1202453 -0.002240419
v -0.006481886 -0.1202112 5.674362E-05
v -0.005142808 -0.1203265 -0.004324436
v 0.009163737 0.08506979 -0.005360365
v -0.003534198 -0.120447 -0.005991697
v -0.001490116 -0.120595 -0.007079124
v 0.0007891655 -0.1207558 -0.007479668
v 0.003080964 -0.1209137 -0.007154942
v 0.005159974 -0.1210534 -0.006135941
v 0.006823897 -0.1211611 -0.0045228
v 0.007909417 -0.1212262 -0.002473593
v 0.02221572 0.08417009 -0.003509521
v 0.008309841 -0.1212429 -0.0001885891
v -0.006080627 -0.1202275 0.002341509
v -0.004995942 -0.120293 0.004390717
v -0.003332138 -0.1204007 0.006003857
v -0.001252532 -0.1205405 0.007022619
v 0.001039028 -0.1206983 0.007347584
v 0.003318667 -0.1208591 0.006946802
v 0.005362034 -0.1210071 0.005859613
v 0.006970763 -0.1211276 0.004192352
v 0.007986546 -0.1212089 0.002108097
v 0.01848114 0.1392415 -0.001755238
v 0.01379216 -0.1389045 -0.0002126694
v 0.01124382 -0.138685 0.008125305
v 0.01317704 -0.1388396 0.004158974
v -0.0002837181 -0.137923 2.074242E-05
v 0.01302993 -0.1388734 -0.004561424
v 0.01096416 -0.1387492 -0.008461714
v 0.007797599 -0.1385442 -0.01153159
v 0.00383997 -0.1382785 -0.01347089
v -0.0005215406 -0.1379776 -0.01408911
v -0.004859447 -0.1376718 -0.01332641
v -0.008749485 -0.1373901 -0.01125717
v -0.01181066 -0.1371611 -0.008084059
v -0.01374388 -0.1370064 -0.004117489
v -0.01435924 -0.1369415 0.0002541542
v -0.01359701 -0.1369726 0.004602909
v -0.008364677 -0.1373018 0.01157308
v -0.01153123 -0.1370968 0.00850296
v -0.004407167 -0.137568 0.01351213
v 0.00429225 -0.1381746 0.01336765
v -4.601479E-05 -0.1378684 0.01413035
v 0.008182526 -0.1384559 0.01129866
v 0.01885378 -0.1362226 0.0252316
v 0.01031685 -0.1332363 0.0298481
v 0.01901793 -0.1338658 0.02521968
v 0.0101527 -0.1355932 0.02986002
v 0.0006136894 -0.132552 0.03155351
v 0.0004495382 -0.1349089 0.03156543
v -0.009140968 -0.1318796 0.03017068
v -0.00930512 -0.1342365 0.0301826
v 0.03002453 -0.1370812 0.009262085
v 0.0258652 -0.1343787 0.01812172
v 0.03018868 -0.1347243 0.009250402
v 0.02570105 -0.1367355 0.01813364
v 0.02969587 -0.1371566 -0.01024318
v 0.03156531 -0.1348697 -0.0005278587
v 0.02986002 -0.1348002 -0.0102551
v 0.03140116 -0.1372265 -0.0005159378
v 0.01799321 -0.13642 -0.02583313
v 0.02523994 -0.1345222 -0.01897812
v 0.01815724 -0.1340636 -0.02584505
v 0.02507579 -0.1368791 -0.01896644
v -0.0006140471 -0.1351529 -0.03155327
v 0.00930512 -0.1334689 -0.03018236
v -0.0004500151 -0.1327965 -0.03156519
v 0.009140968 -0.1358258 -0.03017044
v -0.01031685 -0.1344686 -0.02984786
v -0.01015258 -0.1321118 -0.02985954
v -0.02586508 -0.1333263 -0.01812148
v -0.01885366 -0.1314823 -0.02523112
v -0.02570105 -0.1309699 -0.0181334
v -0.01901782 -0.1338392 -0.02521944
v -0.03018904 -0.1329806 -0.009249926
v -0.03002489 -0.1306237 -0.009261847
v -0.02986038 -0.1329051 0.01025534
v -0.03140116 -0.1304789 0.0005161762
v -0.02969623 -0.1305483 0.01024342
v -0.03156519 -0.1328353 0.0005283356
v -0.02523983 -0.1331827 0.0189786
v -0.02507579 -0.1308264 0.01896667
v -0.01799309 -0.1312849 0.02583337
v -0.01815724 -0.1336418 0.02584529
v 0.009560466 -0.137688 0.02857423
v 0.01788378 -0.1382904 0.0241468
v 0.02443361 -0.1387806 0.01735711
v 0.02856946 -0.1391116 0.00887084
v 0.02988613 -0.1392503 -0.0004827976
v 0.02825499 -0.1391837 -0.009787321
v 0.0238353 -0.1389183 -0.01813173
v 0.01706028 -0.1384795 -0.0247004
v 0.008592725 -0.1379104 -0.02884912
v -0.0007388592 -0.137267 -0.03017187
v -0.01002014 -0.1366126 -0.02854061
v -0.01834357 -0.1360102 -0.02411318
v -0.0248934 -0.1355199 -0.01732349
v -0.02902913 -0.1351889 -0.008837461
v -0.03034544 -0.1350503 0.0005161762
v -0.02871478 -0.1351169 0.009820938
v -0.02429545 -0.1353827 0.01816511
v -0.01752043 -0.1358215 0.02473378
v -0.009052515 -0.1363901 0.02888274
v 0.0002788305 -0.1370336 0.03020549
v 0.0252322 -0.1378899 0.0178678
v 0.02949083 -0.1382306 0.009129286
v 0.01848745 -0.1373849 0.02485895
v 0.009917021 -0.1367647 0.02941823
v 0.0003595352 -0.1360904 0.03109813
v -0.009249091 -0.1354282 0.02973604
v -0.01796854 -0.1348424 0.02546358
v -0.02494478 -0.1343905 0.01869988
v -0.02949619 -0.1341169 0.01010752
v -0.03117573 -0.1340483 0.0005264282
v -0.02981997 -0.1341913 -0.009105206
v -0.02556086 -0.1345321 -0.01784372
v -0.01881635 -0.1350372 -0.02483511
v -0.01024544 -0.1356569 -0.02939415
v -0.0006883144 -0.1363312 -0.03107405
v 0.008920431 -0.1369934 -0.02971196
v 0.01763964 -0.1375792 -0.0254395
v 0.02461648 -0.1380311 -0.0186758
v 0.02916706 -0.1383046 -0.01008344
v 0.0308466 -0.1383733 -0.0005021095
v 0.08300808 0.1392033 -0.2010355
v 0.08354428 0.1391673 -0.2007728
v 0.08301905 0.139206 -0.200377
v 0.0836474 0.1391633 -0.2001839
v 0.0835574 0.1391704 -0.1999986
v 0.08303025 0.1392086 -0.1997183
v 0.08661643 0.08415338 -0.2002247
v 0.08629301 0.0841879 -0.1979275
v 0.08527711 0.08426909 -0.1958435
v 0.08366874 0.08438958 -0.1941762
v 0.08346656 0.08434288 -0.206172
v 0.08513013 0.08423509 -0.2045586
v 0.07681635 0.08480169 -0.207115
v 0.07909551 0.08464049 -0.2075155
v 0.08138755 0.0844826 -0.2071908
v 0.07477215 0.08494928 -0.2060278
v 0.08239809 0.1392503 -0.2001632
v 0.0722256 0.08516869 -0.1976943
v 0.0718247 0.08518499 -0.1999793
v 0.07214835 0.08515099 -0.2022763
v 0.07934538 0.08469789 -0.1926883
v 0.07705405 0.08485618 -0.193013
v 0.07497445 0.08499558 -0.194032
v 0.08249429 0.1392445 -0.199981
v 0.07331064 0.08510329 -0.1956451
v 0.08162501 0.08453709 -0.193089
v 0.05784205 -0.1202453 -0.2012403
v 0.05751815 -0.1202112 -0.1989432
v 0.05885723 -0.1203265 -0.2033243
v 0.07316378 0.08506979 -0.2043603
v 0.06046584 -0.120447 -0.2049916
v 0.06250992 -0.120595 -0.206079
v 0.06478921 -0.1207558 -0.2064796
v 0.067081 -0.1209137 -0.2061549
v 0.06916001 -0.1210534 -0.2051359
v 0.07082394 -0.1211611 -0.2035227
v 0.07190946 -0.1212262 -0.2014735
v 0.08621576 0.08417009 -0.2025094
v 0.07230988 -0.1212429 -0.1991885
v 0.05791941 -0.1202275 -0.1966584
v 0.0590041 -0.120293 -0.1946092
v 0.0606679 -0.1204007 -0.1929961
v 0.06274751 -0.1205405 -0.1919773
v 0.06503907 -0.1206983 -0.1916523
v 0.06731871 -0.1208591 -0.1920531
v 0.06936207 -0.1210071 -0.1931403
v 0.0709708 -0.1211276 -0.1948076
v 0.07198659 -0.1212089 -0.1968918
v 0.08248118 0.1392415 -0.2007551
v 0.0777922 -0.1389045 -0.1992126
v 0.07524386 -0.138685 -0.1908746
v 0.07717708 -0.1388396 -0.1948409
v 0.06371632 -0.137923 -0.1989792
v 0.07702997 -0.1388734 -0.2035613
v 0.0749642 -0.1387492 -0.2074616
v 0.07179764 -0.1385442 -0.2105315
v 0.06784001 -0.1382785 -0.2124708
v 0.0634785 -0.1379776 -0.213089
v 0.05914059 -0.1376718 -0.2123263
v 0.05525056 -0.1373901 -0.2102571
v 0.05218938 -0.1371611 -0.207084
v 0.05025616 -0.1370064 -0.2031174
v 0.0496408 -0.1369415 -0.1987458
v 0.05040303 -0.1369726 -0.194397
v 0.05563536 -0.1373018 -0.1874268
v 0.05246881 -0.1370968 -0.190497
v 0.05959287 -0.137568 -0.1854878
v 0.06829229 -0.1381746 -0.1856323
v 0.06395403 -0.1378684 -0.1848696
v 0.07218257 -0.1384559 -0.1877013
v 0.08285382 -0.1362226 -0.1737683
v 0.07431689 -0.1332363 -0.1691518
v 0.08301798 -0.1338658 -0.1737802
v 0.07415274 -0.1355932 -0.1691399
v 0.06461373 -0.132552 -0.1674464
v 0.06444958 -0.1349089 -0.1674345
v 0.05485907 -0.1318796 -0.1688292
v 0.05469492 -0.1342365 -0.1688173
v 0.09402457 -0.1370812 -0.1897378
v 0.08986524 -0.1343787 -0.1808782
v 0.09418872 -0.1347243 -0.1897495
v 0.08970109 -0.1367355 -0.1808663
v 0.09369591 -0.1371566 -0.2092431
v 0.09556535 -0.1348697 -0.1995278
v 0.09386006 -0.1348002 -0.209255
v 0.0954012 -0.1372265 -0.1995158
v 0.08199325 -0.13642 -0.224833
v 0.08923998 -0.1345222 -0.217978
v 0.08215728 -0.1340636 -0.224845
v 0.08907583 -0.1368791 -0.2179663
v 0.06338599 -0.1351529 -0.2305532
v 0.07330516 -0.1334689 -0.2291823
v 0.06355003 -0.1327965 -0.2305651
v 0.07314101 -0.1358258 -0.2291704
v 0.05368319 -0.1344686 -0.2288478
v 0.05384746 -0.1321118 -0.2288595
v 0.03813496 -0.1333263 -0.2171214
v 0.04514638 -0.1314823 -0.224231
v 0.03829899 -0.1309699 -0.2171333
v 0.04498222 -0.1338392 -0.2242194
v 0.033811 -0.1329806 -0.2082498
v 0.03397515 -0.1306237 -0.2082618
v 0.03413966 -0.1329051 -0.1887446
v 0.03259888 -0.1304789 -0.1984837
v 0.03430381 -0.1305483 -0.1887565
v 0.03243485 -0.1328353 -0.1984716
v 0.03876022 -0.1331827 -0.1800213
v 0.03892425 -0.1308264 -0.1800332
v 0.04600695 -0.1312849 -0.1731665
v 0.0458428 -0.1336418 -0.1731546
v 0.07356051 -0.137688 -0.1704257
v 0.08188382 -0.1382904 -0.1748531
v 0.08843365 -0.1387806 -0.1816428
v 0.0925695 -0.1391116 -0.1901291
v 0.09388617 -0.1392503 -0.1994827
v 0.09225503 -0.1391837 -0.2087872
v 0.08783534 -0.1389183 -0.2171316
v 0.08106032 -0.1384795 -0.2237003
v 0.07259277 -0.1379104 -0.227849
v 0.06326118 -0.137267 -0.2291718
v 0.0539799 -0.1366126 -0.2275405
v 0.04565647 -0.1360102 -0.2231131
v 0.03910664 -0.1355199 -0.2163234
v 0.03497091 -0.1351889 -0.2078374
v 0.0336546 -0.1350503 -0.1984837
v 0.03528526 -0.1351169 -0.189179
v 0.03970459 -0.1353827 -0.1808348
v 0.04647961 -0.1358215 -0.1742661
v 0.05494753 -0.1363901 -0.1701172
v 0.06427887 -0.1370336 -0.1687944
v 0.08923224 -0.1378899 -0.1811321
v 0.09349087 -0.1382306 -0.1898706
v 0.08248749 -0.1373849 -0.174141
v 0.07391706 -0.1367647 -0.1695817
v 0.06435958 -0.1360904 -0.1679018
v 0.05475095 -0.1354282 -0.1692639
v 0.0460315 -0.1348424 -0.1735363
v 0.03905526 -0.1343905 -0.1803
v 0.03450385 -0.1341169 -0.1888924
v 0.03282431 -0.1340483 -0.1984735
v 0.03418007 -0.1341913 -0.2081051
v 0.03843918 -0.1345321 -0.2168436
v 0.04518369 -0.1350372 -0.223835
v 0.0537546 -0.1356569 -0.2283941
v 0.06331173 -0.1363312 -0.230074
v 0.07292047 -0.1369934 -0.2287119
v 0.08163968 -0.1375792 -0.2244394
v 0.08861652 -0.1380311 -0.2176757
v 0.0931671 -0.1383046 -0.2090833
v 0.09484664 -0.1383733 -0.199502
v 0.569008 0.1392033 -0.9370356
v 0.5695442 0.1391673 -0.9367728
v 0.569019 0.139206 -0.936377
v 0.5696473 0.1391633 -0.9361839
v 0.5695573 0.1391704 -0.9359987
v 0.5690302 0.1392086 -0.9357183
v 0.5726163 0.08415338 -0.9362247
v 0.5722929 0.0841879 -0.9339275
v 0.571277 0.08426909 -0.9318435
v 0.5696687 0.08438958 -0.9301763
v 0.5694665 0.08434288 -0.9421721
v 0.57113 0.08423509 -0.9405587
v 0.5628163 0.08480169 -0.943115
v 0.5650954 0.08464049 -0.9435155
v 0.5673875 0.0844826 -0.9431908
v 0.5607721 0.08494928 -0.9420278
v 0.568398 0.1392503 -0.9361632
v 0.5582255 0.08516869 -0.9336944
v 0.5578246 0.08518499 -0.9359794
v 0.5581483 0.08515099 -0.9382763
v 0.5653453 0.08469789 -0.9286883
v 0.563054 0.08485618 -0.929013
v 0.5609744 0.08499558 -0.930032
v 0.5684942 0.1392445 -0.935981
v 0.5593106 0.08510329 -0.9316452
v 0.5676249 0.08453709 -0.9290891
v 0.543842 -0.1202453 -0.9372404
v 0.5435181 -0.1202112 -0.9349432
v 0.5448571 -0.1203265 -0.9393244
v 0.5591637 0.08506979 -0.9403603
v 0.5464658 -0.120447 -0.9409916
v 0.5485098 -0.120595 -0.9420791
v 0.5507891 -0.1207558 -0.9424796
v 0.5530809 -0.1209137 -0.9421549
v 0.5551599 -0.1210534 -0.9411359
v 0.5568238 -0.1211611 -0.9395227
v 0.5579094 -0.1212262 -0.9374735
v 0.5722157 0.08417009 -0.9385095
v 0.5583098 -0.1212429 -0.9351885
v 0.5439193 -0.1202275 -0.9326584
v 0.545004 -0.120293 -0.9306092
v 0.5466678 -0.1204007 -0.9289961
v 0.5487474 -0.1205405 -0.9279773
v 0.551039 -0.1206983 -0.9276524
v 0.5533186 -0.1208591 -0.9280531
v 0.555362 -0.1210071 -0.9291403
v 0.5569707 -0.1211276 -0.9308076
v 0.5579865 -0.1212089 -0.9328918
v 0.5684811 0.1392415 -0.9367552
v 0.5637921 -0.1389045 -0.9352126
v 0.5612438 -0.138685 -0.9268746
v 0.563177 -0.1388396 -0.930841
v 0.5497162 -0.137923 -0.9349792
v 0.5630299 -0.1388734 -0.9395614
v 0.5609641 -0.1387492 -0.9434617
v 0.5577976 -0.1385442 -0.9465315
v 0.5538399 -0.1382785 -0.9484708
v 0.5494784 -0.1379776 -0.9490891
v 0.5451405 -0.1376718 -0.9483263
v 0.5412505 -0.1373901 -0.9462571
v 0.5381893 -0.1371611 -0.943084
v 0.5362561 -0.1370064 -0.9391174
v 0.5356407 -0.1369415 -0.9347458
v 0.5364029 -0.1369726 -0.930397
v 0.5416353 -0.1373018 -0.9234269
v 0.5384687 -0.1370968 -0.926497
v 0.5455928 -0.137568 -0.9214878
v 0.5542922 -0.1381746 -0.9216323
v 0.5499539 -0.1378684 -0.9208696
v 0.5581825 -0.1384559 -0.9237013
v 0.5688537 -0.1362226 -0.9097683
v 0.5603168 -0.1332363 -0.9051518
v 0.5690179 -0.1338658 -0.9097803
v 0.5601526 -0.1355932 -0.9051399
v 0.5506136 -0.132552 -0.9034464
v 0.5504495 -0.1349089 -0.9034345
v 0.540859 -0.1318796 -0.9048293
v 0.5406948 -0.1342365 -0.9048173
v 0.5800245 -0.1370812 -0.9257379
v 0.5758651 -0.1343787 -0.9168782
v 0.5801886 -0.1347243 -0.9257495
v 0.575701 -0.1367355 -0.9168663
v 0.5796958 -0.1371566 -0.9452431
v 0.5815653 -0.1348697 -0.9355278
v 0.57986 -0.1348002 -0.945255
v 0.5814011 -0.1372265 -0.9355159
v 0.5679932 -0.13642 -0.9608331
v 0.5752399 -0.1345222 -0.9539781
v 0.5681572 -0.1340636 -0.960845
v 0.5750757 -0.1368791 -0.9539664
v 0.5493859 -0.1351529 -0.9665532
v 0.5593051 -0.1334689 -0.9651823
v 0.5495499 -0.1327965 -0.9665651
v 0.5591409 -0.1358258 -0.9651704
v 0.5396831 -0.1344686 -0.9648478
v 0.5398474 -0.1321118 -0.9648595
v 0.5241349 -0.1333263 -0.9531214
v 0.5311463 -0.1314823 -0.9602311
v 0.5242989 -0.1309699 -0.9531333
v 0.5309821 -0.1338392 -0.9602194
v 0.5198109 -0.1329806 -0.9442499
v 0.5199751 -0.1306237 -0.9442618
v 0.5201396 -0.1329051 -0.9247446
v 0.5185988 -0.1304789 -0.9344838
v 0.5203037 -0.1305483 -0.9247565
v 0.5184348 -0.1328353 -0.9344716
v 0.5247601 -0.1331827 -0.9160213
v 0.5249242 -0.1308264 -0.9160333
v 0.5320069 -0.1312849 -0.9091666
v 0.5318427 -0.1336418 -0.9091547
v 0.5595604 -0.137688 -0.9064257
v 0.5678837 -0.1382904 -0.9108531
v 0.5744336 -0.1387806 -0.9176428
v 0.5785694 -0.1391116 -0.9261291
v 0.5798861 -0.1392503 -0.9354827
v 0.5782549 -0.1391837 -0.9447873
v 0.5738353 -0.1389183 -0.9531317
v 0.5670602 -0.1384795 -0.9597003
v 0.5585927 -0.1379104 -0.9638491
v 0.5492611 -0.137267 -0.9651718
v 0.5399798 -0.1366126 -0.9635406
v 0.5316564 -0.1360102 -0.9591131
v 0.5251065 -0.1355199 -0.9523234
v 0.5209708 -0.1351889 -0.9438374
v 0.5196545 -0.1350503 -0.9344838
v 0.5212852 -0.1351169 -0.925179
v 0.5257045 -0.1353827 -0.9168348
v 0.5324795 -0.1358215 -0.9102662
v 0.5409474 -0.1363901 -0.9061172
v 0.5502788 -0.1370336 -0.9047945
v 0.5752321 -0.1378899 -0.9171321
v 0.5794908 -0.1382306 -0.9258707
v 0.5684874 -0.1373849 -0.910141
v 0.559917 -0.1367647 -0.9055817
v 0.5503595 -0.1360904 -0.9039018
v 0.5407509 -0.1354282 -0.9052639
v 0.5320314 -0.1348424 -0.9095364
v 0.5250552 -0.1343905 -0.9163001
v 0.5205038 -0.1341169 -0.9248924
v 0.5188242 -0.1340483 -0.9344735
v 0.52018 -0.1341913 -0.9441051
v 0.5244391 -0.1345321 -0.9528437
v 0.5311836 -0.1350372 -0.9598351
v 0.5397545 -0.1356569 -0.9643941
v 0.5493116 -0.1363312 -0.966074
v 0.5589204 -0.1369934 -0.9647119
v 0.5676396 -0.1375792 -0.9604394
v 0.5746164 -0.1380311 -0.9536757
v 0.579167 -0.1383046 -0.9450834
v 0.5808465 -0.1383733 -0.9355021
v 0.5450079 0.1392033 -0.7510356
v 0.5455441 0.1391673 -0.7507728
v 0.5450189 0.139206 -0.7503771
v 0.5456474 0.1391633 -0.7501839
v 0.5455573 0.1391704 -0.7499987
v 0.5450301 0.1392086 -0.7497183
v 0.5486164 0.08415338 -0.7502247
v 0.5482929 0.0841879 -0.7479275
v 0.547277 0.08426909 -0.7458435
v 0.5456686 0.08438958 -0.7441763
v 0.5454664 0.08434288 -0.7561721
v 0.5471301 0.08423509 -0.7545587
v 0.5388162 0.08480169 -0.757115
v 0.5410955 0.08464049 -0.7575155
v 0.5433874 0.0844826 -0.7571908
v 0.536772 0.08494928 -0.7560278
v 0.5443981 0.1392503 -0.7501632
v 0.5342255 0.08516869 -0.7476944
v 0.5338247 0.08518499 -0.7499794
v 0.5341482 0.08515099 -0.7522763
v 0.5413454 0.08469789 -0.7426883
v 0.5390539 0.08485618 -0.743013
v 0.5369744 0.08499558 -0.744032
v 0.5444942 0.1392445 -0.749981
v 0.5353105 0.08510329 -0.7456452
v 0.5436249 0.08453709 -0.7430891
v 0.5198419 -0.1202453 -0.7512404
v 0.5195181 -0.1202112 -0.7489432
v 0.5208571 -0.1203265 -0.7533244
v 0.5351636 0.08506979 -0.7543603
v 0.5224657 -0.120447 -0.7549917
v 0.5245099 -0.120595 -0.7560791
v 0.5267892 -0.1207558 -0.7564796
v 0.5290809 -0.1209137 -0.7561549
v 0.5311599 -0.1210534 -0.7551359
v 0.5328238 -0.1211611 -0.7535228
v 0.5339093 -0.1212262 -0.7514735
v 0.5482156 0.08417009 -0.7525095
v 0.5343099 -0.1212429 -0.7491885
v 0.5199194 -0.1202275 -0.7466584
v 0.521004 -0.120293 -0.7446092
v 0.5226679 -0.1204007 -0.7429961
v 0.5247474 -0.1205405 -0.7419773
v 0.5270391 -0.1206983 -0.7416524
v 0.5293186 -0.1208591 -0.7420532
v 0.5313621 -0.1210071 -0.7431403
v 0.5329707 -0.1211276 -0.7448076
v 0.5339866 -0.1212089 -0.7468919
v 0.544481 0.1392415 -0.7507552
v 0.5397921 -0.1389045 -0.7492126
v 0.5372438 -0.138685 -0.7408746
v 0.5391769 -0.1388396 -0.744841
v 0.5257163 -0.137923 -0.7489792
v 0.5390298 -0.1388734 -0.7535614
v 0.5369642 -0.1387492 -0.7574617
v 0.5337975 -0.1385442 -0.7605315
v 0.52984 -0.1382785 -0.7624708
v 0.5254784 -0.1379776 -0.7630891
v 0.5211406 -0.1376718 -0.7623264
v 0.5172505 -0.1373901 -0.7602571
v 0.5141892 -0.1371611 -0.757084
v 0.5122561 -0.1370064 -0.7531174
v 0.5116408 -0.1369415 -0.7487458
v 0.512403 -0.1369726 -0.744397
v 0.5176353 -0.1373018 -0.7374269
v 0.5144687 -0.1370968 -0.740497
v 0.5215929 -0.137568 -0.7354878
v 0.5302923 -0.1381746 -0.7356323
v 0.525954 -0.1378684 -0.7348696
v 0.5341825 -0.1384559 -0.7377013
v 0.5448537 -0.1362226 -0.7237684
v 0.5363169 -0.1332363 -0.7191519
v 0.545018 -0.1338658 -0.7237803
v 0.5361526 -0.1355932 -0.7191399
v 0.5266137 -0.132552 -0.7174464
v 0.5264494 -0.1349089 -0.7174345
v 0.5168591 -0.1318796 -0.7188293
v 0.5166948 -0.1342365 -0.7188174
v 0.5560246 -0.1370812 -0.7397379
v 0.5518651 -0.1343787 -0.7308782
v 0.5561886 -0.1347243 -0.7397496
v 0.5517011 -0.1367355 -0.7308663
v 0.5556958 -0.1371566 -0.7592431
v 0.5575652 -0.1348697 -0.7495278
v 0.55586 -0.1348002 -0.7592551
v 0.5574012 -0.1372265 -0.7495159
v 0.5439932 -0.13642 -0.7748331
v 0.55124 -0.1345222 -0.7679781
v 0.5441573 -0.1340636 -0.774845
v 0.5510757 -0.1368791 -0.7679664
v 0.5253859 -0.1351529 -0.7805532
v 0.535305 -0.1334689 -0.7791823
v 0.5255499 -0.1327965 -0.7805651
v 0.535141 -0.1358258 -0.7791704
v 0.5156832 -0.1344686 -0.7788478
v 0.5158474 -0.1321118 -0.7788595
v 0.5001349 -0.1333263 -0.7671214
v 0.5071464 -0.1314823 -0.7742311
v 0.500299 -0.1309699 -0.7671334
v 0.5069821 -0.1338392 -0.7742194
v 0.495811 -0.1329806 -0.7582499
v 0.495975 -0.1306237 -0.7582618
v 0.4961396 -0.1329051 -0.7387446
v 0.4945989 -0.1304789 -0.7484838
v 0.4963038 -0.1305483 -0.7387565
v 0.4944349 -0.1328353 -0.7484716
v 0.5007601 -0.1331827 -0.7300214
v 0.5009241 -0.1308264 -0.7300333
v 0.5080068 -0.1312849 -0.7231666
v 0.5078428 -0.1336418 -0.7231547
v 0.5355604 -0.137688 -0.7204257
v 0.5438838 -0.1382904 -0.7248532
v 0.5504336 -0.1387806 -0.7316428
v 0.5545695 -0.1391116 -0.7401291
v 0.555886 -0.1392503 -0.7494828
v 0.554255 -0.1391837 -0.7587873
v 0.5498352 -0.1389183 -0.7671317
v 0.5430603 -0.1384795 -0.7737004
v 0.5345926 -0.1379104 -0.7778491
v 0.5252612 -0.137267 -0.7791718
v 0.5159798 -0.1366126 -0.7775406
v 0.5076563 -0.1360102 -0.7731131
v 0.5011065 -0.1355199 -0.7663234
v 0.4969709 -0.1351889 -0.7578374
v 0.4956546 -0.1350503 -0.7484838
v 0.4972852 -0.1351169 -0.739179
v 0.5017045 -0.1353827 -0.7308348
v 0.5084796 -0.1358215 -0.7242662
v 0.5169475 -0.1363901 -0.7201172
v 0.5262787 -0.1370336 -0.7187945
v 0.5512321 -0.1378899 -0.7311321
v 0.5554907 -0.1382306 -0.7398707
v 0.5444875 -0.1373849 -0.724141
v 0.535917 -0.1367647 -0.7195817
v 0.5263596 -0.1360904 -0.7179018
v 0.5167508 -0.1354282 -0.7192639
v 0.5080314 -0.1348424 -0.7235364
v 0.5010552 -0.1343905 -0.7303001
v 0.4965039 -0.1341169 -0.7388924
v 0.4948242 -0.1340483 -0.7484735
v 0.4961801 -0.1341913 -0.7581052
v 0.5004392 -0.1345321 -0.7668437
v 0.5071836 -0.1350372 -0.7738351
v 0.5157545 -0.1356569 -0.7783941
v 0.5253117 -0.1363312 -0.780074
v 0.5349205 -0.1369934 -0.7787119
v 0.5436397 -0.1375792 -0.7744395
v 0.5506165 -0.1380311 -0.7676758
v 0.555167 -0.1383046 -0.7590834
v 0.5568466 -0.1383733 -0.7495021
v 0.350008 0.1392033 -0.6630356
v 0.3505442 0.1391673 -0.6627729
v 0.350019 0.139206 -0.6623771
v 0.3506474 0.1391633 -0.662184
v 0.3505574 0.1391704 -0.6619987
v 0.3500302 0.1392086 -0.6617184
v 0.3536164 0.08415338 -0.6622248
v 0.353293 0.0841879 -0.6599276
v 0.3522771 0.08426909 -0.6578436
v 0.3506687 0.08438958 -0.6561763
v 0.3504665 0.08434288 -0.6681721
v 0.3521301 0.08423509 -0.6665587
v 0.3438163 0.08480169 -0.6691151
v 0.3460955 0.08464049 -0.6695156
v 0.3483875 0.0844826 -0.6691909
v 0.3417721 0.08494928 -0.6680279
v 0.349398 0.1392503 -0.6621633
v 0.3392256 0.08516869 -0.6596944
v 0.3388247 0.08518499 -0.6619794
v 0.3391483 0.08515099 -0.6642764
v 0.3463453 0.08469789 -0.6546884
v 0.344054 0.08485618 -0.6550131
v 0.3419744 0.08499558 -0.6560321
v 0.3494942 0.1392445 -0.6619811
v 0.3403106 0.08510329 -0.6576452
v 0.348625 0.08453709 -0.6550891
v 0.324842 -0.1202453 -0.6632404
v 0.3245181 -0.1202112 -0.6609433
v 0.3258572 -0.1203265 -0.6653244
v 0.3401637 0.08506979 -0.6663604
v 0.3274658 -0.120447 -0.6669917
v 0.3295099 -0.120595 -0.6680791
v 0.3317892 -0.1207558 -0.6684797
v 0.334081 -0.1209137 -0.668155
v 0.33616 -0.1210534 -0.667136
v 0.3378239 -0.1211611 -0.6655228
v 0.3389094 -0.1212262 -0.6634736
v 0.3532157 0.08417009 -0.6645095
v 0.3393098 -0.1212429 -0.6611886
v 0.3249194 -0.1202275 -0.6586585
v 0.3260041 -0.120293 -0.6566093
v 0.3276679 -0.1204007 -0.6549962
v 0.3297475 -0.1205405 -0.6539774
v 0.332039 -0.1206983 -0.6536524
v 0.3343187 -0.1208591 -0.6540532
v 0.336362 -0.1210071 -0.6551404
v 0.3379708 -0.1211276 -0.6568077
v 0.3389865 -0.1212089 -0.6588919
v 0.3494811 0.1392415 -0.6627553
v 0.3447922 -0.1389045 -0.6612127
v 0.3422438 -0.138685 -0.6528747
v 0.344177 -0.1388396 -0.656841
v 0.3307163 -0.137923 -0.6609793
v 0.3440299 -0.1388734 -0.6655614
v 0.3419642 -0.1387492 -0.6694617
v 0.3387976 -0.1385442 -0.6725316
v 0.33484 -0.1382785 -0.6744709
v 0.3304785 -0.1379776 -0.6750891
v 0.3261406 -0.1376718 -0.6743264
v 0.3222505 -0.1373901 -0.6722572
v 0.3191893 -0.1371611 -0.6690841
v 0.3172561 -0.1370064 -0.6651175
v 0.3166408 -0.1369415 -0.6607459
v 0.317403 -0.1369726 -0.6563971
v 0.3226353 -0.1373018 -0.6494269
v 0.3194688 -0.1370968 -0.6524971
v 0.3265928 -0.137568 -0.6474879
v 0.3352922 -0.1381746 -0.6476324
v 0.330954 -0.1378684 -0.6468697
v 0.3391825 -0.1384559 -0.6497014
v 0.3498538 -0.1362226 -0.6357684
v 0.3413168 -0.1332363 -0.6311519
v 0.3500179 -0.1338658 -0.6357803
v 0.3411527 -0.1355932 -0.63114
v 0.3316137 -0.132552 -0.6294465
v 0.3314495 -0.1349089 -0.6294346
v 0.321859 -0.1318796 -0.6308293
v 0.3216949 -0.1342365 -0.6308174
v 0.3610245 -0.1370812 -0.6517379
v 0.3568652 -0.1343787 -0.6428783
v 0.3611887 -0.1347243 -0.6517496
v 0.356701 -0.1367355 -0.6428664
v 0.3606959 -0.1371566 -0.6712432
v 0.3625653 -0.1348697 -0.6615279
v 0.36086 -0.1348002 -0.6712551
v 0.3624012 -0.1372265 -0.661516
v 0.3489932 -0.13642 -0.6868331
v 0.3562399 -0.1345222 -0.6799781
v 0.3491572 -0.1340636 -0.6868451
v 0.3560758 -0.1368791 -0.6799664
v 0.330386 -0.1351529 -0.6925533
v 0.3403051 -0.1334689 -0.6911824
v 0.33055 -0.1327965 -0.6925652
v 0.340141 -0.1358258 -0.6911705
v 0.3206832 -0.1344686 -0.6908479
v 0.3208474 -0.1321118 -0.6908596
v 0.3051349 -0.1333263 -0.6791215
v 0.3121463 -0.1314823 -0.6862311
v 0.305299 -0.1309699 -0.6791334
v 0.3119822 -0.1338392 -0.6862195
v 0.300811 -0.1329806 -0.6702499
v 0.3009751 -0.1306237 -0.6702619
v 0.3011396 -0.1329051 -0.6507447
v 0.2995988 -0.1304789 -0.6604838
v 0.3013038 -0.1305483 -0.6507566
v 0.2994348 -0.1328353 -0.6604717
v 0.3057602 -0.1331827 -0.6420214
v 0.3059242 -0.1308264 -0.6420333
v 0.3130069 -0.1312849 -0.6351666
v 0.3128428 -0.1336418 -0.6351547
v 0.3405605 -0.137688 -0.6324258
v 0.3488838 -0.1382904 -0.6368532
v 0.3554336 -0.1387806 -0.6436429
v 0.3595695 -0.1391116 -0.6521292
v 0.3608861 -0.1392503 -0.6614828
v 0.359255 -0.1391837 -0.6707873
v 0.3548353 -0.1389183 -0.6791317
v 0.3480603 -0.1384795 -0.6857004
v 0.3395927 -0.1379104 -0.6898491
v 0.3302611 -0.137267 -0.6911719
v 0.3209799 -0.1366126 -0.6895406
v 0.3126564 -0.1360102 -0.6851132
v 0.3061066 -0.1355199 -0.6783235
v 0.3019709 -0.1351889 -0.6698375
v 0.3006546 -0.1350503 -0.6604838
v 0.3022852 -0.1351169 -0.6511791
v 0.3067046 -0.1353827 -0.6428349
v 0.3134796 -0.1358215 -0.6362662
v 0.3219475 -0.1363901 -0.6321173
v 0.3312788 -0.1370336 -0.6307945
v 0.3562322 -0.1378899 -0.6431322
v 0.3604908 -0.1382306 -0.6518707
v 0.3494875 -0.1373849 -0.6361411
v 0.340917 -0.1367647 -0.6315818
v 0.3313595 -0.1360904 -0.6299019
v 0.3217509 -0.1354282 -0.631264
v 0.3130315 -0.1348424 -0.6355364
v 0.3060552 -0.1343905 -0.6423001
v 0.3015038 -0.1341169 -0.6508925
v 0.2998243 -0.1340483 -0.6604736
v 0.30118 -0.1341913 -0.6701052
v 0.3054391 -0.1345321 -0.6788437
v 0.3121836 -0.1350372 -0.6858351
v 0.3207546 -0.1356569 -0.6903942
v 0.3303117 -0.1363312 -0.6920741
v 0.3399204 -0.1369934 -0.690712
v 0.3486396 -0.1375792 -0.6864395
v 0.3556165 -0.1380311 -0.6796758
v 0.3601671 -0.1383046 -0.6710835
v 0.3618466 -0.1383733 -0.6615021
v 0.373008 0.1392033 -0.4710355
v 0.3735442 0.1391673 -0.4707728
v 0.373019 0.139206 -0.470377
v 0.3736474 0.1391633 -0.4701839
v 0.3735574 0.1391704 -0.4699986
v 0.3730302 0.1392086 -0.4697182
v 0.3766164 0.08415338 -0.4702246
v 0.376293 0.0841879 -0.4679275
v 0.3752771 0.08426909 -0.4658435
v 0.3736687 0.08438958 -0.4641762
v 0.3734665 0.08434288 -0.476172
v 0.3751301 0.08423509 -0.4745586
v 0.3668163 0.08480169 -0.4771149
v 0.3690955 0.08464049 -0.4775155
v 0.3713875 0.0844826 -0.4771908
v 0.3647721 0.08494928 -0.4760278
v 0.372398 0.1392503 -0.4701631
v 0.3622256 0.08516869 -0.4676943
v 0.3618247 0.08518499 -0.4699793
v 0.3621483 0.08515099 -0.4722762
v 0.3693453 0.08469789 -0.4626882
v 0.367054 0.08485618 -0.463013
v 0.3649744 0.08499558 -0.464032
v 0.3724943 0.1392445 -0.469981
v 0.3633106 0.08510329 -0.4656451
v 0.371625 0.08453709 -0.463089
v 0.347842 -0.1202453 -0.4712403
v 0.3475181 -0.1202112 -0.4689431
v 0.3488572 -0.1203265 -0.4733243
v 0.3631637 0.08506979 -0.4743603
v 0.3504658 -0.120447 -0.4749916
v 0.3525099 -0.120595 -0.476079
v 0.3547892 -0.1207558 -0.4764796
v 0.357081 -0.1209137 -0.4761548
v 0.35916 -0.1210534 -0.4751358
v 0.3608239 -0.1211611 -0.4735227
v 0.3619094 -0.1212262 -0.4714735
v 0.3762157 0.08417009 -0.4725094
v 0.3623098 -0.1212429 -0.4691885
v 0.3479194 -0.1202275 -0.4666584
v 0.3490041 -0.120293 -0.4646092
v 0.3506679 -0.1204007 -0.462996
v 0.3527475 -0.1205405 -0.4619773
v 0.355039 -0.1206983 -0.4616523
v 0.3573187 -0.1208591 -0.4620531
v 0.359362 -0.1210071 -0.4631403
v 0.3609708 -0.1211276 -0.4648075
v 0.3619865 -0.1212089 -0.4668918
v 0.3724811 0.1392415 -0.4707551
v 0.3677922 -0.1389045 -0.4692126
v 0.3652438 -0.138685 -0.4608746
v 0.367177 -0.1388396 -0.4648409
v 0.3537163 -0.137923 -0.4689792
v 0.3670299 -0.1388734 -0.4735613
v 0.3649642 -0.1387492 -0.4774616
v 0.3617976 -0.1385442 -0.4805315
v 0.35784 -0.1382785 -0.4824708
v 0.3534785 -0.1379776 -0.483089
v 0.3491406 -0.1376718 -0.4823263
v 0.3452505 -0.1373901 -0.4802571
v 0.3421893 -0.1371611 -0.477084
v 0.3402561 -0.1370064 -0.4731174
v 0.3396408 -0.1369415 -0.4687457
v 0.340403 -0.1369726 -0.464397
v 0.3456353 -0.1373018 -0.4574268
v 0.3424688 -0.1370968 -0.4604969
v 0.3495928 -0.137568 -0.4554878
v 0.3582923 -0.1381746 -0.4556322
v 0.353954 -0.1378684 -0.4548695
v 0.3621825 -0.1384559 -0.4577012
v 0.3728538 -0.1362226 -0.4437683
v 0.3643169 -0.1332363 -0.4391518
v 0.3730179 -0.1338658 -0.4437802
v 0.3641527 -0.1355932 -0.4391399
v 0.3546137 -0.132552 -0.4374464
v 0.3544495 -0.1349089 -0.4374345
v 0.344859 -0.1318796 -0.4388292
v 0.3446949 -0.1342365 -0.4388173
v 0.3840245 -0.1370812 -0.4597378
v 0.3798652 -0.1343787 -0.4508782
v 0.3841887 -0.1347243 -0.4597495
v 0.379701 -0.1367355 -0.4508663
v 0.3836959 -0.1371566 -0.4792431
v 0.3855653 -0.1348697 -0.4695278
v 0.38386 -0.1348002 -0.479255
v 0.3854012 -0.1372265 -0.4695158
v 0.3719932 -0.13642 -0.494833
v 0.3792399 -0.1345222 -0.487978
v 0.3721572 -0.1340636 -0.4948449
v 0.3790758 -0.1368791 -0.4879663
v 0.353386 -0.1351529 -0.5005531
v 0.3633051 -0.1334689 -0.4991823
v 0.35355 -0.1327965 -0.5005651
v 0.363141 -0.1358258 -0.4991703
v 0.3436832 -0.1344686 -0.4988478
v 0.3438474 -0.1321118 -0.4988594
v 0.3281349 -0.1333263 -0.4871214
v 0.3351463 -0.1314823 -0.494231
v 0.328299 -0.1309699 -0.4871333
v 0.3349822 -0.1338392 -0.4942193
v 0.323811 -0.1329806 -0.4782498
v 0.3239751 -0.1306237 -0.4782617
v 0.3241396 -0.1329051 -0.4587446
v 0.3225988 -0.1304789 -0.4684837
v 0.3243038 -0.1305483 -0.4587565
v 0.3224348 -0.1328353 -0.4684716
v 0.3287602 -0.1331827 -0.4500213
v 0.3289242 -0.1308264 -0.4500332
v 0.3360069 -0.1312849 -0.4431665
v 0.3358428 -0.1336418 -0.4431546
v 0.3635605 -0.137688 -0.4404257
v 0.3718838 -0.1382904 -0.4448531
v 0.3784336 -0.1387806 -0.4516428
v 0.3825695 -0.1391116 -0.4601291
v 0.3838861 -0.1392503 -0.4694827
v 0.382255 -0.1391837 -0.4787872
v 0.3778353 -0.1389183 -0.4871316
v 0.3710603 -0.1384795 -0.4937003
v 0.3625927 -0.1379104 -0.497849
v 0.3532611 -0.137267 -0.4991718
v 0.3439799 -0.1366126 -0.4975405
v 0.3356564 -0.1360102 -0.4931131
v 0.3291066 -0.1355199 -0.4863234
v 0.3249709 -0.1351889 -0.4778374
v 0.3236546 -0.1350503 -0.4684837
v 0.3252852 -0.1351169 -0.459179
v 0.3297046 -0.1353827 -0.4508348
v 0.3364796 -0.1358215 -0.4442661
v 0.3449475 -0.1363901 -0.4401172
v 0.3542788 -0.1370336 -0.4387944
v 0.3792322 -0.1378899 -0.4511321
v 0.3834908 -0.1382306 -0.4598706
v 0.3724875 -0.1373849 -0.4441409
v 0.363917 -0.1367647 -0.4395817
v 0.3543595 -0.1360904 -0.4379018
v 0.3447509 -0.1354282 -0.4392639
v 0.3360315 -0.1348424 -0.4435363
v 0.3290552 -0.1343905 -0.4503
v 0.3245038 -0.1341169 -0.4588924
v 0.3228243 -0.1340483 -0.4684735
v 0.32418 -0.1341913 -0.4781051
v 0.3284391 -0.1345321 -0.4868436
v 0.3351837 -0.1350372 -0.493835
v 0.3437546 -0.1356569 -0.498394
v 0.3533117 -0.1363312 -0.5000739
v 0.3629204 -0.1369934 -0.4987119
v 0.3716396 -0.1375792 -0.4944394
v 0.3786165 -0.1380311 -0.4876757
v 0.3831671 -0.1383046 -0.4790833
v 0.3848466 -0.1383733 -0.469502
v 0.1640081 0.1392033 -0.4170356
v 0.1645443 0.1391673 -0.4167729
v 0.164019 0.139206 -0.4163771
v 0.1646474 0.1391633 -0.416184
v 0.1645574 0.1391704 -0.4159987
v 0.1640302 0.1392086 -0.4157183
v 0.1676164 0.08415338 -0.4162247
v 0.167293 0.0841879 -0.4139276
v 0.1662771 0.08426909 -0.4118436
v 0.1646687 0.08438958 -0.4101763
v 0.1644665 0.08434288 -0.4221721
v 0.1661301 0.08423509 -0.4205587
v 0.1578163 0.08480169 -0.423115
v 0.1600955 0.08464049 -0.4235156
v 0.1623875 0.0844826 -0.4231909
v 0.1557721 0.08494928 -0.4220279
v 0.1633981 0.1392503 -0.4161632
v 0.1532256 0.08516869 -0.4136944
v 0.1528247 0.08518499 -0.4159794
v 0.1531483 0.08515099 -0.4182763
v 0.1603453 0.08469789 -0.4086883
v 0.158054 0.08485618 -0.4090131
v 0.1559744 0.08499558 -0.4100321
v 0.1634943 0.1392445 -0.4159811
v 0.1543106 0.08510329 -0.4116452
v 0.162625 0.08453709 -0.4090891
v 0.138842 -0.1202453 -0.4172404
v 0.1385181 -0.1202112 -0.4149432
v 0.1398572 -0.1203265 -0.4193244
v 0.1541637 0.08506979 -0.4203604
v 0.1414658 -0.120447 -0.4209917
v 0.1435099 -0.120595 -0.4220791
v 0.1457892 -0.1207558 -0.4224797
v 0.148081 -0.1209137 -0.4221549
v 0.15016 -0.1210534 -0.4211359
v 0.1518239 -0.1211611 -0.4195228
v 0.1529094 -0.1212262 -0.4174736
v 0.1672157 0.08417009 -0.4185095
v 0.1533099 -0.1212429 -0.4151886
v 0.1389194 -0.1202275 -0.4126585
v 0.1400041 -0.120293 -0.4106093
v 0.1416679 -0.1204007 -0.4089961
v 0.1437475 -0.1205405 -0.4079774
v 0.146039 -0.1206983 -0.4076524
v 0.1483187 -0.1208591 -0.4080532
v 0.150362 -0.1210071 -0.4091404
v 0.1519708 -0.1211276 -0.4108076
v 0.1529866 -0.1212089 -0.4128919
v 0.1634811 0.1392415 -0.4167552
v 0.1587922 -0.1389045 -0.4152127
v 0.1562438 -0.138685 -0.4068747
v 0.158177 -0.1388396 -0.410841
v 0.1447163 -0.137923 -0.4149792
v 0.1580299 -0.1388734 -0.4195614
v 0.1559642 -0.1387492 -0.4234617
v 0.1527976 -0.1385442 -0.4265316
v 0.14884 -0.1382785 -0.4284709
v 0.1444785 -0.1379776 -0.4290891
v 0.1401406 -0.1376718 -0.4283264
v 0.1362505 -0.1373901 -0.4262572
v 0.1331894 -0.1371611 -0.4230841
v 0.1312561 -0.1370064 -0.4191175
v 0.1306408 -0.1369415 -0.4147458
v 0.131403 -0.1369726 -0.4103971
v 0.1366353 -0.1373018 -0.4034269
v 0.1334688 -0.1370968 -0.406497
v 0.1405928 -0.137568 -0.4014879
v 0.1492923 -0.1381746 -0.4016323
v 0.144954 -0.1378684 -0.4008696
v 0.1531825 -0.1384559 -0.4037013
v 0.1638538 -0.1362226 -0.3897684
v 0.1553169 -0.1332363 -0.3851519
v 0.1640179 -0.1338658 -0.3897803
v 0.1551527 -0.1355932 -0.38514
v 0.1456137 -0.132552 -0.3834465
v 0.1454495 -0.1349089 -0.3834346
v 0.135859 -0.1318796 -0.3848293
v 0.1356949 -0.1342365 -0.3848174
v 0.1750245 -0.1370812 -0.4057379
v 0.1708652 -0.1343787 -0.3968783
v 0.1751887 -0.1347243 -0.4057496
v 0.1707011 -0.1367355 -0.3968664
v 0.1746959 -0.1371566 -0.4252432
v 0.1765653 -0.1348697 -0.4155279
v 0.17486 -0.1348002 -0.4252551
v 0.1764012 -0.1372265 -0.4155159
v 0.1629932 -0.13642 -0.4408331
v 0.17024 -0.1345222 -0.4339781
v 0.1631573 -0.1340636 -0.440845
v 0.1700758 -0.1368791 -0.4339664
v 0.144386 -0.1351529 -0.4465533
v 0.1543051 -0.1334689 -0.4451824
v 0.14455 -0.1327965 -0.4465652
v 0.154141 -0.1358258 -0.4451704
v 0.1346832 -0.1344686 -0.4448479
v 0.1348474 -0.1321118 -0.4448595
v 0.1191349 -0.1333263 -0.4331215
v 0.1261463 -0.1314823 -0.4402311
v 0.119299 -0.1309699 -0.4331334
v 0.1259822 -0.1338392 -0.4402194
v 0.114811 -0.1329806 -0.4242499
v 0.1149751 -0.1306237 -0.4242618
v 0.1151396 -0.1329051 -0.4047447
v 0.1135989 -0.1304789 -0.4144838
v 0.1153038 -0.1305483 -0.4047566
v 0.1134348 -0.1328353 -0.4144717
v 0.1197602 -0.1331827 -0.3960214
v 0.1199242 -0.1308264 -0.3960333
v 0.1270069 -0.1312849 -0.3891666
v 0.1268428 -0.1336418 -0.3891547
v 0.1545605 -0.137688 -0.3864258
v 0.1628838 -0.1382904 -0.3908532
v 0.1694336 -0.1387806 -0.3976429
v 0.1735695 -0.1391116 -0.4061292
v 0.1748861 -0.1392503 -0.4154828
v 0.173255 -0.1391837 -0.4247873
v 0.1688353 -0.1389183 -0.4331317
v 0.1620603 -0.1384795 -0.4397004
v 0.1535927 -0.1379104 -0.4438491
v 0.1442612 -0.137267 -0.4451719
v 0.1349799 -0.1366126 -0.4435406
v 0.1266564 -0.1360102 -0.4391132
v 0.1201066 -0.1355199 -0.4323235
v 0.1159709 -0.1351889 -0.4238375
v 0.1146546 -0.1350503 -0.4144838
v 0.1162852 -0.1351169 -0.4051791
v 0.1207046 -0.1353827 -0.3968349
v 0.1274796 -0.1358215 -0.3902662
v 0.1359475 -0.1363901 -0.3861172
v 0.1452788 -0.1370336 -0.3847945
v 0.1702322 -0.1378899 -0.3971322
v 0.1744908 -0.1382306 -0.4058707
v 0.1634875 -0.1373849 -0.390141
v 0.154917 -0.1367647 -0.3855818
v 0.1453595 -0.1360904 -0.3839019
v 0.1357509 -0.1354282 -0.3852639
v 0.1270315 -0.1348424 -0.3895364
v 0.1200552 -0.1343905 -0.3963001
v 0.1155038 -0.1341169 -0.4048925
v 0.1138243 -0.1340483 -0.4144736
v 0.11518 -0.1341913 -0.4241052
v 0.1194392 -0.1345321 -0.4328437
v 0.1261837 -0.1350372 -0.4398351
v 0.1347546 -0.1356569 -0.4443941
v 0.1443117 -0.1363312 -0.446074
v 0.1539204 -0.1369934 -0.444712
v 0.1626396 -0.1375792 -0.4404395
v 0.1696165 -0.1380311 -0.4336758
v 0.1741671 -0.1383046 -0.4250834
v 0.1758466 -0.1383733 -0.4155021
v 0.2210081 0.1392033 -0.3230355
v 0.2215443 0.1391673 -0.3227728
v 0.2210191 0.139206 -0.322377
v 0.2216473 0.1391633 -0.3221839
v 0.2215574 0.1391704 -0.3219986
v 0.2210303 0.1392086 -0.3217182
v 0.2246163 0.08415338 -0.3222246
v 0.224293 0.0841879 -0.3199275
v 0.2232771 0.08426909 -0.3178435
v 0.2216688 0.08438958 -0.3161762
v 0.2214666 0.08434288 -0.328172
v 0.22313 0.08423509 -0.3265586
v 0.2148164 0.08480169 -0.3291149
v 0.2170954 0.08464049 -0.3295155
v 0.2193876 0.0844826 -0.3291908
v 0.2127722 0.08494928 -0.3280278
v 0.220398 0.1392503 -0.3221631
v 0.2102256 0.08516869 -0.3196943
v 0.2098246 0.08518499 -0.3219793
v 0.2101484 0.08515099 -0.3242762
v 0.2173453 0.08469789 -0.3146882
v 0.2150541 0.08485618 -0.315013
v 0.2129743 0.08499558 -0.316032
v 0.2204943 0.1392445 -0.321981
v 0.2113107 0.08510329 -0.3176451
v 0.219625 0.08453709 -0.315089
v 0.1958421 -0.1202453 -0.3232403
v 0.195518 -0.1202112 -0.3209431
v 0.1968572 -0.1203265 -0.3253243
v 0.2111638 0.08506979 -0.3263603
v 0.1984659 -0.120447 -0.3269916
v 0.2005098 -0.120595 -0.328079
v 0.2027891 -0.1207558 -0.3284796
v 0.205081 -0.1209137 -0.3281548
v 0.20716 -0.1210534 -0.3271358
v 0.2088239 -0.1211611 -0.3255227
v 0.2099095 -0.1212262 -0.3234735
v 0.2242158 0.08417009 -0.3245094
v 0.2103098 -0.1212429 -0.3211885
v 0.1959193 -0.1202275 -0.3186584
v 0.1970041 -0.120293 -0.3166092
v 0.1986678 -0.1204007 -0.314996
v 0.2007475 -0.1205405 -0.3139773
v 0.203039 -0.1206983 -0.3136523
v 0.2053187 -0.1208591 -0.3140531
v 0.207362 -0.1210071 -0.3151403
v 0.2089708 -0.1211276 -0.3168075
v 0.2099865 -0.1212089 -0.3188918
v 0.2204812 0.1392415 -0.3227551
v 0.2157922 -0.1389045 -0.3212126
v 0.2132438 -0.138685 -0.3128746
v 0.2151771 -0.1388396 -0.3168409
v 0.2017162 -0.137923 -0.3209791
v 0.21503 -0.1388734 -0.3255613
v 0.2129641 -0.1387492 -0.3294616
v 0.2097977 -0.1385442 -0.3325315
v 0.2058399 -0.1382785 -0.3344708
v 0.2014785 -0.1379776 -0.335089
v 0.1971405 -0.1376718 -0.3343263
v 0.1932504 -0.1373901 -0.3322571
v 0.1901894 -0.1371611 -0.3290839
v 0.1882561 -0.1370064 -0.3251174
v 0.1876407 -0.1369415 -0.3207457
v 0.1884029 -0.1369726 -0.316397
v 0.1936353 -0.1373018 -0.3094268
v 0.1904688 -0.1370968 -0.3124969
v 0.1975928 -0.137568 -0.3074878
v 0.2062922 -0.1381746 -0.3076322
v 0.2019539 -0.1378684 -0.3068695
v 0.2101825 -0.1384559 -0.3097012
v 0.2208538 -0.1362226 -0.2957683
v 0.2123168 -0.1332363 -0.2911518
v 0.2210179 -0.1338658 -0.2957802
v 0.2121527 -0.1355932 -0.2911399
v 0.2026136 -0.132552 -0.2894464
v 0.2024496 -0.1349089 -0.2894345
v 0.192859 -0.1318796 -0.2908292
v 0.1926949 -0.1342365 -0.2908173
v 0.2320245 -0.1370812 -0.3117378
v 0.2278652 -0.1343787 -0.3028782
v 0.2321887 -0.1347243 -0.3117495
v 0.227701 -0.1367355 -0.3028663
v 0.2316959 -0.1371566 -0.3312431
v 0.2335654 -0.1348697 -0.3215277
v 0.23186 -0.1348002 -0.331255
v 0.2334011 -0.1372265 -0.3215158
v 0.2199931 -0.13642 -0.346833
v 0.2272399 -0.1345222 -0.339978
v 0.2201572 -0.1340636 -0.3468449
v 0.2270758 -0.1368791 -0.3399663
v 0.201386 -0.1351529 -0.3525532
v 0.2113052 -0.1334689 -0.3511823
v 0.20155 -0.1327965 -0.3525651
v 0.2111409 -0.1358258 -0.3511703
v 0.1916831 -0.1344686 -0.3508478
v 0.1918474 -0.1321118 -0.3508594
v 0.1761349 -0.1333263 -0.3391214
v 0.1831463 -0.1314823 -0.346231
v 0.1762989 -0.1309699 -0.3391333
v 0.1829822 -0.1338392 -0.3462193
v 0.1718109 -0.1329806 -0.3302498
v 0.1719752 -0.1306237 -0.3302617
v 0.1721397 -0.1329051 -0.3107446
v 0.1705988 -0.1304789 -0.3204837
v 0.1723037 -0.1305483 -0.3107565
v 0.1704347 -0.1328353 -0.3204716
v 0.1767602 -0.1331827 -0.3020213
v 0.1769243 -0.1308264 -0.3020332
v 0.184007 -0.1312849 -0.2951665
v 0.1838427 -0.1336418 -0.2951546
v 0.2115605 -0.137688 -0.2924257
v 0.2198837 -0.1382904 -0.2968531
v 0.2264335 -0.1387806 -0.3036428
v 0.2305694 -0.1391116 -0.3121291
v 0.2318862 -0.1392503 -0.3214827
v 0.2302549 -0.1391837 -0.3307872
v 0.2258354 -0.1389183 -0.3391316
v 0.2190602 -0.1384795 -0.3457003
v 0.2105928 -0.1379104 -0.349849
v 0.2012611 -0.137267 -0.3511718
v 0.1919799 -0.1366126 -0.3495405
v 0.1836565 -0.1360102 -0.3451131
v 0.1771066 -0.1355199 -0.3383234
v 0.1729708 -0.1351889 -0.3298374
v 0.1716545 -0.1350503 -0.3204837
v 0.1732853 -0.1351169 -0.311179
v 0.1777046 -0.1353827 -0.3028348
v 0.1844795 -0.1358215 -0.2962661
v 0.1929474 -0.1363901 -0.2921171
v 0.2022789 -0.1370336 -0.2907944
v 0.2272322 -0.1378899 -0.3031321
v 0.2314909 -0.1382306 -0.3118706
v 0.2204874 -0.1373849 -0.2961409
v 0.211917 -0.1367647 -0.2915817
v 0.2023595 -0.1360904 -0.2899018
v 0.192751 -0.1354282 -0.2912638
v 0.1840315 -0.1348424 -0.2955363
v 0.1770552 -0.1343905 -0.3023
v 0.1725037 -0.1341169 -0.3108924
v 0.1708243 -0.1340483 -0.3204735
v 0.17218 -0.1341913 -0.3301051
v 0.1764391 -0.1345321 -0.3388436
v 0.1831837 -0.1350372 -0.345835
v 0.1917546 -0.1356569 -0.350394
v 0.2013116 -0.1363312 -0.3520739
v 0.2109204 -0.1369934 -0.3507119
v 0.2196396 -0.1375792 -0.3464394
v 0.2266164 -0.1380311 -0.3396757
v 0.2311671 -0.1383046 -0.3310833
v 0.2328465 -0.1383733 -0.321502
v 0.9740081 0.1392033 -0.1130357
v 0.9745443 0.1391673 -0.112773
v 0.9740191 0.139206 -0.1123772
v 0.9746473 0.1391633 -0.1121841
v 0.9745574 0.1391704 -0.1119988
v 0.9740303 0.1392086 -0.1117184
v 0.9776163 0.08415338 -0.1122248
v 0.977293 0.0841879 -0.1099277
v 0.9762771 0.08426909 -0.1078437
v 0.9746687 0.08438958 -0.1061764
v 0.9744666 0.08434288 -0.1181722
v 0.97613 0.08423509 -0.1165588
v 0.9678164 0.08480169 -0.1191151
v 0.9700954 0.08464049 -0.1195157
v 0.9723876 0.0844826 -0.119191
v 0.9657722 0.08494928 -0.118028
v 0.973398 0.1392503 -0.1121633
v 0.9632256 0.08516869 -0.1096945
v 0.9628246 0.08518499 -0.1119795
v 0.9631484 0.08515099 -0.1142764
v 0.9703453 0.08469789 -0.1046884
v 0.9680541 0.08485618 -0.1050132
v 0.9659743 0.08499558 -0.1060322
v 0.9734943 0.1392445 -0.1119812
v 0.9643106 0.08510329 -0.1076453
v 0.972625 0.08453709 -0.1050892
v 0.948842 -0.1202453 -0.1132405
v 0.948518 -0.1202112 -0.1109433
v 0.9498572 -0.1203265 -0.1153245
v 0.9641638 0.08506979 -0.1163605
v 0.9514658 -0.120447 -0.1169918
v 0.9535098 -0.120595 -0.1180792
v 0.9557891 -0.1207558 -0.1184798
v 0.958081 -0.1209137 -0.118155
v 0.96016 -0.1210534 -0.117136
v 0.9618239 -0.1211611 -0.1155229
v 0.9629095 -0.1212262 -0.1134737
v 0.9772158 0.08417009 -0.1145096
v 0.9633098 -0.1212429 -0.1111887
v 0.9489193 -0.1202275 -0.1086586
v 0.9500041 -0.120293 -0.1066094
v 0.9516678 -0.1204007 -0.1049962
v 0.9537475 -0.1205405 -0.1039775
v 0.956039 -0.1206983 -0.1036525
v 0.9583187 -0.1208591 -0.1040533
v 0.960362 -0.1210071 -0.1051405
v 0.9619708 -0.1211276 -0.1068077
v 0.9629865 -0.1212089 -0.108892
v 0.9734812 0.1392415 -0.1127553
v 0.9687922 -0.1389045 -0.1112128
v 0.9662437 -0.138685 -0.1028748
v 0.9681771 -0.1388396 -0.1068411
v 0.9547162 -0.137923 -0.1109793
v 0.96803 -0.1388734 -0.1155615
v 0.9659641 -0.1387492 -0.1194618
v 0.9627976 -0.1385442 -0.1225317
v 0.9588399 -0.1382785 -0.124471
v 0.9544785 -0.1379776 -0.1250892
v 0.9501405 -0.1376718 -0.1243265
v 0.9462504 -0.1373901 -0.1222573
v 0.9431894 -0.1371611 -0.1190841
v 0.941256 -0.1370064 -0.1151176
v 0.9406407 -0.1369415 -0.1107459
v 0.9414029 -0.1369726 -0.1063972
v 0.9466352 -0.1373018 -0.09942701
v 0.9434688 -0.1370968 -0.1024971
v 0.9505928 -0.137568 -0.09748796
v 0.9592922 -0.1381746 -0.09763244
v 0.9549539 -0.1378684 -0.09686974
v 0.9631824 -0.1384559 -0.09970143
v 0.9738538 -0.1362226 -0.08576849
v 0.9653168 -0.1332363 -0.08115199
v 0.9740179 -0.1338658 -0.08578041
v 0.9651527 -0.1355932 -0.08114007
v 0.9556136 -0.132552 -0.07944658
v 0.9554496 -0.1349089 -0.07943466
v 0.945859 -0.1318796 -0.08082941
v 0.9456949 -0.1342365 -0.08081749
v 0.9850245 -0.1370812 -0.101738
v 0.9808652 -0.1343787 -0.09287837
v 0.9851887 -0.1347243 -0.1017497
v 0.980701 -0.1367355 -0.09286645
v 0.9846959 -0.1371566 -0.1212433
v 0.9865654 -0.1348697 -0.1115279
v 0.9848599 -0.1348002 -0.1212552
v 0.9864011 -0.1372265 -0.111516
v 0.9729931 -0.13642 -0.1368332
v 0.9802399 -0.1345222 -0.1299782
v 0.9731572 -0.1340636 -0.1368451
v 0.9800758 -0.1368791 -0.1299665
v 0.954386 -0.1351529 -0.1425534
v 0.9643052 -0.1334689 -0.1411825
v 0.95455 -0.1327965 -0.1425653
v 0.9641409 -0.1358258 -0.1411705
v 0.9446831 -0.1344686 -0.140848
v 0.9448473 -0.1321118 -0.1408596
v 0.9291348 -0.1333263 -0.1291216
v 0.9361463 -0.1314823 -0.1362312
v 0.9292989 -0.1309699 -0.1291335
v 0.9359822 -0.1338392 -0.1362195
v 0.9248109 -0.1329806 -0.12025
v 0.9249752 -0.1306237 -0.1202619
v 0.9251397 -0.1329051 -0.1007448
v 0.9235988 -0.1304789 -0.1104839
v 0.9253037 -0.1305483 -0.1007567
v 0.9234347 -0.1328353 -0.1104718
v 0.9297602 -0.1331827 -0.0920215
v 0.9299242 -0.1308264 -0.09203342
v 0.937007 -0.1312849 -0.08516672
v 0.9368427 -0.1336418 -0.0851548
v 0.9645605 -0.137688 -0.08242586
v 0.9728837 -0.1382904 -0.0868533
v 0.9794335 -0.1387806 -0.09364298
v 0.9835694 -0.1391116 -0.1021293
v 0.9848862 -0.1392503 -0.1114829
v 0.9832549 -0.1391837 -0.1207874
v 0.9788353 -0.1389183 -0.1291318
v 0.9720602 -0.1384795 -0.1357005
v 0.9635928 -0.1379104 -0.1398492
v 0.9542611 -0.137267 -0.141172
v 0.9449799 -0.1366126 -0.1395407
v 0.9366565 -0.1360102 -0.1351133
v 0.9301066 -0.1355199 -0.1283236
v 0.9259708 -0.1351889 -0.1198376
v 0.9246545 -0.1350503 -0.1104839
v 0.9262853 -0.1351169 -0.1011792
v 0.9307046 -0.1353827 -0.09283498
v 0.9374795 -0.1358215 -0.08626631
v 0.9459474 -0.1363901 -0.08211735
v 0.9552789 -0.1370336 -0.0807946
v 0.9802322 -0.1378899 -0.09313229
v 0.9844909 -0.1382306 -0.1018708
v 0.9734874 -0.1373849 -0.08614114
v 0.9649169 -0.1367647 -0.08158186
v 0.9553595 -0.1360904 -0.07990196
v 0.945751 -0.1354282 -0.08126405
v 0.9370315 -0.1348424 -0.08553651
v 0.9300551 -0.1343905 -0.09230021
v 0.9255037 -0.1341169 -0.1008926
v 0.9238243 -0.1340483 -0.1104737
v 0.92518 -0.1341913 -0.1201053
v 0.9294391 -0.1345321 -0.1288438
v 0.9361837 -0.1350372 -0.1358352
v 0.9447546 -0.1356569 -0.1403942
v 0.9543116 -0.1363312 -0.1420741
v 0.9639204 -0.1369934 -0.1407121
v 0.9726396 -0.1375792 -0.1364396
v 0.9796164 -0.1380311 -0.1296759
v 0.9841671 -0.1383046 -0.1210835
v 0.9858465 -0.1383733 -0.1115022
v 0.9740081 0.1392033 -0.2480357
v 0.9745443 0.1391673 -0.247773
v 0.9740191 0.139206 -0.2473772
v 0.9746473 0.1391633 -0.2471841
v 0.9745574 0.1391704 -0.2469988
v 0.9740303 0.1392086 -0.2467184
v 0.9776163 0.08415338 -0.2472248
v 0.977293 0.0841879 -0.2449277
v 0.9762771 0.08426909 -0.2428437
v 0.9746687 0.08438958 -0.2411764
v 0.9744666 0.08434288 -0.2531722
v 0.97613 0.08423509 -0.2515588
v 0.9678164 0.08480169 -0.2541151
v 0.9700954 0.08464049 -0.2545157
v 0.9723876 0.0844826 -0.254191
v 0.9657722 0.08494928 -0.2530279
v 0.973398 0.1392503 -0.2471633
v 0.9632256 0.08516869 -0.2446945
v 0.9628246 0.08518499 -0.2469795
v 0.9631484 0.08515099 -0.2492764
v 0.9703453 0.08469789 -0.2396884
v 0.9680541 0.08485618 -0.2400132
v 0.9659743 0.08499558 -0.2410322
v 0.9734943 0.1392445 -0.2469812
v 0.9643106 0.08510329 -0.2426453
v 0.972625 0.08453709 -0.2400892
v 0.948842 -0.1202453 -0.2482405
v 0.948518 -0.1202112 -0.2459433
v 0.9498572 -0.1203265 -0.2503245
v 0.9641638 0.08506979 -0.2513604
v 0.9514658 -0.120447 -0.2519918
v 0.9535098 -0.120595 -0.2530792
v 0.9557891 -0.1207558 -0.2534797
v 0.958081 -0.1209137 -0.253155
v 0.96016 -0.1210534 -0.252136
v 0.9618239 -0.1211611 -0.2505229
v 0.9629095 -0.1212262 -0.2484737
v 0.9772158 0.08417009 -0.2495096
v 0.9633098 -0.1212429 -0.2461887
v 0.9489193 -0.1202275 -0.2436586
v 0.9500041 -0.120293 -0.2416094
v 0.9516678 -0.1204007 -0.2399962
v 0.9537475 -0.1205405 -0.2389775
v 0.956039 -0.1206983 -0.2386525
v 0.9583187 -0.1208591 -0.2390533
v 0.960362 -0.1210071 -0.2401405
v 0.9619708 -0.1211276 -0.2418077
v 0.9629865 -0.1212089 -0.243892
v 0.9734812 0.1392415 -0.2477553
v 0.9687922 -0.1389045 -0.2462128
v 0.9662437 -0.138685 -0.2378748
v 0.9681771 -0.1388396 -0.2418411
v 0.9547162 -0.137923 -0.2459793
v 0.96803 -0.1388734 -0.2505615
v 0.9659641 -0.1387492 -0.2544618
v 0.9627976 -0.1385442 -0.2575317
v 0.9588399 -0.1382785 -0.259471
v 0.9544785 -0.1379776 -0.2600892
v 0.9501405 -0.1376718 -0.2593265
v 0.9462504 -0.1373901 -0.2572573
v 0.9431894 -0.1371611 -0.2540841
v 0.941256 -0.1370064 -0.2501176
v 0.9406407 -0.1369415 -0.2457459
v 0.9414029 -0.1369726 -0.2413972
v 0.9466352 -0.1373018 -0.234427
v 0.9434688 -0.1370968 -0.2374971
v 0.9505928 -0.137568 -0.2324879
v 0.9592922 -0.1381746 -0.2326324
v 0.9549539 -0.1378684 -0.2318697
v 0.9631824 -0.1384559 -0.2347014
v 0.9738538 -0.1362226 -0.2207685
v 0.9653168 -0.1332363 -0.216152
v 0.9740179 -0.1338658 -0.2207804
v 0.9651527 -0.1355932 -0.2161401
v 0.9556136 -0.132552 -0.2144466
v 0.9554496 -0.1349089 -0.2144347
v 0.945859 -0.1318796 -0.2158294
v 0.9456949 -0.1342365 -0.2158175
v 0.9850245 -0.1370812 -0.236738
v 0.9808652 -0.1343787 -0.2278784
v 0.9851887 -0.1347243 -0.2367497
v 0.980701 -0.1367355 -0.2278664
v 0.9846959 -0.1371566 -0.2562433
v 0.9865654 -0.1348697 -0.2465279
v 0.9848599 -0.1348002 -0.2562552
v 0.9864011 -0.1372265 -0.246516
v 0.9729931 -0.13642 -0.2718332
v 0.9802399 -0.1345222 -0.2649782
v 0.9731572 -0.1340636 -0.2718451
v 0.9800758 -0.1368791 -0.2649665
v 0.954386 -0.1351529 -0.2775533
v 0.9643052 -0.1334689 -0.2761824
v 0.95455 -0.1327965 -0.2775653
v 0.9641409 -0.1358258 -0.2761705
v 0.9446831 -0.1344686 -0.2758479
v 0.9448473 -0.1321118 -0.2758596
v 0.9291348 -0.1333263 -0.2641216
v 0.9361463 -0.1314823 -0.2712312
v 0.9292989 -0.1309699 -0.2641335
v 0.9359822 -0.1338392 -0.2712195
v 0.9248109 -0.1329806 -0.25525
v 0.9249752 -0.1306237 -0.2552619
v 0.9251397 -0.1329051 -0.2357447
v 0.9235988 -0.1304789 -0.2454839
v 0.9253037 -0.1305483 -0.2357567
v 0.9234347 -0.1328353 -0.2454717
v 0.9297602 -0.1331827 -0.2270215
v 0.9299242 -0.1308264 -0.2270334
v 0.937007 -0.1312849 -0.2201667
v 0.9368427 -0.1336418 -0.2201548
v 0.9645605 -0.137688 -0.2174259
v 0.9728837 -0.1382904 -0.2218533
v 0.9794335 -0.1387806 -0.228643
v 0.9835694 -0.1391116 -0.2371292
v 0.9848862 -0.1392503 -0.2464829
v 0.9832549 -0.1391837 -0.2557874
v 0.9788353 -0.1389183 -0.2641318
v 0.9720602 -0.1384795 -0.2707005
v 0.9635928 -0.1379104 -0.2748492
v 0.9542611 -0.137267 -0.276172
v 0.9449799 -0.1366126 -0.2745407
v 0.9366565 -0.1360102 -0.2701133
v 0.9301066 -0.1355199 -0.2633236
v 0.9259708 -0.1351889 -0.2548375
v 0.9246545 -0.1350503 -0.2454839
v 0.9262853 -0.1351169 -0.2361791
v 0.9307046 -0.1353827 -0.227835
v 0.9374795 -0.1358215 -0.2212663
v 0.9459474 -0.1363901 -0.2171173
v 0.9552789 -0.1370336 -0.2157946
v 0.9802322 -0.1378899 -0.2281323
v 0.9844909 -0.1382306 -0.2368708
v 0.9734874 -0.1373849 -0.2211411
v 0.9649169 -0.1367647 -0.2165819
v 0.9553595 -0.1360904 -0.214902
v 0.945751 -0.1354282 -0.216264
v 0.9370315 -0.1348424 -0.2205365
v 0.9300551 -0.1343905 -0.2273002
v 0.9255037 -0.1341169 -0.2358926
v 0.9238243 -0.1340483 -0.2454737
v 0.92518 -0.1341913 -0.2551053
v 0.9294391 -0.1345321 -0.2638438
v 0.9361837 -0.1350372 -0.2708352
v 0.9447546 -0.1356569 -0.2753942
v 0.9543116 -0.1363312 -0.2770741
v 0.9639204 -0.1369934 -0.275712
v 0.9726396 -0.1375792 -0.2714396
v 0.9796164 -0.1380311 -0.2646759
v 0.9841671 -0.1383046 -0.2560835
v 0.9858465 -0.1383733 -0.2465022
v 0.745008 0.1392033 -0.1370356
v 0.7455442 0.1391673 -0.1367729
v 0.745019 0.139206 -0.1363771
v 0.7456473 0.1391633 -0.136184
v 0.7455573 0.1391704 -0.1359988
v 0.7450302 0.1392086 -0.1357184
v 0.7486163 0.08415338 -0.1362248
v 0.7482929 0.0841879 -0.1339276
v 0.747277 0.08426909 -0.1318436
v 0.7456686 0.08438958 -0.1301763
v 0.7454665 0.08434288 -0.1421721
v 0.74713 0.08423509 -0.1405587
v 0.7388163 0.08480169 -0.1431151
v 0.7410954 0.08464049 -0.1435156
v 0.7433875 0.0844826 -0.1431909
v 0.7367721 0.08494928 -0.1420279
v 0.744398 0.1392503 -0.1361633
v 0.7342255 0.08516869 -0.1336944
v 0.7338246 0.08518499 -0.1359794
v 0.7341483 0.08515099 -0.1382764
v 0.7413453 0.08469789 -0.1286884
v 0.739054 0.08485618 -0.1290131
v 0.7369744 0.08499558 -0.1300321
v 0.7444942 0.1392445 -0.1359811
v 0.7353106 0.08510329 -0.1316452
v 0.7436249 0.08453709 -0.1290891
v 0.719842 -0.1202453 -0.1372404
v 0.7195181 -0.1202112 -0.1349433
v 0.7208571 -0.1203265 -0.1393245
v 0.7351637 0.08506979 -0.1403604
v 0.7224658 -0.120447 -0.1409917
v 0.7245098 -0.120595 -0.1420791
v 0.7267891 -0.1207558 -0.1424797
v 0.7290809 -0.1209137 -0.142155
v 0.7311599 -0.1210534 -0.141136
v 0.7328238 -0.1211611 -0.1395228
v 0.7339094 -0.1212262 -0.1374736
v 0.7482157 0.08417009 -0.1385095
v 0.7343098 -0.1212429 -0.1351886
v 0.7199193 -0.1202275 -0.1326585
v 0.721004 -0.120293 -0.1306093
v 0.7226678 -0.1204007 -0.1289962
v 0.7247474 -0.1205405 -0.1279774
v 0.727039 -0.1206983 -0.1276524
v 0.7293186 -0.1208591 -0.1280532
v 0.731362 -0.1210071 -0.1291404
v 0.7329707 -0.1211276 -0.1308077
v 0.7339865 -0.1212089 -0.1328919
v 0.7444811 0.1392415 -0.1367553
v 0.7397921 -0.1389045 -0.1352127
v 0.7372438 -0.138685 -0.1268747
v 0.739177 -0.1388396 -0.130841
v 0.7257162 -0.137923 -0.1349793
v 0.7390299 -0.1388734 -0.1395614
v 0.7369641 -0.1387492 -0.1434617
v 0.7337976 -0.1385442 -0.1465316
v 0.7298399 -0.1382785 -0.1484709
v 0.7254784 -0.1379776 -0.1490891
v 0.7211405 -0.1376718 -0.1483264
v 0.7172505 -0.1373901 -0.1462572
v 0.7141893 -0.1371611 -0.1430841
v 0.7122561 -0.1370064 -0.1391175
v 0.7116407 -0.1369415 -0.1347459
v 0.7124029 -0.1369726 -0.1303971
v 0.7176353 -0.1373018 -0.1234269
v 0.7144687 -0.1370968 -0.1264971
v 0.7215928 -0.137568 -0.1214879
v 0.7302922 -0.1381746 -0.1216324
v 0.7259539 -0.1378684 -0.1208697
v 0.7341825 -0.1384559 -0.1237014
v 0.7448537 -0.1362226 -0.1097684
v 0.7363168 -0.1332363 -0.1051519
v 0.7450179 -0.1338658 -0.1097803
v 0.7361526 -0.1355932 -0.10514
v 0.7266136 -0.132552 -0.1034465
v 0.7264495 -0.1349089 -0.1034346
v 0.716859 -0.1318796 -0.1048293
v 0.7166948 -0.1342365 -0.1048174
v 0.7560245 -0.1370812 -0.1257379
v 0.7518651 -0.1343787 -0.1168783
v 0.7561886 -0.1347243 -0.1257496
v 0.751701 -0.1367355 -0.1168664
v 0.7556958 -0.1371566 -0.1452432
v 0.7575653 -0.1348697 -0.1355279
v 0.75586 -0.1348002 -0.1452551
v 0.7574011 -0.1372265 -0.135516
v 0.7439932 -0.13642 -0.1608332
v 0.7512399 -0.1345222 -0.1539781
v 0.7441572 -0.1340636 -0.1608451
v 0.7510757 -0.1368791 -0.1539665
v 0.7253859 -0.1351529 -0.1665533
v 0.7353051 -0.1334689 -0.1651824
v 0.7255499 -0.1327965 -0.1665652
v 0.7351409 -0.1358258 -0.1651705
v 0.7156831 -0.1344686 -0.1648479
v 0.7158474 -0.1321118 -0.1648596
v 0.7001349 -0.1333263 -0.1531215
v 0.7071463 -0.1314823 -0.1602311
v 0.7002989 -0.1309699 -0.1531334
v 0.7069821 -0.1338392 -0.1602195
v 0.6958109 -0.1329806 -0.1442499
v 0.6959751 -0.1306237 -0.1442619
v 0.6961396 -0.1329051 -0.1247447
v 0.6945988 -0.1304789 -0.1344838
v 0.6963037 -0.1305483 -0.1247566
v 0.6944348 -0.1328353 -0.1344717
v 0.7007601 -0.1331827 -0.1160214
v 0.7009242 -0.1308264 -0.1160333
v 0.7080069 -0.1312849 -0.1091667
v 0.7078427 -0.1336418 -0.1091547
v 0.7355604 -0.137688 -0.1064258
v 0.7438837 -0.1382904 -0.1108532
v 0.7504336 -0.1387806 -0.1176429
v 0.7545694 -0.1391116 -0.1261292
v 0.7558861 -0.1392503 -0.1354828
v 0.7542549 -0.1391837 -0.1447873
v 0.7498353 -0.1389183 -0.1531318
v 0.7430602 -0.1384795 -0.1597004
v 0.7345927 -0.1379104 -0.1638491
v 0.7252611 -0.137267 -0.1651719
v 0.7159798 -0.1366126 -0.1635406
v 0.7076564 -0.1360102 -0.1591132
v 0.7011065 -0.1355199 -0.1523235
v 0.6969708 -0.1351889 -0.1438375
v 0.6956545 -0.1350503 -0.1344838
v 0.6972852 -0.1351169 -0.1251791
v 0.7017045 -0.1353827 -0.1168349
v 0.7084795 -0.1358215 -0.1102662
v 0.7169474 -0.1363901 -0.1061173
v 0.7262788 -0.1370336 -0.1047945
v 0.7512321 -0.1378899 -0.1171322
v 0.7554908 -0.1382306 -0.1258707
v 0.7444874 -0.1373849 -0.1101411
v 0.735917 -0.1367647 -0.1055818
v 0.7263595 -0.1360904 -0.1039019
v 0.7167509 -0.1354282 -0.105264
v 0.7080314 -0.1348424 -0.1095364
v 0.7010552 -0.1343905 -0.1163001
v 0.6965038 -0.1341169 -0.1248925
v 0.6948242 -0.1340483 -0.1344736
v 0.69618 -0.1341913 -0.1441052
v 0.7004391 -0.1345321 -0.1528437
v 0.7071836 -0.1350372 -0.1598351
v 0.7157545 -0.1356569 -0.1643942
v 0.7253116 -0.1363312 -0.1660741
v 0.7349204 -0.1369934 -0.164712
v 0.7436396 -0.1375792 -0.1604395
v 0.7506164 -0.1380311 -0.1536758
v 0.755167 -0.1383046 -0.1450835
v 0.7568465 -0.1383733 -0.1355021
v 0.397008 0.1392033 -0.2350357
v 0.3975442 0.1391673 -0.234773
v 0.3970189 0.139206 -0.2343772
v 0.3976474 0.1391633 -0.2341841
v 0.3975573 0.1391704 -0.2339988
v 0.3970301 0.1392086 -0.2337184
v 0.4006164 0.08415338 -0.2342248
v 0.4002929 0.0841879 -0.2319277
v 0.399277 0.08426909 -0.2298436
v 0.3976686 0.08438958 -0.2281764
v 0.3974665 0.08434288 -0.2401722
v 0.3991301 0.08423509 -0.2385588
v 0.3908162 0.08480169 -0.2411151
v 0.3930955 0.08464049 -0.2415157
v 0.3953874 0.0844826 -0.2411909
v 0.388772 0.08494928 -0.2400279
v 0.3963981 0.1392503 -0.2341633
v 0.3862255 0.08516869 -0.2316945
v 0.3858247 0.08518499 -0.2339795
v 0.3861482 0.08515099 -0.2362764
v 0.3933454 0.08469789 -0.2266884
v 0.3910539 0.08485618 -0.2270131
v 0.3889745 0.08499558 -0.2280321
v 0.3964942 0.1392445 -0.2339812
v 0.3873105 0.08510329 -0.2296453
v 0.3956249 0.08453709 -0.2270892
v 0.3718419 -0.1202453 -0.2352405
v 0.3715182 -0.1202112 -0.2329433
v 0.3728571 -0.1203265 -0.2373245
v 0.3871637 0.08506979 -0.2383604
v 0.3744657 -0.120447 -0.2389918
v 0.3765099 -0.120595 -0.2400792
v 0.3787892 -0.1207558 -0.2404797
v 0.3810809 -0.1209137 -0.240155
v 0.3831599 -0.1210534 -0.239136
v 0.3848238 -0.1211611 -0.2375229
v 0.3859093 -0.1212262 -0.2354737
v 0.4002157 0.08417009 -0.2365096
v 0.3863099 -0.1212429 -0.2331887
v 0.3719194 -0.1202275 -0.2306586
v 0.373004 -0.120293 -0.2286094
v 0.3746679 -0.1204007 -0.2269962
v 0.3767474 -0.1205405 -0.2259775
v 0.3790391 -0.1206983 -0.2256525
v 0.3813186 -0.1208591 -0.2260533
v 0.3833621 -0.1210071 -0.2271405
v 0.3849707 -0.1211276 -0.2288077
v 0.3859866 -0.1212089 -0.230892
v 0.3964811 0.1392415 -0.2347553
v 0.3917921 -0.1389045 -0.2332127
v 0.3892439 -0.138685 -0.2248748
v 0.391177 -0.1388396 -0.2288411
v 0.3777163 -0.137923 -0.2329793
v 0.3910299 -0.1388734 -0.2375615
v 0.3889642 -0.1387492 -0.2414618
v 0.3857975 -0.1385442 -0.2445317
v 0.38184 -0.1382785 -0.246471
v 0.3774784 -0.1379776 -0.2470892
v 0.3731406 -0.1376718 -0.2463265
v 0.3692506 -0.1373901 -0.2442572
v 0.3661893 -0.1371611 -0.2410841
v 0.3642562 -0.1370064 -0.2371176
v 0.3636408 -0.1369415 -0.2327459
v 0.364403 -0.1369726 -0.2283972
v 0.3696354 -0.1373018 -0.221427
v 0.3664687 -0.1370968 -0.2244971
v 0.3735929 -0.137568 -0.2194879
v 0.3822923 -0.1381746 -0.2196324
v 0.377954 -0.1378684 -0.2188697
v 0.3861826 -0.1384559 -0.2217014
v 0.3968537 -0.1362226 -0.2077685
v 0.3883169 -0.1332363 -0.203152
v 0.397018 -0.1338658 -0.2077804
v 0.3881526 -0.1355932 -0.2031401
v 0.3786137 -0.132552 -0.2014466
v 0.3784495 -0.1349089 -0.2014346
v 0.3688591 -0.1318796 -0.2028294
v 0.3686948 -0.1342365 -0.2028175
v 0.4080246 -0.1370812 -0.223738
v 0.4038651 -0.1343787 -0.2148784
v 0.4081886 -0.1347243 -0.2237497
v 0.4037011 -0.1367355 -0.2148664
v 0.4076958 -0.1371566 -0.2432432
v 0.4095652 -0.1348697 -0.2335279
v 0.4078601 -0.1348002 -0.2432552
v 0.4094012 -0.1372265 -0.233516
v 0.3959933 -0.13642 -0.2588332
v 0.40324 -0.1345222 -0.2519782
v 0.3961573 -0.1340636 -0.2588451
v 0.4030757 -0.1368791 -0.2519665
v 0.3773859 -0.1351529 -0.2645533
v 0.3873051 -0.1334689 -0.2631824
v 0.3775499 -0.1327965 -0.2645653
v 0.387141 -0.1358258 -0.2631705
v 0.3676832 -0.1344686 -0.2628479
v 0.3678475 -0.1321118 -0.2628596
v 0.352135 -0.1333263 -0.2511216
v 0.3591464 -0.1314823 -0.2582312
v 0.352299 -0.1309699 -0.2511335
v 0.3589821 -0.1338392 -0.2582195
v 0.347811 -0.1329806 -0.24225
v 0.347975 -0.1306237 -0.2422619
v 0.3481396 -0.1329051 -0.2227447
v 0.3465989 -0.1304789 -0.2324839
v 0.3483038 -0.1305483 -0.2227567
v 0.3464349 -0.1328353 -0.2324717
v 0.3527601 -0.1331827 -0.2140215
v 0.3529241 -0.1308264 -0.2140334
v 0.3600068 -0.1312849 -0.2071667
v 0.3598428 -0.1336418 -0.2071548
v 0.3875604 -0.137688 -0.2044258
v 0.3958838 -0.1382904 -0.2088533
v 0.4024337 -0.1387806 -0.215643
v 0.4065695 -0.1391116 -0.2241292
v 0.4078861 -0.1392503 -0.2334829
v 0.406255 -0.1391837 -0.2427874
v 0.4018352 -0.1389183 -0.2511318
v 0.3950603 -0.1384795 -0.2577005
v 0.3865927 -0.1379104 -0.2618492
v 0.3772612 -0.137267 -0.2631719
v 0.3679798 -0.1366126 -0.2615407
v 0.3596564 -0.1360102 -0.2571132
v 0.3531065 -0.1355199 -0.2503236
v 0.3489709 -0.1351889 -0.2418375
v 0.3476546 -0.1350503 -0.2324839
v 0.3492852 -0.1351169 -0.2231791
v 0.3537045 -0.1353827 -0.214835
v 0.3604796 -0.1358215 -0.2082663
v 0.3689475 -0.1363901 -0.2041173
v 0.3782788 -0.1370336 -0.2027946
v 0.4032321 -0.1378899 -0.2151323
v 0.4074908 -0.1382306 -0.2238708
v 0.3964875 -0.1373849 -0.2081411
v 0.3879171 -0.1367647 -0.2035818
v 0.3783596 -0.1360904 -0.2019019
v 0.3687508 -0.1354282 -0.203264
v 0.3600314 -0.1348424 -0.2075365
v 0.3530553 -0.1343905 -0.2143002
v 0.3485039 -0.1341169 -0.2228926
v 0.3468242 -0.1340483 -0.2324736
v 0.3481801 -0.1341913 -0.2421053
v 0.3524392 -0.1345321 -0.2508438
v 0.3591836 -0.1350372 -0.2578352
v 0.3677545 -0.1356569 -0.2623942
v 0.3773117 -0.1363312 -0.2640741
v 0.3869205 -0.1369934 -0.262712
v 0.3956397 -0.1375792 -0.2584396
v 0.4026165 -0.1380311 -0.2516759
v 0.407167 -0.1383046 -0.2430835
v 0.4088466 -0.1383733 -0.2335022
v 0.3400081 0.1392033 -0.1100357
v 0.3405443 0.1391673 -0.109773
v 0.340019 0.139206 -0.1093772
v 0.3406474 0.1391633 -0.1091841
v 0.3405574 0.1391704 -0.1089988
v 0.3400302 0.1392086 -0.1087184
v 0.3436164 0.08415338 -0.1092248
v 0.343293 0.0841879 -0.1069277
v 0.3422771 0.08426909 -0.1048436
v 0.3406687 0.08438958 -0.1031764
v 0.3404665 0.08434288 -0.1151722
v 0.3421301 0.08423509 -0.1135588
v 0.3338163 0.08480169 -0.1161151
v 0.3360955 0.08464049 -0.1165157
v 0.3383875 0.0844826 -0.1161909
v 0.3317721 0.08494928 -0.1150279
v 0.3393981 0.1392503 -0.1091633
v 0.3292256 0.08516869 -0.1066945
v 0.3288247 0.08518499 -0.1089795
v 0.3291483 0.08515099 -0.1112764
v 0.3363453 0.08469789 -0.1016884
v 0.334054 0.08485618 -0.1020131
v 0.3319744 0.08499558 -0.1030321
v 0.3394943 0.1392445 -0.1089812
v 0.3303106 0.08510329 -0.1046453
v 0.338625 0.08453709 -0.1020892
v 0.314842 -0.1202453 -0.1102405
v 0.3145181 -0.1202112 -0.1079433
v 0.3158572 -0.1203265 -0.1123245
v 0.3301637 0.08506979 -0.1133604
v 0.3174658 -0.120447 -0.1139918
v 0.3195099 -0.120595 -0.1150792
v 0.3217892 -0.1207558 -0.1154797
v 0.324081 -0.1209137 -0.115155
v 0.32616 -0.1210534 -0.114136
v 0.3278239 -0.1211611 -0.1125229
v 0.3289094 -0.1212262 -0.1104737
v 0.3432157 0.08417009 -0.1115096
v 0.3293099 -0.1212429 -0.1081887
v 0.3149194 -0.1202275 -0.1056586
v 0.3160041 -0.120293 -0.1036094
v 0.3176679 -0.1204007 -0.1019962
v 0.3197475 -0.1205405 -0.1009775
v 0.322039 -0.1206983 -0.1006525
v 0.3243187 -0.1208591 -0.1010533
v 0.326362 -0.1210071 -0.1021405
v 0.3279708 -0.1211276 -0.1038077
v 0.3289866 -0.1212089 -0.105892
v 0.3394811 0.1392415 -0.1097553
v 0.3347922 -0.1389045 -0.1082127
v 0.3322438 -0.138685 -0.09987476
v 0.334177 -0.1388396 -0.1038411
v 0.3207163 -0.137923 -0.1079793
v 0.3340299 -0.1388734 -0.1125615
v 0.3319642 -0.1387492 -0.1164618
v 0.3287976 -0.1385442 -0.1195317
v 0.32484 -0.1382785 -0.121471
v 0.3204785 -0.1379776 -0.1220892
v 0.3161406 -0.1376718 -0.1213265
v 0.3122505 -0.1373901 -0.1192572
v 0.3091893 -0.1371611 -0.1160841
v 0.3072561 -0.1370064 -0.1121176
v 0.3066408 -0.1369415 -0.1077459
v 0.307403 -0.1369726 -0.1033972
v 0.3126353 -0.1373018 -0.09642699
v 0.3094688 -0.1370968 -0.09949711
v 0.3165928 -0.137568 -0.09448794
v 0.3252923 -0.1381746 -0.09463242
v 0.320954 -0.1378684 -0.09386972
v 0.3291825 -0.1384559 -0.09670141
v 0.3398538 -0.1362226 -0.08276847
v 0.3313169 -0.1332363 -0.07815197
v 0.3400179 -0.1338658 -0.08278039
v 0.3311527 -0.1355932 -0.07814005
v 0.3216137 -0.132552 -0.07644656
v 0.3214495 -0.1349089 -0.07643464
v 0.311859 -0.1318796 -0.07782939
v 0.3116949 -0.1342365 -0.07781747
v 0.3510245 -0.1370812 -0.09873798
v 0.3468652 -0.1343787 -0.08987835
v 0.3511887 -0.1347243 -0.09874967
v 0.3467011 -0.1367355 -0.08986643
v 0.3506959 -0.1371566 -0.1182432
v 0.3525653 -0.1348697 -0.1085279
v 0.35086 -0.1348002 -0.1182552
v 0.3524012 -0.1372265 -0.108516
v 0.3389932 -0.13642 -0.1338332
v 0.34624 -0.1345222 -0.1269782
v 0.3391573 -0.1340636 -0.1338451
v 0.3460758 -0.1368791 -0.1269665
v 0.320386 -0.1351529 -0.1395533
v 0.3303051 -0.1334689 -0.1381824
v 0.32055 -0.1327965 -0.1395653
v 0.330141 -0.1358258 -0.1381705
v 0.3106832 -0.1344686 -0.1378479
v 0.3108474 -0.1321118 -0.1378596
v 0.2951349 -0.1333263 -0.1261216
v 0.3021463 -0.1314823 -0.1332312
v 0.295299 -0.1309699 -0.1261335
v 0.3019822 -0.1338392 -0.1332195
v 0.290811 -0.1329806 -0.11725
v 0.2909751 -0.1306237 -0.1172619
v 0.2911396 -0.1329051 -0.09774473
v 0.2895989 -0.1304789 -0.1074839
v 0.2913038 -0.1305483 -0.09775665
v 0.2894348 -0.1328353 -0.1074717
v 0.2957602 -0.1331827 -0.08902147
v 0.2959242 -0.1308264 -0.0890334
v 0.3030069 -0.1312849 -0.0821667
v 0.3028428 -0.1336418 -0.08215478
v 0.3305605 -0.137688 -0.07942584
v 0.3388838 -0.1382904 -0.08385327
v 0.3454336 -0.1387806 -0.09064296
v 0.3495695 -0.1391116 -0.09912923
v 0.3508861 -0.1392503 -0.1084829
v 0.349255 -0.1391837 -0.1177874
v 0.3448353 -0.1389183 -0.1261318
v 0.3380603 -0.1384795 -0.1327005
v 0.3295927 -0.1379104 -0.1368492
v 0.3202612 -0.137267 -0.1381719
v 0.3109799 -0.1366126 -0.1365407
v 0.3026564 -0.1360102 -0.1321132
v 0.2961066 -0.1355199 -0.1253236
v 0.2919709 -0.1351889 -0.1168375
v 0.2906546 -0.1350503 -0.1074839
v 0.2922852 -0.1351169 -0.09817913
v 0.2967046 -0.1353827 -0.08983496
v 0.3034796 -0.1358215 -0.08326629
v 0.3119475 -0.1363901 -0.07911733
v 0.3212788 -0.1370336 -0.07779458
v 0.3462322 -0.1378899 -0.09013227
v 0.3504908 -0.1382306 -0.09887078
v 0.3394875 -0.1373849 -0.08314112
v 0.330917 -0.1367647 -0.07858184
v 0.3213595 -0.1360904 -0.07690194
v 0.3117509 -0.1354282 -0.07826403
v 0.3030315 -0.1348424 -0.08253649
v 0.2960552 -0.1343905 -0.08930019
v 0.2915038 -0.1341169 -0.09789255
v 0.2898243 -0.1340483 -0.1074736
v 0.29118 -0.1341913 -0.1171053
v 0.2954392 -0.1345321 -0.1258438
v 0.3021837 -0.1350372 -0.1328352
v 0.3107546 -0.1356569 -0.1373942
v 0.3203117 -0.1363312 -0.1390741
v 0.3299204 -0.1369934 -0.137712
v 0.3386396 -0.1375792 -0.1334396
v 0.3456165 -0.1380311 -0.1266759
v 0.3501671 -0.1383046 -0.1180835
v 0.3518466 -0.1383733 -0.1085022
v -0.848992 0.1392033 -0.1370356
v -0.8484558 0.1391673 -0.1367729
v -0.848981 0.139206 -0.1363771
v -0.8483527 0.1391633 -0.136184
v -0.8484427 0.1391704 -0.1359988
v -0.8489698 0.1392086 -0.1357184
v -0.8453836 0.08415338 -0.1362248
v -0.8457071 0.0841879 -0.1339276
v -0.846723 0.08426909 -0.1318436
v -0.8483313 0.08438958 -0.1301763
v -0.8485335 0.08434288 -0.1421721
v -0.8468699 0.08423509 -0.1405587
v -0.8551837 0.08480169 -0.1431151
v -0.8529046 0.08464049 -0.1435156
v -0.8506125 0.0844826 -0.1431909
v -0.8572279 0.08494928 -0.1420279
v -0.849602 0.1392503 -0.1361633
v -0.8597745 0.08516869 -0.1336944
v -0.8601754 0.08518499 -0.1359794
v -0.8598517 0.08515099 -0.1382764
v -0.8526547 0.08469789 -0.1286884
v -0.854946 0.08485618 -0.1290131
v -0.8570256 0.08499558 -0.1300321
v -0.8495058 0.1392445 -0.1359811
v -0.8586894 0.08510329 -0.1316452
v -0.8503751 0.08453709 -0.1290891
v -0.874158 -0.1202453 -0.1372404
v -0.8744819 -0.1202112 -0.1349433
v -0.8731428 -0.1203265 -0.1393245
v -0.8588363 0.08506979 -0.1403604
v -0.8715342 -0.120447 -0.1409917
v -0.8694901 -0.120595 -0.1420791
v -0.8672109 -0.1207558 -0.1424797
v -0.8649191 -0.1209137 -0.142155
v -0.8628401 -0.1210534 -0.141136
v -0.8611761 -0.1211611 -0.1395228
v -0.8600906 -0.1212262 -0.1374736
v -0.8457843 0.08417009 -0.1385095
v -0.8596902 -0.1212429 -0.1351886
v -0.8740807 -0.1202275 -0.1326585
v -0.872996 -0.120293 -0.1306093
v -0.8713322 -0.1204007 -0.1289962
v -0.8692526 -0.1205405 -0.1279774
v -0.866961 -0.1206983 -0.1276524
v -0.8646814 -0.1208591 -0.1280532
v -0.862638 -0.1210071 -0.1291404
v -0.8610293 -0.1211276 -0.1308077
v -0.8600135 -0.1212089 -0.1328919
v -0.8495189 0.1392415 -0.1367553
v -0.8542079 -0.1389045 -0.1352127
v -0.8567562 -0.138685 -0.1268747
v -0.854823 -0.1388396 -0.130841
v -0.8682837 -0.137923 -0.1349793
v -0.8549701 -0.1388734 -0.1395614
v -0.8570359 -0.1387492 -0.1434617
v -0.8602024 -0.1385442 -0.1465316
v -0.8641601 -0.1382785 -0.1484709
v -0.8685216 -0.1379776 -0.1490891
v -0.8728595 -0.1376718 -0.1483264
v -0.8767495 -0.1373901 -0.1462572
v -0.8798107 -0.1371611 -0.1430841
v -0.8817439 -0.1370064 -0.1391175
v -0.8823593 -0.1369415 -0.1347459
v -0.881597 -0.1369726 -0.1303971
v -0.8763647 -0.1373018 -0.1234269
v -0.8795313 -0.1370968 -0.1264971
v -0.8724072 -0.137568 -0.1214879
v -0.8637078 -0.1381746 -0.1216324
v -0.868046 -0.1378684 -0.1208697
v -0.8598175 -0.1384559 -0.1237014
v -0.8491462 -0.1362226 -0.1097684
v -0.8576832 -0.1332363 -0.1051519
v -0.8489821 -0.1338658 -0.1097803
v -0.8578473 -0.1355932 -0.10514
v -0.8673863 -0.132552 -0.1034465
v -0.8675505 -0.1349089 -0.1034346
v -0.877141 -0.1318796 -0.1048293
v -0.8773052 -0.1342365 -0.1048174
v -0.8379755 -0.1370812 -0.1257379
v -0.8421348 -0.1343787 -0.1168783
v -0.8378114 -0.1347243 -0.1257496
v -0.842299 -0.1367355 -0.1168664
v -0.8383042 -0.1371566 -0.1452432
v -0.8364347 -0.1348697 -0.1355279
v -0.83814 -0.1348002 -0.1452551
v -0.8365989 -0.1372265 -0.135516
v -0.8500068 -0.13642 -0.1608332
v -0.8427601 -0.1345222 -0.1539781
v -0.8498428 -0.1340636 -0.1608451
v -0.8429242 -0.1368791 -0.1539665
v -0.8686141 -0.1351529 -0.1665533
v -0.8586949 -0.1334689 -0.1651824
v -0.86845 -0.1327965 -0.1665652
v -0.8588591 -0.1358258 -0.1651705
v -0.8783169 -0.1344686 -0.1648479
v -0.8781526 -0.1321118 -0.1648596
v -0.8938651 -0.1333263 -0.1531215
v -0.8868537 -0.1314823 -0.1602311
v -0.8937011 -0.1309699 -0.1531334
v -0.8870178 -0.1338392 -0.1602195
v -0.8981891 -0.1329806 -0.1442499
v -0.8980249 -0.1306237 -0.1442619
v -0.8978604 -0.1329051 -0.1247447
v -0.8994012 -0.1304789 -0.1344838
v -0.8976963 -0.1305483 -0.1247566
v -0.8995652 -0.1328353 -0.1344717
v -0.8932399 -0.1331827 -0.1160214
v -0.8930758 -0.1308264 -0.1160333
v -0.8859931 -0.1312849 -0.1091667
v -0.8861573 -0.1336418 -0.1091547
v -0.8584396 -0.137688 -0.1064258
v -0.8501163 -0.1382904 -0.1108532
v -0.8435664 -0.1387806 -0.1176429
v -0.8394306 -0.1391116 -0.1261292
v -0.8381139 -0.1392503 -0.1354828
v -0.839745 -0.1391837 -0.1447873
v -0.8441647 -0.1389183 -0.1531318
v -0.8509398 -0.1384795 -0.1597004
v -0.8594073 -0.1379104 -0.1638491
v -0.8687389 -0.137267 -0.1651719
v -0.8780202 -0.1366126 -0.1635406
v -0.8863436 -0.1360102 -0.1591132
v -0.8928934 -0.1355199 -0.1523235
v -0.8970292 -0.1351889 -0.1438375
v -0.8983455 -0.1350503 -0.1344838
v -0.8967148 -0.1351169 -0.1251791
v -0.8922955 -0.1353827 -0.1168349
v -0.8855205 -0.1358215 -0.1102662
v -0.8770525 -0.1363901 -0.1061173
v -0.8677212 -0.1370336 -0.1047945
v -0.8427678 -0.1378899 -0.1171322
v -0.8385092 -0.1382306 -0.1258707
v -0.8495126 -0.1373849 -0.1101411
v -0.858083 -0.1367647 -0.1055818
v -0.8676405 -0.1360904 -0.1039019
v -0.8772491 -0.1354282 -0.105264
v -0.8859686 -0.1348424 -0.1095364
v -0.8929448 -0.1343905 -0.1163001
v -0.8974962 -0.1341169 -0.1248925
v -0.8991758 -0.1340483 -0.1344736
v -0.89782 -0.1341913 -0.1441052
v -0.8935609 -0.1345321 -0.1528437
v -0.8868164 -0.1350372 -0.1598351
v -0.8782455 -0.1356569 -0.1643942
v -0.8686883 -0.1363312 -0.1660741
v -0.8590796 -0.1369934 -0.164712
v -0.8503604 -0.1375792 -0.1604395
v -0.8433836 -0.1380311 -0.1536758
v -0.838833 -0.1383046 -0.1450835
v -0.8371534 -0.1383733 -0.1355021
v -0.6669919 0.1392033 -0.2010355
v -0.6664557 0.1391673 -0.2007728
v -0.666981 0.139206 -0.200377
v -0.6663526 0.1391633 -0.2001839
v -0.6664426 0.1391704 -0.1999986
v -0.6669698 0.1392086 -0.1997183
v -0.6633836 0.08415338 -0.2002247
v -0.663707 0.0841879 -0.1979275
v -0.6647229 0.08426909 -0.1958435
v -0.6663313 0.08438958 -0.1941762
v -0.6665335 0.08434288 -0.206172
v -0.6648699 0.08423509 -0.2045586
v -0.6731837 0.08480169 -0.207115
v -0.6709045 0.08464049 -0.2075155
v -0.6686125 0.0844826 -0.2071908
v -0.6752279 0.08494928 -0.2060278
v -0.6676019 0.1392503 -0.2001632
v -0.6777744 0.08516869 -0.1976943
v -0.6781753 0.08518499 -0.1999793
v -0.6778517 0.08515099 -0.2022763
v -0.6706547 0.08469789 -0.1926883
v -0.672946 0.08485618 -0.193013
v -0.6750256 0.08499558 -0.194032
v -0.6675057 0.1392445 -0.199981
v -0.6766894 0.08510329 -0.1956451
v -0.668375 0.08453709 -0.193089
v -0.692158 -0.1202453 -0.2012403
v -0.6924819 -0.1202112 -0.1989432
v -0.6911428 -0.1203265 -0.2033243
v -0.6768363 0.08506979 -0.2043603
v -0.6895342 -0.120447 -0.2049916
v -0.6874901 -0.120595 -0.206079
v -0.6852108 -0.1207558 -0.2064796
v -0.682919 -0.1209137 -0.2061549
v -0.68084 -0.1210534 -0.2051359
v -0.6791761 -0.1211611 -0.2035227
v -0.6780906 -0.1212262 -0.2014735
v -0.6637843 0.08417009 -0.2025094
v -0.6776901 -0.1212429 -0.1991885
v -0.6920806 -0.1202275 -0.1966584
v -0.6909959 -0.120293 -0.1946092
v -0.6893321 -0.1204007 -0.1929961
v -0.6872525 -0.1205405 -0.1919773
v -0.684961 -0.1206983 -0.1916523
v -0.6826813 -0.1208591 -0.1920531
v -0.680638 -0.1210071 -0.1931403
v -0.6790292 -0.1211276 -0.1948076
v -0.6780134 -0.1212089 -0.1968918
v -0.6675189 0.1392415 -0.2007551
v -0.6722078 -0.1389045 -0.1992126
v -0.6747562 -0.138685 -0.1908746
v -0.672823 -0.1388396 -0.1948409
v -0.6862837 -0.137923 -0.1989792
v -0.6729701 -0.1388734 -0.2035613
v -0.6750358 -0.1387492 -0.2074616
v -0.6782024 -0.1385442 -0.2105315
v -0.68216 -0.1382785 -0.2124708
v -0.6865215 -0.1379776 -0.213089
v -0.6908594 -0.1376718 -0.2123263
v -0.6947495 -0.1373901 -0.2102571
v -0.6978106 -0.1371611 -0.207084
v -0.6997439 -0.1370064 -0.2031174
v -0.7003592 -0.1369415 -0.1987458
v -0.699597 -0.1369726 -0.194397
v -0.6943647 -0.1373018 -0.1874268
v -0.6975312 -0.1370968 -0.190497
v -0.6904072 -0.137568 -0.1854878
v -0.6817077 -0.1381746 -0.1856323
v -0.686046 -0.1378684 -0.1848696
v -0.6778175 -0.1384559 -0.1877013
v -0.6671462 -0.1362226 -0.1737683
v -0.6756831 -0.1332363 -0.1691518
v -0.6669821 -0.1338658 -0.1737802
v -0.6758473 -0.1355932 -0.1691399
v -0.6853863 -0.132552 -0.1674464
v -0.6855505 -0.1349089 -0.1674345
v -0.695141 -0.1318796 -0.1688292
v -0.6953051 -0.1342365 -0.1688173
v -0.6559755 -0.1370812 -0.1897378
v -0.6601348 -0.1343787 -0.1808782
v -0.6558113 -0.1347243 -0.1897495
v -0.6602989 -0.1367355 -0.1808663
v -0.6563041 -0.1371566 -0.2092431
v -0.6544347 -0.1348697 -0.1995278
v -0.65614 -0.1348002 -0.209255
v -0.6545988 -0.1372265 -0.1995158
v -0.6680068 -0.13642 -0.224833
v -0.66076 -0.1345222 -0.217978
v -0.6678427 -0.1340636 -0.224845
v -0.6609242 -0.1368791 -0.2179663
v -0.686614 -0.1351529 -0.2305532
v -0.6766949 -0.1334689 -0.2291823
v -0.68645 -0.1327965 -0.2305651
v -0.676859 -0.1358258 -0.2291704
v -0.6963168 -0.1344686 -0.2288478
v -0.6961526 -0.1321118 -0.2288595
v -0.7118651 -0.1333263 -0.2171214
v -0.7048537 -0.1314823 -0.224231
v -0.711701 -0.1309699 -0.2171333
v -0.7050178 -0.1338392 -0.2242194
v -0.716189 -0.1329806 -0.2082498
v -0.7160249 -0.1306237 -0.2082618
v -0.7158604 -0.1329051 -0.1887446
v -0.7174011 -0.1304789 -0.1984837
v -0.7156962 -0.1305483 -0.1887565
v -0.7175652 -0.1328353 -0.1984716
v -0.7112398 -0.1331827 -0.1800213
v -0.7110758 -0.1308264 -0.1800332
v -0.7039931 -0.1312849 -0.1731665
v -0.7041572 -0.1336418 -0.1731546
v -0.6764395 -0.137688 -0.1704257
v -0.6681162 -0.1382904 -0.1748531
v -0.6615664 -0.1387806 -0.1816428
v -0.6574305 -0.1391116 -0.1901291
v -0.6561139 -0.1392503 -0.1994827
v -0.657745 -0.1391837 -0.2087872
v -0.6621647 -0.1389183 -0.2171316
v -0.6689397 -0.1384795 -0.2237003
v -0.6774073 -0.1379104 -0.227849
v -0.6867388 -0.137267 -0.2291718
v -0.6960201 -0.1366126 -0.2275405
v -0.7043436 -0.1360102 -0.2231131
v -0.7108934 -0.1355199 -0.2163234
v -0.7150291 -0.1351889 -0.2078374
v -0.7163454 -0.1350503 -0.1984837
v -0.7147148 -0.1351169 -0.189179
v -0.7102954 -0.1353827 -0.1808348
v -0.7035204 -0.1358215 -0.1742661
v -0.6950525 -0.1363901 -0.1701172
v -0.6857212 -0.1370336 -0.1687944
v -0.6607678 -0.1378899 -0.1811321
v -0.6565092 -0.1382306 -0.1898706
v -0.6675125 -0.1373849 -0.174141
v -0.676083 -0.1367647 -0.1695817
v -0.6856405 -0.1360904 -0.1679018
v -0.6952491 -0.1354282 -0.1692639
v -0.7039685 -0.1348424 -0.1735363
v -0.7109448 -0.1343905 -0.1803
v -0.7154962 -0.1341169 -0.1888924
v -0.7171757 -0.1340483 -0.1984735
v -0.71582 -0.1341913 -0.2081051
v -0.7115608 -0.1345321 -0.2168436
v -0.7048163 -0.1350372 -0.223835
v -0.6962454 -0.1356569 -0.2283941
v -0.6866883 -0.1363312 -0.230074
v -0.6770796 -0.1369934 -0.2287119
v -0.6683604 -0.1375792 -0.2244394
v -0.6613835 -0.1380311 -0.2176757
v -0.6568329 -0.1383046 -0.2090833
v -0.6551534 -0.1383733 -0.199502
v -0.601992 0.1392033 -0.1200357
v -0.6014558 0.1391673 -0.1197729
v -0.601981 0.139206 -0.1193772
v -0.6013527 0.1391633 -0.119184
v -0.6014427 0.1391704 -0.1189988
v -0.6019698 0.1392086 -0.1187184
v -0.5983837 0.08415338 -0.1192248
v -0.5987071 0.0841879 -0.1169277
v -0.599723 0.08426909 -0.1148436
v -0.6013314 0.08438958 -0.1131764
v -0.6015335 0.08434288 -0.1251722
v -0.59987 0.08423509 -0.1235588
v -0.6081837 0.08480169 -0.1261151
v -0.6059046 0.08464049 -0.1265157
v -0.6036125 0.0844826 -0.1261909
v -0.6102279 0.08494928 -0.1250279
v -0.602602 0.1392503 -0.1191633
v -0.6127745 0.08516869 -0.1166945
v -0.6131754 0.08518499 -0.1189795
v -0.6128517 0.08515099 -0.1212764
v -0.6056547 0.08469789 -0.1116884
v -0.607946 0.08485618 -0.1120131
v -0.6100256 0.08499558 -0.1130321
v -0.6025058 0.1392445 -0.1189812
v -0.6116894 0.08510329 -0.1146453
v -0.6033751 0.08453709 -0.1120892
v -0.627158 -0.1202453 -0.1202405
v -0.6274819 -0.1202112 -0.1179433
v -0.6261429 -0.1203265 -0.1223245
v -0.6118363 0.08506979 -0.1233604
v -0.6245342 -0.120447 -0.1239918
v -0.6224902 -0.120595 -0.1250792
v -0.6202109 -0.1207558 -0.1254797
v -0.6179191 -0.1209137 -0.125155
v -0.6158401 -0.1210534 -0.124136
v -0.6141762 -0.1211611 -0.1225229
v -0.6130906 -0.1212262 -0.1204737
v -0.5987843 0.08417009 -0.1215096
v -0.6126902 -0.1212429 -0.1181886
v -0.6270807 -0.1202275 -0.1156586
v -0.625996 -0.120293 -0.1136093
v -0.6243322 -0.1204007 -0.1119962
v -0.6222526 -0.1205405 -0.1109774
v -0.619961 -0.1206983 -0.1106525
v -0.6176814 -0.1208591 -0.1110533
v -0.615638 -0.1210071 -0.1121404
v -0.6140293 -0.1211276 -0.1138077
v -0.6130135 -0.1212089 -0.115892
v -0.6025189 0.1392415 -0.1197553
v -0.6072079 -0.1389045 -0.1182127
v -0.6097562 -0.138685 -0.1098748
v -0.607823 -0.1388396 -0.1138411
v -0.6212838 -0.137923 -0.1179793
v -0.6079701 -0.1388734 -0.1225615
v -0.6100359 -0.1387492 -0.1264618
v -0.6132025 -0.1385442 -0.1295317
v -0.6171601 -0.1382785 -0.1314709
v -0.6215216 -0.1379776 -0.1320892
v -0.6258595 -0.1376718 -0.1313265
v -0.6297495 -0.1373901 -0.1292572
v -0.6328107 -0.1371611 -0.1260841
v -0.6347439 -0.1370064 -0.1221175
v -0.6353593 -0.1369415 -0.1177459
v -0.6345971 -0.1369726 -0.1133972
v -0.6293647 -0.1373018 -0.106427
v -0.6325313 -0.1370968 -0.1094971
v -0.6254072 -0.137568 -0.1044879
v -0.6167078 -0.1381746 -0.1046324
v -0.6210461 -0.1378684 -0.1038697
v -0.6128175 -0.1384559 -0.1067014
v -0.6021463 -0.1362226 -0.09276846
v -0.6106832 -0.1332363 -0.08815196
v -0.6019821 -0.1338658 -0.09278038
v -0.6108474 -0.1355932 -0.08814004
v -0.6203864 -0.132552 -0.08644655
v -0.6205505 -0.1349089 -0.08643463
v -0.630141 -0.1318796 -0.08782938
v -0.6303052 -0.1342365 -0.08781746
v -0.5909755 -0.1370812 -0.108738
v -0.5951349 -0.1343787 -0.09987834
v -0.5908114 -0.1347243 -0.1087497
v -0.595299 -0.1367355 -0.09986642
v -0.5913042 -0.1371566 -0.1282432
v -0.5894347 -0.1348697 -0.1185279
v -0.59114 -0.1348002 -0.1282552
v -0.5895989 -0.1372265 -0.118516
v -0.6030068 -0.13642 -0.1438332
v -0.5957601 -0.1345222 -0.1369782
v -0.6028428 -0.1340636 -0.1438451
v -0.5959243 -0.1368791 -0.1369665
v -0.6216141 -0.1351529 -0.1495533
v -0.6116949 -0.1334689 -0.1481824
v -0.6214501 -0.1327965 -0.1495652
v -0.6118591 -0.1358258 -0.1481705
v -0.6313169 -0.1344686 -0.1478479
v -0.6311526 -0.1321118 -0.1478596
v -0.6468651 -0.1333263 -0.1361215
v -0.6398537 -0.1314823 -0.1432312
v -0.6467011 -0.1309699 -0.1361335
v -0.6400179 -0.1338392 -0.1432195
v -0.6511891 -0.1329806 -0.12725
v -0.6510249 -0.1306237 -0.1272619
v -0.6508604 -0.1329051 -0.1077447
v -0.6524012 -0.1304789 -0.1174839
v -0.6506963 -0.1305483 -0.1077566
v -0.6525652 -0.1328353 -0.1174717
v -0.6462399 -0.1331827 -0.09902146
v -0.6460758 -0.1308264 -0.09903339
v -0.6389931 -0.1312849 -0.09216669
v -0.6391573 -0.1336418 -0.09215477
v -0.6114396 -0.137688 -0.08942583
v -0.6031163 -0.1382904 -0.09385327
v -0.5965664 -0.1387806 -0.1006429
v -0.5924306 -0.1391116 -0.1091292
v -0.5911139 -0.1392503 -0.1184829
v -0.5927451 -0.1391837 -0.1277874
v -0.5971648 -0.1389183 -0.1361318
v -0.6039398 -0.1384795 -0.1427005
v -0.6124073 -0.1379104 -0.1468492
v -0.6217389 -0.137267 -0.1481719
v -0.6310202 -0.1366126 -0.1465407
v -0.6393436 -0.1360102 -0.1421132
v -0.6458935 -0.1355199 -0.1353236
v -0.6500292 -0.1351889 -0.1268375
v -0.6513455 -0.1350503 -0.1174839
v -0.6497148 -0.1351169 -0.1081791
v -0.6452955 -0.1353827 -0.09983495
v -0.6385205 -0.1358215 -0.09326628
v -0.6300526 -0.1363901 -0.08911732
v -0.6207212 -0.1370336 -0.08779457
v -0.5957679 -0.1378899 -0.1001323
v -0.5915092 -0.1382306 -0.1088708
v -0.6025126 -0.1373849 -0.09314111
v -0.611083 -0.1367647 -0.08858183
v -0.6206405 -0.1360904 -0.08690193
v -0.6302491 -0.1354282 -0.08826402
v -0.6389686 -0.1348424 -0.09253648
v -0.6459448 -0.1343905 -0.09930018
v -0.6504962 -0.1341169 -0.1078925
v -0.6521758 -0.1340483 -0.1174736
v -0.65082 -0.1341913 -0.1271053
v -0.6465609 -0.1345321 -0.1358438
v -0.6398164 -0.1350372 -0.1428352
v -0.6312455 -0.1356569 -0.1473942
v -0.6216884 -0.1363312 -0.1490741
v -0.6120796 -0.1369934 -0.147712
v -0.6033604 -0.1375792 -0.1434396
v -0.5963836 -0.1380311 -0.1366759
v -0.591833 -0.1383046 -0.1280835
v -0.5901535 -0.1383733 -0.1185022
v -0.4169919 0.1392033 -0.2010355
v -0.4164557 0.1391673 -0.2007728
v -0.416981 0.139206 -0.200377
v -0.4163526 0.1391633 -0.2001839
v -0.4164426 0.1391704 -0.1999986
v -0.4169697 0.1392086 -0.1997183
v -0.4133836 0.08415338 -0.2002247
v -0.413707 0.0841879 -0.1979275
v -0.4147229 0.08426909 -0.1958435
v -0.4163313 0.08438958 -0.1941762
v -0.4165334 0.08434288 -0.206172
v -0.4148699 0.08423509 -0.2045586
v -0.4231836 0.08480169 -0.207115
v -0.4209045 0.08464049 -0.2075155
v -0.4186125 0.0844826 -0.2071908
v -0.4252279 0.08494928 -0.2060278
v -0.4176019 0.1392503 -0.2001632
v -0.4277744 0.08516869 -0.1976943
v -0.4281753 0.08518499 -0.1999793
v -0.4278516 0.08515099 -0.2022763
v -0.4206546 0.08469789 -0.1926883
v -0.4229459 0.08485618 -0.193013
v -0.4250256 0.08499558 -0.194032
v -0.4175057 0.1392445 -0.199981
v -0.4266894 0.08510329 -0.1956451
v -0.418375 0.08453709 -0.193089
v -0.442158 -0.1202453 -0.2012403
v -0.4424818 -0.1202112 -0.1989432
v -0.4411428 -0.1203265 -0.2033243
v -0.4268362 0.08506979 -0.2043603
v -0.4395342 -0.120447 -0.2049916
v -0.4374901 -0.120595 -0.206079
v -0.4352108 -0.1207558 -0.2064796
v -0.432919 -0.1209137 -0.2061549
v -0.43084 -0.1210534 -0.2051359
v -0.4291761 -0.1211611 -0.2035227
v -0.4280905 -0.1212262 -0.2014735
v -0.4137842 0.08417009 -0.2025094
v -0.4276901 -0.1212429 -0.1991885
v -0.4420806 -0.1202275 -0.1966584
v -0.4409959 -0.120293 -0.1946092
v -0.4393321 -0.1204007 -0.1929961
v -0.4372525 -0.1205405 -0.1919773
v -0.4349609 -0.1206983 -0.1916523
v -0.4326813 -0.1208591 -0.1920531
v -0.4306379 -0.1210071 -0.1931403
v -0.4290292 -0.1211276 -0.1948076
v -0.4280134 -0.1212089 -0.1968918
v -0.4175188 0.1392415 -0.2007551
v -0.4222078 -0.1389045 -0.1992126
v -0.4247561 -0.138685 -0.1908746
v -0.4228229 -0.1388396 -0.1948409
v -0.4362837 -0.137923 -0.1989792
v -0.42297 -0.1388734 -0.2035613
v -0.4250358 -0.1387492 -0.2074616
v -0.4282024 -0.1385442 -0.2105315
v -0.43216 -0.1382785 -0.2124708
v -0.4365215 -0.1379776 -0.213089
v -0.4408594 -0.1376718 -0.2123263
v -0.4447494 -0.1373901 -0.2102571
v -0.4478106 -0.1371611 -0.207084
v -0.4497438 -0.1370064 -0.2031174
v -0.4503592 -0.1369415 -0.1987458
v -0.449597 -0.1369726 -0.194397
v -0.4443646 -0.1373018 -0.1874268
v -0.4475312 -0.1370968 -0.190497
v -0.4404071 -0.137568 -0.1854878
v -0.4317077 -0.1381746 -0.1856323
v -0.436046 -0.1378684 -0.1848696
v -0.4278174 -0.1384559 -0.1877013
v -0.4171462 -0.1362226 -0.1737683
v -0.4256831 -0.1332363 -0.1691518
v -0.416982 -0.1338658 -0.1737802
v -0.4258473 -0.1355932 -0.1691399
v -0.4353863 -0.132552 -0.1674464
v -0.4355504 -0.1349089 -0.1674345
v -0.4451409 -0.1318796 -0.1688292
v -0.4453051 -0.1342365 -0.1688173
v -0.4059754 -0.1370812 -0.1897378
v -0.4101348 -0.1343787 -0.1808782
v -0.4058113 -0.1347243 -0.1897495
v -0.4102989 -0.1367355 -0.1808663
v -0.4063041 -0.1371566 -0.2092431
v -0.4044347 -0.1348697 -0.1995278
v -0.4061399 -0.1348002 -0.209255
v -0.4045988 -0.1372265 -0.1995158
v -0.4180067 -0.13642 -0.224833
v -0.41076 -0.1345222 -0.217978
v -0.4178427 -0.1340636 -0.224845
v -0.4109242 -0.1368791 -0.2179663
v -0.436614 -0.1351529 -0.2305532
v -0.4266948 -0.1334689 -0.2291823
v -0.43645 -0.1327965 -0.2305651
v -0.426859 -0.1358258 -0.2291704
v -0.4463168 -0.1344686 -0.2288478
v -0.4461525 -0.1321118 -0.2288595
v -0.461865 -0.1333263 -0.2171214
v -0.4548536 -0.1314823 -0.224231
v -0.461701 -0.1309699 -0.2171333
v -0.4550178 -0.1338392 -0.2242194
v -0.466189 -0.1329806 -0.2082498
v -0.4660248 -0.1306237 -0.2082618
v -0.4658603 -0.1329051 -0.1887446
v -0.4674011 -0.1304789 -0.1984837
v -0.4656962 -0.1305483 -0.1887565
v -0.4675651 -0.1328353 -0.1984716
v -0.4612398 -0.1331827 -0.1800213
v -0.4610758 -0.1308264 -0.1800332
v -0.4539931 -0.1312849 -0.1731665
v -0.4541572 -0.1336418 -0.1731546
v -0.4264395 -0.137688 -0.1704257
v -0.4181162 -0.1382904 -0.1748531
v -0.4115663 -0.1387806 -0.1816428
v -0.4074305 -0.1391116 -0.1901291
v -0.4061138 -0.1392503 -0.1994827
v -0.407745 -0.1391837 -0.2087872
v -0.4121647 -0.1389183 -0.2171316
v -0.4189397 -0.1384795 -0.2237003
v -0.4274072 -0.1379104 -0.227849
v -0.4367388 -0.137267 -0.2291718
v -0.4460201 -0.1366126 -0.2275405
v -0.4543435 -0.1360102 -0.2231131
v -0.4608934 -0.1355199 -0.2163234
v -0.4650291 -0.1351889 -0.2078374
v -0.4663454 -0.1350503 -0.1984837
v -0.4647147 -0.1351169 -0.189179
v -0.4602954 -0.1353827 -0.1808348
v -0.4535204 -0.1358215 -0.1742661
v -0.4450525 -0.1363901 -0.1701172
v -0.4357211 -0.1370336 -0.1687944
v -0.4107678 -0.1378899 -0.1811321
v -0.4065091 -0.1382306 -0.1898706
v -0.4175125 -0.1373849 -0.174141
v -0.4260829 -0.1367647 -0.1695817
v -0.4356404 -0.1360904 -0.1679018
v -0.4452491 -0.1354282 -0.1692639
v -0.4539685 -0.1348424 -0.1735363
v -0.4609447 -0.1343905 -0.1803
v -0.4654962 -0.1341169 -0.1888924
v -0.4671757 -0.1340483 -0.1984735
v -0.4658199 -0.1341913 -0.2081051
v -0.4615608 -0.1345321 -0.2168436
v -0.4548163 -0.1350372 -0.223835
v -0.4462454 -0.1356569 -0.2283941
v -0.4366883 -0.1363312 -0.230074
v -0.4270795 -0.1369934 -0.2287119
v -0.4183603 -0.1375792 -0.2244394
v -0.4113835 -0.1380311 -0.2176757
v -0.4068329 -0.1383046 -0.2090833
v -0.4051534 -0.1383733 -0.199502
v -0.139992 0.1392033 -0.2580357
v -0.1394558 0.1391673 -0.257773
v -0.139981 0.139206 -0.2573772
v -0.1393526 0.1391633 -0.2571841
v -0.1394427 0.1391704 -0.2569988
v -0.1399698 0.1392086 -0.2567184
v -0.1363836 0.08415338 -0.2572248
v -0.136707 0.0841879 -0.2549277
v -0.1377229 0.08426909 -0.2528436
v -0.1393313 0.08438958 -0.2511764
v -0.1395335 0.08434288 -0.2631722
v -0.1378699 0.08423509 -0.2615588
v -0.1461837 0.08480169 -0.2641151
v -0.1439045 0.08464049 -0.2645157
v -0.1416125 0.0844826 -0.2641909
v -0.1482279 0.08494928 -0.2630279
v -0.140602 0.1392503 -0.2571633
v -0.1507744 0.08516869 -0.2546945
v -0.1511753 0.08518499 -0.2569795
v -0.1508517 0.08515099 -0.2592764
v -0.1436547 0.08469789 -0.2496884
v -0.145946 0.08485618 -0.2500131
v -0.1480256 0.08499558 -0.2510321
v -0.1405058 0.1392445 -0.2569812
v -0.1496894 0.08510329 -0.2526453
v -0.141375 0.08453709 -0.2500892
v -0.165158 -0.1202453 -0.2582405
v -0.1654819 -0.1202112 -0.2559433
v -0.1641428 -0.1203265 -0.2603245
v -0.1498363 0.08506979 -0.2613604
v -0.1625342 -0.120447 -0.2619918
v -0.1604901 -0.120595 -0.2630792
v -0.1582108 -0.1207558 -0.2634797
v -0.155919 -0.1209137 -0.263155
v -0.15384 -0.1210534 -0.262136
v -0.1521761 -0.1211611 -0.2605229
v -0.1510906 -0.1212262 -0.2584737
v -0.1367843 0.08417009 -0.2595096
v -0.1506902 -0.1212429 -0.2561887
v -0.1650806 -0.1202275 -0.2536586
v -0.163996 -0.120293 -0.2516094
v -0.1623321 -0.1204007 -0.2499962
v -0.1602525 -0.1205405 -0.2489775
v -0.157961 -0.1206983 -0.2486525
v -0.1556813 -0.1208591 -0.2490533
v -0.153638 -0.1210071 -0.2501405
v -0.1520292 -0.1211276 -0.2518077
v -0.1510135 -0.1212089 -0.253892
v -0.1405189 0.1392415 -0.2577553
v -0.1452079 -0.1389045 -0.2562127
v -0.1477562 -0.138685 -0.2478748
v -0.145823 -0.1388396 -0.2518411
v -0.1592837 -0.137923 -0.2559793
v -0.1459701 -0.1388734 -0.2605615
v -0.1480359 -0.1387492 -0.2644618
v -0.1512024 -0.1385442 -0.2675317
v -0.15516 -0.1382785 -0.269471
v -0.1595215 -0.1379776 -0.2700892
v -0.1638595 -0.1376718 -0.2693265
v -0.1677495 -0.1373901 -0.2672572
v -0.1708107 -0.1371611 -0.2640841
v -0.1727439 -0.1370064 -0.2601176
v -0.1733592 -0.1369415 -0.2557459
v -0.172597 -0.1369726 -0.2513972
v -0.1673647 -0.1373018 -0.244427
v -0.1705312 -0.1370968 -0.2474971
v -0.1634072 -0.137568 -0.2424879
v -0.1547078 -0.1381746 -0.2426324
v -0.159046 -0.1378684 -0.2418697
v -0.1508175 -0.1384559 -0.2447014
v -0.1401462 -0.1362226 -0.2307685
v -0.1486832 -0.1332363 -0.226152
v -0.1399821 -0.1338658 -0.2307804
v -0.1488473 -0.1355932 -0.2261401
v -0.1583863 -0.132552 -0.2244466
v -0.1585505 -0.1349089 -0.2244346
v -0.168141 -0.1318796 -0.2258294
v -0.1683051 -0.1342365 -0.2258175
v -0.1289755 -0.1370812 -0.246738
v -0.1331348 -0.1343787 -0.2378784
v -0.1288113 -0.1347243 -0.2467497
v -0.133299 -0.1367355 -0.2378664
v -0.1293041 -0.1371566 -0.2662432
v -0.1274347 -0.1348697 -0.2565279
v -0.12914 -0.1348002 -0.2662552
v -0.1275989 -0.1372265 -0.256516
v -0.1410068 -0.13642 -0.2818332
v -0.1337601 -0.1345222 -0.2749782
v -0.1408428 -0.1340636 -0.2818451
v -0.1339242 -0.1368791 -0.2749665
v -0.1596141 -0.1351529 -0.2875533
v -0.1496949 -0.1334689 -0.2861824
v -0.15945 -0.1327965 -0.2875653
v -0.149859 -0.1358258 -0.2861705
v -0.1693169 -0.1344686 -0.2858479
v -0.1691526 -0.1321118 -0.2858596
v -0.1848651 -0.1333263 -0.2741216
v -0.1778537 -0.1314823 -0.2812312
v -0.1847011 -0.1309699 -0.2741335
v -0.1780178 -0.1338392 -0.2812195
v -0.189189 -0.1329806 -0.26525
v -0.1890249 -0.1306237 -0.2652619
v -0.1888604 -0.1329051 -0.2457447
v -0.1904012 -0.1304789 -0.2554839
v -0.1886962 -0.1305483 -0.2457567
v -0.1905652 -0.1328353 -0.2554717
v -0.1842398 -0.1331827 -0.2370215
v -0.1840758 -0.1308264 -0.2370334
v -0.1769931 -0.1312849 -0.2301667
v -0.1771573 -0.1336418 -0.2301548
v -0.1494395 -0.137688 -0.2274258
v -0.1411162 -0.1382904 -0.2318533
v -0.1345664 -0.1387806 -0.238643
v -0.1304305 -0.1391116 -0.2471292
v -0.1291139 -0.1392503 -0.2564829
v -0.130745 -0.1391837 -0.2657874
v -0.1351647 -0.1389183 -0.2741318
v -0.1419397 -0.1384795 -0.2807005
v -0.1504073 -0.1379104 -0.2848492
v -0.1597389 -0.137267 -0.2861719
v -0.1690201 -0.1366126 -0.2845407
v -0.1773436 -0.1360102 -0.2801133
v -0.1838934 -0.1355199 -0.2733236
v -0.1880291 -0.1351889 -0.2648375
v -0.1893454 -0.1350503 -0.2554839
v -0.1877148 -0.1351169 -0.2461791
v -0.1832955 -0.1353827 -0.237835
v -0.1765204 -0.1358215 -0.2312663
v -0.1680525 -0.1363901 -0.2271173
v -0.1587212 -0.1370336 -0.2257946
v -0.1337678 -0.1378899 -0.2381323
v -0.1295092 -0.1382306 -0.2468708
v -0.1405126 -0.1373849 -0.2311411
v -0.149083 -0.1367647 -0.2265818
v -0.1586405 -0.1360904 -0.2249019
v -0.1682491 -0.1354282 -0.226264
v -0.1769685 -0.1348424 -0.2305365
v -0.1839448 -0.1343905 -0.2373002
v -0.1884962 -0.1341169 -0.2458926
v -0.1901757 -0.1340483 -0.2554736
v -0.18882 -0.1341913 -0.2651053
v -0.1845609 -0.1345321 -0.2738438
v -0.1778164 -0.1350372 -0.2808352
v -0.1692455 -0.1356569 -0.2853942
v -0.1596883 -0.1363312 -0.2870741
v -0.1500796 -0.1369934 -0.285712
v -0.1413604 -0.1375792 -0.2814396
v -0.1343835 -0.1380311 -0.2746759
v -0.129833 -0.1383046 -0.2660835
v -0.1281534 -0.1383733 -0.2565022
v -0.2849919 0.1392033 -0.1230357
v -0.2844557 0.1391673 -0.122773
v -0.284981 0.139206 -0.1223772
v -0.2843526 0.1391633 -0.1221841
v -0.2844426 0.1391704 -0.1219988
v -0.2849698 0.1392086 -0.1217184
v -0.2813836 0.08415338 -0.1222248
v -0.281707 0.0841879 -0.1199277
v -0.2827229 0.08426909 -0.1178437
v -0.2843313 0.08438958 -0.1161764
v -0.2845335 0.08434288 -0.1281722
v -0.2828699 0.08423509 -0.1265588
v -0.2911837 0.08480169 -0.1291151
v -0.2889045 0.08464049 -0.1295157
v -0.2866125 0.0844826 -0.129191
v -0.2932279 0.08494928 -0.1280279
v -0.2856019 0.1392503 -0.1221633
v -0.2957744 0.08516869 -0.1196945
v -0.2961753 0.08518499 -0.1219795
v -0.2958517 0.08515099 -0.1242764
v -0.2886547 0.08469789 -0.1146884
v -0.290946 0.08485618 -0.1150132
v -0.2930256 0.08499558 -0.1160322
v -0.2855057 0.1392445 -0.1219812
v -0.2946894 0.08510329 -0.1176453
v -0.286375 0.08453709 -0.1150892
v -0.310158 -0.1202453 -0.1232405
v -0.3104819 -0.1202112 -0.1209433
v -0.3091428 -0.1203265 -0.1253245
v -0.2948363 0.08506979 -0.1263604
v -0.3075342 -0.120447 -0.1269918
v -0.3054901 -0.120595 -0.1280792
v -0.3032108 -0.1207558 -0.1284797
v -0.300919 -0.1209137 -0.128155
v -0.29884 -0.1210534 -0.127136
v -0.2971761 -0.1211611 -0.1255229
v -0.2960906 -0.1212262 -0.1234737
v -0.2817843 0.08417009 -0.1245096
v -0.2956901 -0.1212429 -0.1211887
v -0.3100806 -0.1202275 -0.1186586
v -0.3089959 -0.120293 -0.1166094
v -0.3073321 -0.1204007 -0.1149962
v -0.3052525 -0.1205405 -0.1139775
v -0.302961 -0.1206983 -0.1136525
v -0.3006813 -0.1208591 -0.1140533
v -0.298638 -0.1210071 -0.1151405
v -0.2970292 -0.1211276 -0.1168077
v -0.2960134 -0.1212089 -0.118892
v -0.2855189 0.1392415 -0.1227553
v -0.2902078 -0.1389045 -0.1212128
v -0.2927562 -0.138685 -0.1128748
v -0.290823 -0.1388396 -0.1168411
v -0.3042837 -0.137923 -0.1209793
v -0.2909701 -0.1388734 -0.1255615
v -0.2930358 -0.1387492 -0.1294618
v -0.2962024 -0.1385442 -0.1325317
v -0.30016 -0.1382785 -0.134471
v -0.3045215 -0.1379776 -0.1350892
v -0.3088594 -0.1376718 -0.1343265
v -0.3127495 -0.1373901 -0.1322573
v -0.3158107 -0.1371611 -0.1290841
v -0.3177439 -0.1370064 -0.1251176
v -0.3183592 -0.1369415 -0.1207459
v -0.317597 -0.1369726 -0.1163972
v -0.3123647 -0.1373018 -0.109427
v -0.3155312 -0.1370968 -0.1124971
v -0.3084072 -0.137568 -0.1074879
v -0.2997077 -0.1381746 -0.1076324
v -0.304046 -0.1378684 -0.1068697
v -0.2958175 -0.1384559 -0.1097014
v -0.2851462 -0.1362226 -0.09576848
v -0.2936831 -0.1332363 -0.09115198
v -0.2849821 -0.1338658 -0.0957804
v -0.2938473 -0.1355932 -0.09114006
v -0.3033863 -0.132552 -0.08944657
v -0.3035505 -0.1349089 -0.08943465
v -0.313141 -0.1318796 -0.0908294
v -0.3133051 -0.1342365 -0.09081748
v -0.2739755 -0.1370812 -0.111738
v -0.2781348 -0.1343787 -0.1028784
v -0.2738113 -0.1347243 -0.1117497
v -0.2782989 -0.1367355 -0.1028664
v -0.2743041 -0.1371566 -0.1312433
v -0.2724347 -0.1348697 -0.1215279
v -0.27414 -0.1348002 -0.1312552
v -0.2725988 -0.1372265 -0.121516
v -0.2860068 -0.13642 -0.1468332
v -0.27876 -0.1345222 -0.1399782
v -0.2858427 -0.1340636 -0.1468451
v -0.2789242 -0.1368791 -0.1399665
v -0.304614 -0.1351529 -0.1525533
v -0.2946949 -0.1334689 -0.1511824
v -0.30445 -0.1327965 -0.1525653
v -0.294859 -0.1358258 -0.1511705
v -0.3143168 -0.1344686 -0.1508479
v -0.3141526 -0.1321118 -0.1508596
v -0.3298651 -0.1333263 -0.1391216
v -0.3228537 -0.1314823 -0.1462312
v -0.329701 -0.1309699 -0.1391335
v -0.3230178 -0.1338392 -0.1462195
v -0.334189 -0.1329806 -0.13025
v -0.3340249 -0.1306237 -0.1302619
v -0.3338604 -0.1329051 -0.1107447
v -0.3354011 -0.1304789 -0.1204839
v -0.3336962 -0.1305483 -0.1107567
v -0.3355652 -0.1328353 -0.1204717
v -0.3292398 -0.1331827 -0.1020215
v -0.3290758 -0.1308264 -0.1020334
v -0.3219931 -0.1312849 -0.09516671
v -0.3221572 -0.1336418 -0.09515479
v -0.2944395 -0.137688 -0.09242585
v -0.2861162 -0.1382904 -0.09685329
v -0.2795664 -0.1387806 -0.103643
v -0.2754305 -0.1391116 -0.1121292
v -0.2741139 -0.1392503 -0.1214829
v -0.275745 -0.1391837 -0.1307874
v -0.2801647 -0.1389183 -0.1391318
v -0.2869397 -0.1384795 -0.1457005
v -0.2954073 -0.1379104 -0.1498492
v -0.3047388 -0.137267 -0.151172
v -0.3140201 -0.1366126 -0.1495407
v -0.3223436 -0.1360102 -0.1451133
v -0.3288934 -0.1355199 -0.1383236
v -0.3330291 -0.1351889 -0.1298375
v -0.3343454 -0.1350503 -0.1204839
v -0.3327148 -0.1351169 -0.1111791
v -0.3282954 -0.1353827 -0.102835
v -0.3215204 -0.1358215 -0.0962663
v -0.3130525 -0.1363901 -0.09211734
v -0.3037212 -0.1370336 -0.09079459
v -0.2787678 -0.1378899 -0.1031323
v -0.2745092 -0.1382306 -0.1118708
v -0.2855125 -0.1373849 -0.09614113
v -0.294083 -0.1367647 -0.09158185
v -0.3036405 -0.1360904 -0.08990195
v -0.3132491 -0.1354282 -0.09126404
v -0.3219685 -0.1348424 -0.0955365
v -0.3289448 -0.1343905 -0.1023002
v -0.3334962 -0.1341169 -0.1108926
v -0.3351757 -0.1340483 -0.1204737
v -0.33382 -0.1341913 -0.1301053
v -0.3295608 -0.1345321 -0.1388438
v -0.3228163 -0.1350372 -0.1458352
v -0.3142454 -0.1356569 -0.1503942
v -0.3046883 -0.1363312 -0.1520741
v -0.2950796 -0.1369934 -0.150712
v -0.2863604 -0.1375792 -0.1464396
v -0.2793835 -0.1380311 -0.1396759
v -0.2748329 -0.1383046 -0.1310835
v -0.2731534 -0.1383733 -0.1215022
v -0.480992 0.1392033 0.5039644
v -0.4804558 0.1391673 0.5042272
v -0.480981 0.139206 0.5046229
v -0.4803527 0.1391633 0.5048161
v -0.4804427 0.1391704 0.5050013
v -0.4809698 0.1392086 0.5052817
v -0.4773836 0.08415338 0.5047753
v -0.4777071 0.0841879 0.5070724
v -0.478723 0.08426909 0.5091565
v -0.4803313 0.08438958 0.5108237
v -0.4805335 0.08434288 0.4988279
v -0.4788699 0.08423509 0.5004413
v -0.4871837 0.08480169 0.497885
v -0.4849046 0.08464049 0.4974844
v -0.4826125 0.0844826 0.4978091
v -0.4892279 0.08494928 0.4989721
v -0.481602 0.1392503 0.5048368
v -0.4917745 0.08516869 0.5073056
v -0.4921754 0.08518499 0.5050206
v -0.4918517 0.08515099 0.5027237
v -0.4846547 0.08469789 0.5123117
v -0.486946 0.08485618 0.511987
v -0.4890256 0.08499558 0.510968
v -0.4815058 0.1392445 0.5050189
v -0.4906894 0.08510329 0.5093548
v -0.4823751 0.08453709 0.5119109
v -0.506158 -0.1202453 0.5037596
v -0.5064819 -0.1202112 0.5060568
v -0.5051428 -0.1203265 0.5016756
v -0.4908363 0.08506979 0.5006397
v -0.5035342 -0.120447 0.5000083
v -0.5014901 -0.120595 0.4989209
v -0.4992109 -0.1207558 0.4985203
v -0.4969191 -0.1209137 0.4988451
v -0.4948401 -0.1210534 0.4998641
v -0.4931761 -0.1211611 0.5014772
v -0.4920906 -0.1212262 0.5035264
v -0.4777843 0.08417009 0.5024905
v -0.4916902 -0.1212429 0.5058115
v -0.5060806 -0.1202275 0.5083416
v -0.5049959 -0.120293 0.5103908
v -0.5033321 -0.1204007 0.5120039
v -0.5012525 -0.1205405 0.5130227
v -0.498961 -0.1206983 0.5133476
v -0.4966814 -0.1208591 0.5129468
v -0.494638 -0.1210071 0.5118597
v -0.4930293 -0.1211276 0.5101924
v -0.4920135 -0.1212089 0.5081081
v -0.4815189 0.1392415 0.5042448
v -0.4862079 -0.1389045 0.5057874
v -0.4887562 -0.138685 0.5141253
v -0.486823 -0.1388396 0.510159
v -0.5002837 -0.137923 0.5060208
v -0.4869701 -0.1388734 0.5014386
v -0.4890359 -0.1387492 0.4975383
v -0.4922024 -0.1385442 0.4944684
v -0.4961601 -0.1382785 0.4925291
v -0.5005215 -0.1379776 0.4919109
v -0.5048594 -0.1376718 0.4926736
v -0.5087495 -0.1373901 0.4947428
v -0.5118107 -0.1371611 0.497916
v -0.5137439 -0.1370064 0.5018826
v -0.5143592 -0.1369415 0.5062542
v -0.513597 -0.1369726 0.510603
v -0.5083647 -0.1373018 0.5175731
v -0.5115312 -0.1370968 0.514503
v -0.5044072 -0.137568 0.5195122
v -0.4957078 -0.1381746 0.5193677
v -0.500046 -0.1378684 0.5201304
v -0.4918175 -0.1384559 0.5172987
v -0.4811462 -0.1362226 0.5312316
v -0.4896832 -0.1332363 0.5358481
v -0.4809821 -0.1338658 0.5312197
v -0.4898473 -0.1355932 0.5358601
v -0.4993863 -0.132552 0.5375535
v -0.4995505 -0.1349089 0.5375655
v -0.509141 -0.1318796 0.5361707
v -0.5093051 -0.1342365 0.5361826
v -0.4699755 -0.1370812 0.5152621
v -0.4741348 -0.1343787 0.5241218
v -0.4698114 -0.1347243 0.5152504
v -0.474299 -0.1367355 0.5241337
v -0.4703042 -0.1371566 0.4957568
v -0.4684347 -0.1348697 0.5054722
v -0.47014 -0.1348002 0.4957449
v -0.4685989 -0.1372265 0.5054841
v -0.4820068 -0.13642 0.4801669
v -0.4747601 -0.1345222 0.4870219
v -0.4818428 -0.1340636 0.480155
v -0.4749242 -0.1368791 0.4870336
v -0.500614 -0.1351529 0.4744467
v -0.4906949 -0.1334689 0.4758177
v -0.50045 -0.1327965 0.4744348
v -0.4908591 -0.1358258 0.4758296
v -0.5103168 -0.1344686 0.4761522
v -0.5101526 -0.1321118 0.4761405
v -0.5258651 -0.1333263 0.4878785
v -0.5188537 -0.1314823 0.4807689
v -0.525701 -0.1309699 0.4878666
v -0.5190178 -0.1338392 0.4807806
v -0.530189 -0.1329806 0.4967501
v -0.5300249 -0.1306237 0.4967382
v -0.5298604 -0.1329051 0.5162554
v -0.5314012 -0.1304789 0.5065162
v -0.5296962 -0.1305483 0.5162435
v -0.5315652 -0.1328353 0.5065284
v -0.5252398 -0.1331827 0.5249786
v -0.5250758 -0.1308264 0.5249667
v -0.5179931 -0.1312849 0.5318334
v -0.5181572 -0.1336418 0.5318453
v -0.4904396 -0.137688 0.5345743
v -0.4821163 -0.1382904 0.5301468
v -0.4755664 -0.1387806 0.5233572
v -0.4714306 -0.1391116 0.5148709
v -0.4701139 -0.1392503 0.5055172
v -0.471745 -0.1391837 0.4962127
v -0.4761647 -0.1389183 0.4878683
v -0.4829397 -0.1384795 0.4812996
v -0.4914073 -0.1379104 0.4771509
v -0.5007389 -0.137267 0.4758281
v -0.5100201 -0.1366126 0.4774594
v -0.5183436 -0.1360102 0.4818868
v -0.5248934 -0.1355199 0.4886765
v -0.5290291 -0.1351889 0.4971626
v -0.5303454 -0.1350503 0.5065162
v -0.5287148 -0.1351169 0.515821
v -0.5242954 -0.1353827 0.5241652
v -0.5175204 -0.1358215 0.5307338
v -0.5090525 -0.1363901 0.5348828
v -0.4997212 -0.1370336 0.5362055
v -0.4747678 -0.1378899 0.5238678
v -0.4705092 -0.1382306 0.5151293
v -0.4815126 -0.1373849 0.530859
v -0.490083 -0.1367647 0.5354183
v -0.4996405 -0.1360904 0.5370982
v -0.5092491 -0.1354282 0.5357361
v -0.5179685 -0.1348424 0.5314636
v -0.5249448 -0.1343905 0.5246999
v -0.5294962 -0.1341169 0.5161076
v -0.5311757 -0.1340483 0.5065265
v -0.52982 -0.1341913 0.4968948
v -0.5255609 -0.1345321 0.4881563
v -0.5188164 -0.1350372 0.4811649
v -0.5102454 -0.1356569 0.4766059
v -0.5006883 -0.1363312 0.474926
v -0.4910796 -0.1369934 0.4762881
v -0.4823604 -0.1375792 0.4805605
v -0.4753835 -0.1380311 0.4873242
v -0.470833 -0.1383046 0.4959166
v -0.4691534 -0.1383733 0.5054979
v -0.385992 0.1392033 0.5309644
v -0.3854558 0.1391673 0.5312271
v -0.385981 0.139206 0.5316229
v -0.3853526 0.1391633 0.531816
v -0.3854426 0.1391704 0.5320013
v -0.3859698 0.1392086 0.5322816
v -0.3823836 0.08415338 0.5317752
v -0.382707 0.0841879 0.5340724
v -0.3837229 0.08426909 0.5361564
v -0.3853313 0.08438958 0.5378237
v -0.3855335 0.08434288 0.5258279
v -0.3838699 0.08423509 0.5274413
v -0.3921837 0.08480169 0.5248849
v -0.3899045 0.08464049 0.5244844
v -0.3876125 0.0844826 0.5248091
v -0.3942279 0.08494928 0.5259721
v -0.386602 0.1392503 0.5318367
v -0.3967744 0.08516869 0.5343056
v -0.3971753 0.08518499 0.5320206
v -0.3968517 0.08515099 0.5297236
v -0.3896547 0.08469789 0.5393116
v -0.391946 0.08485618 0.5389869
v -0.3940256 0.08499558 0.5379679
v -0.3865058 0.1392445 0.5320189
v -0.3956894 0.08510329 0.5363548
v -0.387375 0.08453709 0.5389109
v -0.411158 -0.1202453 0.5307596
v -0.4114819 -0.1202112 0.5330567
v -0.4101428 -0.1203265 0.5286756
v -0.3958363 0.08506979 0.5276396
v -0.4085342 -0.120447 0.5270083
v -0.4064901 -0.120595 0.5259209
v -0.4042108 -0.1207558 0.5255203
v -0.401919 -0.1209137 0.5258451
v -0.39984 -0.1210534 0.5268641
v -0.3981761 -0.1211611 0.5284772
v -0.3970906 -0.1212262 0.5305264
v -0.3827843 0.08417009 0.5294905
v -0.3966902 -0.1212429 0.5328114
v -0.4110806 -0.1202275 0.5353415
v -0.4099959 -0.120293 0.5373907
v -0.4083321 -0.1204007 0.5390038
v -0.4062525 -0.1205405 0.5400226
v -0.403961 -0.1206983 0.5403476
v -0.4016813 -0.1208591 0.5399468
v -0.399638 -0.1210071 0.5388596
v -0.3980292 -0.1211276 0.5371923
v -0.3970135 -0.1212089 0.5351081
v -0.3865189 0.1392415 0.5312448
v -0.3912078 -0.1389045 0.5327873
v -0.3937562 -0.138685 0.5411253
v -0.391823 -0.1388396 0.537159
v -0.4052837 -0.137923 0.5330207
v -0.3919701 -0.1388734 0.5284386
v -0.3940358 -0.1387492 0.5245383
v -0.3972024 -0.1385442 0.5214684
v -0.40116 -0.1382785 0.5195291
v -0.4055215 -0.1379776 0.5189109
v -0.4098594 -0.1376718 0.5196736
v -0.4137495 -0.1373901 0.5217428
v -0.4168107 -0.1371611 0.5249159
v -0.4187439 -0.1370064 0.5288825
v -0.4193592 -0.1369415 0.5332541
v -0.418597 -0.1369726 0.5376029
v -0.4133647 -0.1373018 0.5445731
v -0.4165312 -0.1370968 0.541503
v -0.4094072 -0.137568 0.5465121
v -0.4007078 -0.1381746 0.5463676
v -0.405046 -0.1378684 0.5471303
v -0.3968175 -0.1384559 0.5442986
v -0.3861462 -0.1362226 0.5582316
v -0.3946832 -0.1332363 0.5628481
v -0.3859821 -0.1338658 0.5582197
v -0.3948473 -0.1355932 0.56286
v -0.4043863 -0.132552 0.5645535
v -0.4045505 -0.1349089 0.5645654
v -0.414141 -0.1318796 0.5631707
v -0.4143051 -0.1342365 0.5631826
v -0.3749755 -0.1370812 0.5422621
v -0.3791348 -0.1343787 0.5511217
v -0.3748113 -0.1347243 0.5422504
v -0.379299 -0.1367355 0.5511336
v -0.3753041 -0.1371566 0.5227568
v -0.3734347 -0.1348697 0.5324721
v -0.37514 -0.1348002 0.5227449
v -0.3735988 -0.1372265 0.5324841
v -0.3870068 -0.13642 0.5071669
v -0.3797601 -0.1345222 0.5140219
v -0.3868428 -0.1340636 0.5071549
v -0.3799242 -0.1368791 0.5140336
v -0.405614 -0.1351529 0.5014467
v -0.3956949 -0.1334689 0.5028176
v -0.40545 -0.1327965 0.5014348
v -0.395859 -0.1358258 0.5028296
v -0.4153168 -0.1344686 0.5031521
v -0.4151526 -0.1321118 0.5031404
v -0.4308651 -0.1333263 0.5148785
v -0.4238537 -0.1314823 0.5077689
v -0.430701 -0.1309699 0.5148666
v -0.4240178 -0.1338392 0.5077806
v -0.435189 -0.1329806 0.5237501
v -0.4350249 -0.1306237 0.5237381
v -0.4348604 -0.1329051 0.5432553
v -0.4364012 -0.1304789 0.5335162
v -0.4346962 -0.1305483 0.5432434
v -0.4365652 -0.1328353 0.5335283
v -0.4302398 -0.1331827 0.5519786
v -0.4300758 -0.1308264 0.5519667
v -0.4229931 -0.1312849 0.5588334
v -0.4231572 -0.1336418 0.5588453
v -0.3954395 -0.137688 0.5615742
v -0.3871162 -0.1382904 0.5571468
v -0.3805664 -0.1387806 0.5503571
v -0.3764305 -0.1391116 0.5418708
v -0.3751139 -0.1392503 0.5325172
v -0.376745 -0.1391837 0.5232127
v -0.3811647 -0.1389183 0.5148683
v -0.3879397 -0.1384795 0.5082996
v -0.3964073 -0.1379104 0.5041509
v -0.4057389 -0.137267 0.5028281
v -0.4150201 -0.1366126 0.5044594
v -0.4233436 -0.1360102 0.5088868
v -0.4298934 -0.1355199 0.5156765
v -0.4340291 -0.1351889 0.5241625
v -0.4353454 -0.1350503 0.5335162
v -0.4337148 -0.1351169 0.5428209
v -0.4292955 -0.1353827 0.5511651
v -0.4225204 -0.1358215 0.5577338
v -0.4140525 -0.1363901 0.5618827
v -0.4047212 -0.1370336 0.5632055
v -0.3797678 -0.1378899 0.5508678
v -0.3755092 -0.1382306 0.5421293
v -0.3865125 -0.1373849 0.5578589
v -0.395083 -0.1367647 0.5624182
v -0.4046405 -0.1360904 0.5640981
v -0.4142491 -0.1354282 0.562736
v -0.4229685 -0.1348424 0.5584636
v -0.4299448 -0.1343905 0.5516999
v -0.4344962 -0.1341169 0.5431075
v -0.4361757 -0.1340483 0.5335264
v -0.43482 -0.1341913 0.5238948
v -0.4305609 -0.1345321 0.5151563
v -0.4238164 -0.1350372 0.5081649
v -0.4152454 -0.1356569 0.5036058
v -0.4056883 -0.1363312 0.5019259
v -0.3960796 -0.1369934 0.503288
v -0.3873604 -0.1375792 0.5075605
v -0.3803835 -0.1380311 0.5143242
v -0.3758329 -0.1383046 0.5229166
v -0.3741534 -0.1383733 0.5324979
v -0.3459919 0.1392033 0.2989645
v -0.3454557 0.1391673 0.2992272
v -0.345981 0.139206 0.299623
v -0.3453526 0.1391633 0.2998161
v -0.3454426 0.1391704 0.3000014
v -0.3459698 0.1392086 0.3002817
v -0.3423836 0.08415338 0.2997753
v -0.342707 0.0841879 0.3020725
v -0.3437229 0.08426909 0.3041565
v -0.3453313 0.08438958 0.3058238
v -0.3455335 0.08434288 0.293828
v -0.3438699 0.08423509 0.2954414
v -0.3521837 0.08480169 0.292885
v -0.3499045 0.08464049 0.2924845
v -0.3476125 0.0844826 0.2928092
v -0.3542279 0.08494928 0.2939722
v -0.3466019 0.1392503 0.2998368
v -0.3567744 0.08516869 0.3023057
v -0.3571753 0.08518499 0.3000207
v -0.3568517 0.08515099 0.2977237
v -0.3496546 0.08469789 0.3073117
v -0.351946 0.08485618 0.306987
v -0.3540256 0.08499558 0.305968
v -0.3465057 0.1392445 0.300019
v -0.3556894 0.08510329 0.3043549
v -0.347375 0.08453709 0.306911
v -0.371158 -0.1202453 0.2987597
v -0.3714819 -0.1202112 0.3010568
v -0.3701428 -0.1203265 0.2966757
v -0.3558362 0.08506979 0.2956397
v -0.3685342 -0.120447 0.2950084
v -0.3664901 -0.120595 0.293921
v -0.3642108 -0.1207558 0.2935204
v -0.361919 -0.1209137 0.2938451
v -0.35984 -0.1210534 0.2948641
v -0.3581761 -0.1211611 0.2964773
v -0.3570906 -0.1212262 0.2985265
v -0.3427843 0.08417009 0.2974906
v -0.3566901 -0.1212429 0.3008115
v -0.3710806 -0.1202275 0.3033416
v -0.3699959 -0.120293 0.3053908
v -0.3683321 -0.1204007 0.3070039
v -0.3662525 -0.1205405 0.3080227
v -0.363961 -0.1206983 0.3083477
v -0.3616813 -0.1208591 0.3079469
v -0.3596379 -0.1210071 0.3068597
v -0.3580292 -0.1211276 0.3051924
v -0.3570134 -0.1212089 0.3031082
v -0.3465188 0.1392415 0.2992449
v -0.3512078 -0.1389045 0.3007874
v -0.3537562 -0.138685 0.3091254
v -0.3518229 -0.1388396 0.3051591
v -0.3652837 -0.137923 0.3010208
v -0.35197 -0.1388734 0.2964387
v -0.3540358 -0.1387492 0.2925384
v -0.3572024 -0.1385442 0.2894685
v -0.36116 -0.1382785 0.2875292
v -0.3655215 -0.1379776 0.286911
v -0.3698594 -0.1376718 0.2876737
v -0.3737495 -0.1373901 0.2897429
v -0.3768106 -0.1371611 0.292916
v -0.3787439 -0.1370064 0.2968826
v -0.3793592 -0.1369415 0.3012542
v -0.378597 -0.1369726 0.305603
v -0.3733647 -0.1373018 0.3125732
v -0.3765312 -0.1370968 0.309503
v -0.3694071 -0.137568 0.314512
v -0.3607077 -0.1381746 0.3143675
v -0.365046 -0.1378684 0.3151304
v -0.3568175 -0.1384559 0.3122985
v -0.3461462 -0.1362226 0.3262317
v -0.3546831 -0.1332363 0.3308479
v -0.345982 -0.1338658 0.3262198
v -0.3548473 -0.1355932 0.3308599
v -0.3643863 -0.132552 0.3325536
v -0.3645504 -0.1349089 0.3325655
v -0.3741409 -0.1318796 0.3311708
v -0.3743051 -0.1342365 0.3311827
v -0.3349755 -0.1370812 0.3102622
v -0.3391348 -0.1343787 0.3191216
v -0.3348113 -0.1347243 0.3102505
v -0.3392989 -0.1367355 0.3191335
v -0.3353041 -0.1371566 0.2907569
v -0.3334347 -0.1348697 0.3004722
v -0.33514 -0.1348002 0.290745
v -0.3335988 -0.1372265 0.3004842
v -0.3470068 -0.13642 0.275167
v -0.33976 -0.1345222 0.282022
v -0.3468427 -0.1340636 0.275155
v -0.3399242 -0.1368791 0.2820337
v -0.365614 -0.1351529 0.2694468
v -0.3556949 -0.1334689 0.2708177
v -0.36545 -0.1327965 0.2694349
v -0.355859 -0.1358258 0.2708296
v -0.3753168 -0.1344686 0.2711522
v -0.3751526 -0.1321118 0.2711405
v -0.3908651 -0.1333263 0.2828786
v -0.3838536 -0.1314823 0.275769
v -0.390701 -0.1309699 0.2828667
v -0.3840178 -0.1338392 0.2757806
v -0.395189 -0.1329806 0.2917502
v -0.3950249 -0.1306237 0.2917382
v -0.3948604 -0.1329051 0.3112554
v -0.3964011 -0.1304789 0.3015163
v -0.3946962 -0.1305483 0.3112435
v -0.3965652 -0.1328353 0.3015284
v -0.3902398 -0.1331827 0.3199784
v -0.3900758 -0.1308264 0.3199665
v -0.3829931 -0.1312849 0.3268335
v -0.3831572 -0.1336418 0.3268454
v -0.3554395 -0.137688 0.3295743
v -0.3471162 -0.1382904 0.3251469
v -0.3405664 -0.1387806 0.3183572
v -0.3364305 -0.1391116 0.3098709
v -0.3351139 -0.1392503 0.3005173
v -0.336745 -0.1391837 0.2912128
v -0.3411647 -0.1389183 0.2828684
v -0.3479397 -0.1384795 0.2762997
v -0.3564073 -0.1379104 0.272151
v -0.3657388 -0.137267 0.2708282
v -0.3750201 -0.1366126 0.2724595
v -0.3833435 -0.1360102 0.2768869
v -0.3898934 -0.1355199 0.2836766
v -0.3940291 -0.1351889 0.2921626
v -0.3953454 -0.1350503 0.3015163
v -0.3937148 -0.1351169 0.310821
v -0.3892954 -0.1353827 0.319165
v -0.3825204 -0.1358215 0.3257339
v -0.3740525 -0.1363901 0.3298828
v -0.3647211 -0.1370336 0.3312056
v -0.3397678 -0.1378899 0.3188679
v -0.3355092 -0.1382306 0.3101294
v -0.3465125 -0.1373849 0.3258588
v -0.355083 -0.1367647 0.3304183
v -0.3646404 -0.1360904 0.3320982
v -0.3742491 -0.1354282 0.3307359
v -0.3829685 -0.1348424 0.3264634
v -0.3899448 -0.1343905 0.3197
v -0.3944962 -0.1341169 0.3111076
v -0.3961757 -0.1340483 0.3015265
v -0.3948199 -0.1341913 0.2918949
v -0.3905608 -0.1345321 0.2831564
v -0.3838163 -0.1350372 0.276165
v -0.3752454 -0.1356569 0.2716059
v -0.3656883 -0.1363312 0.269926
v -0.3560795 -0.1369934 0.2712881
v -0.3473603 -0.1375792 0.2755606
v -0.3403835 -0.1380311 0.2823243
v -0.3358329 -0.1383046 0.2909167
v -0.3341534 -0.1383733 0.300498
v -0.166992 0.1392033 0.2989645
v -0.1664558 0.1391673 0.2992272
v -0.166981 0.139206 0.299623
v -0.1663527 0.1391633 0.2998161
v -0.1664427 0.1391704 0.3000014
v -0.1669698 0.1392086 0.3002817
v -0.1633836 0.08415338 0.2997753
v -0.163707 0.0841879 0.3020725
v -0.1647229 0.08426909 0.3041565
v -0.1663313 0.08438958 0.3058238
v -0.1665335 0.08434288 0.293828
v -0.1648699 0.08423509 0.2954414
v -0.1731837 0.08480169 0.292885
v -0.1709045 0.08464049 0.2924845
v -0.1686125 0.0844826 0.2928092
v -0.1752279 0.08494928 0.2939722
v -0.167602 0.1392503 0.2998368
v -0.1777745 0.08516869 0.3023057
v -0.1781754 0.08518499 0.3000207
v -0.1778517 0.08515099 0.2977237
v -0.1706547 0.08469789 0.3073117
v -0.172946 0.08485618 0.306987
v -0.1750256 0.08499558 0.305968
v -0.1675058 0.1392445 0.300019
v -0.1766894 0.08510329 0.3043549
v -0.168375 0.08453709 0.306911
v -0.192158 -0.1202453 0.2987597
v -0.1924819 -0.1202112 0.3010568
v -0.1911428 -0.1203265 0.2966757
v -0.1768363 0.08506979 0.2956397
v -0.1895342 -0.120447 0.2950084
v -0.1874901 -0.120595 0.293921
v -0.1852109 -0.1207558 0.2935204
v -0.1829191 -0.1209137 0.2938451
v -0.18084 -0.1210534 0.2948641
v -0.1791761 -0.1211611 0.2964773
v -0.1780906 -0.1212262 0.2985265
v -0.1637843 0.08417009 0.2974906
v -0.1776902 -0.1212429 0.3008115
v -0.1920806 -0.1202275 0.3033416
v -0.190996 -0.120293 0.3053908
v -0.1893322 -0.1204007 0.3070039
v -0.1872526 -0.1205405 0.3080227
v -0.184961 -0.1206983 0.3083477
v -0.1826814 -0.1208591 0.3079469
v -0.180638 -0.1210071 0.3068597
v -0.1790293 -0.1211276 0.3051924
v -0.1780135 -0.1212089 0.3031082
v -0.1675189 0.1392415 0.2992449
v -0.1722079 -0.1389045 0.3007874
v -0.1747562 -0.138685 0.3091254
v -0.172823 -0.1388396 0.3051591
v -0.1862837 -0.137923 0.3010208
v -0.1729701 -0.1388734 0.2964387
v -0.1750359 -0.1387492 0.2925384
v -0.1782024 -0.1385442 0.2894685
v -0.18216 -0.1382785 0.2875292
v -0.1865216 -0.1379776 0.286911
v -0.1908595 -0.1376718 0.2876737
v -0.1947495 -0.1373901 0.2897429
v -0.1978107 -0.1371611 0.292916
v -0.1997439 -0.1370064 0.2968826
v -0.2003593 -0.1369415 0.3012542
v -0.199597 -0.1369726 0.305603
v -0.1943647 -0.1373018 0.3125732
v -0.1975313 -0.1370968 0.309503
v -0.1904072 -0.137568 0.314512
v -0.1817078 -0.1381746 0.3143675
v -0.186046 -0.1378684 0.3151304
v -0.1778175 -0.1384559 0.3122985
v -0.1671462 -0.1362226 0.3262317
v -0.1756832 -0.1332363 0.3308479
v -0.1669821 -0.1338658 0.3262198
v -0.1758473 -0.1355932 0.3308599
v -0.1853863 -0.132552 0.3325536
v -0.1855505 -0.1349089 0.3325655
v -0.195141 -0.1318796 0.3311708
v -0.1953051 -0.1342365 0.3311827
v -0.1559755 -0.1370812 0.3102622
v -0.1601348 -0.1343787 0.3191216
v -0.1558113 -0.1347243 0.3102505
v -0.160299 -0.1367355 0.3191335
v -0.1563042 -0.1371566 0.2907569
v -0.1544347 -0.1348697 0.3004722
v -0.15614 -0.1348002 0.290745
v -0.1545989 -0.1372265 0.3004842
v -0.1680068 -0.13642 0.275167
v -0.1607601 -0.1345222 0.282022
v -0.1678428 -0.1340636 0.275155
v -0.1609242 -0.1368791 0.2820337
v -0.1866141 -0.1351529 0.2694468
v -0.1766949 -0.1334689 0.2708177
v -0.18645 -0.1327965 0.2694349
v -0.1768591 -0.1358258 0.2708296
v -0.1963169 -0.1344686 0.2711522
v -0.1961526 -0.1321118 0.2711405
v -0.2118651 -0.1333263 0.2828786
v -0.2048537 -0.1314823 0.275769
v -0.2117011 -0.1309699 0.2828667
v -0.2050178 -0.1338392 0.2757806
v -0.2161891 -0.1329806 0.2917502
v -0.2160249 -0.1306237 0.2917382
v -0.2158604 -0.1329051 0.3112554
v -0.2174012 -0.1304789 0.3015163
v -0.2156962 -0.1305483 0.3112435
v -0.2175652 -0.1328353 0.3015284
v -0.2112398 -0.1331827 0.3199784
v -0.2110758 -0.1308264 0.3199665
v -0.2039931 -0.1312849 0.3268335
v -0.2041573 -0.1336418 0.3268454
v -0.1764396 -0.137688 0.3295743
v -0.1681162 -0.1382904 0.3251469
v -0.1615664 -0.1387806 0.3183572
v -0.1574306 -0.1391116 0.3098709
v -0.1561139 -0.1392503 0.3005173
v -0.157745 -0.1391837 0.2912128
v -0.1621647 -0.1389183 0.2828684
v -0.1689397 -0.1384795 0.2762997
v -0.1774073 -0.1379104 0.272151
v -0.1867389 -0.137267 0.2708282
v -0.1960202 -0.1366126 0.2724595
v -0.2043436 -0.1360102 0.2768869
v -0.2108934 -0.1355199 0.2836766
v -0.2150292 -0.1351889 0.2921626
v -0.2163455 -0.1350503 0.3015163
v -0.2147148 -0.1351169 0.310821
v -0.2102955 -0.1353827 0.319165
v -0.2035204 -0.1358215 0.3257339
v -0.1950525 -0.1363901 0.3298828
v -0.1857212 -0.1370336 0.3312056
v -0.1607678 -0.1378899 0.3188679
v -0.1565092 -0.1382306 0.3101294
v -0.1675126 -0.1373849 0.3258588
v -0.176083 -0.1367647 0.3304183
v -0.1856405 -0.1360904 0.3320982
v -0.1952491 -0.1354282 0.3307359
v -0.2039686 -0.1348424 0.3264634
v -0.2109448 -0.1343905 0.3197
v -0.2154962 -0.1341169 0.3111076
v -0.2171758 -0.1340483 0.3015265
v -0.21582 -0.1341913 0.2918949
v -0.2115609 -0.1345321 0.2831564
v -0.2048164 -0.1350372 0.276165
v -0.1962455 -0.1356569 0.2716059
v -0.1866883 -0.1363312 0.269926
v -0.1770796 -0.1369934 0.2712881
v -0.1683604 -0.1375792 0.2755606
v -0.1613835 -0.1380311 0.2823243
v -0.156833 -0.1383046 0.2909167
v -0.1551534 -0.1383733 0.300498
v -0.193992 0.1392033 0.01796433
v -0.1934558 0.1391673 0.01822707
v -0.193981 0.139206 0.01862285
v -0.1933527 0.1391633 0.01881596
v -0.1934427 0.1391704 0.01900122
v -0.1939698 0.1392086 0.0192816
v -0.1903836 0.08415338 0.01877519
v -0.1907071 0.0841879 0.02107236
v -0.191723 0.08426909 0.02315637
v -0.1933313 0.08438958 0.02482364
v -0.1935335 0.08434288 0.01282784
v -0.1918699 0.08423509 0.01444122
v -0.2001837 0.08480169 0.0118849
v -0.1979046 0.08464049 0.01148435
v -0.1956125 0.0844826 0.01180908
v -0.2022279 0.08494928 0.01297209
v -0.194602 0.1392503 0.01883671
v -0.2047745 0.08516869 0.02130553
v -0.2051754 0.08518499 0.01902053
v -0.2048517 0.08515099 0.0167236
v -0.1976547 0.08469789 0.02631161
v -0.199946 0.08485618 0.02598688
v -0.2020256 0.08499558 0.02496788
v -0.1945058 0.1392445 0.01901886
v -0.2036894 0.08510329 0.02335474
v -0.1953751 0.08453709 0.02591082
v -0.219158 -0.1202453 0.01775953
v -0.2194819 -0.1202112 0.02005669
v -0.2181428 -0.1203265 0.01567551
v -0.2038363 0.08506979 0.01463959
v -0.2165342 -0.120447 0.01400825
v -0.2144901 -0.120595 0.01292083
v -0.2122109 -0.1207558 0.01252028
v -0.2099191 -0.1209137 0.01284501
v -0.2078401 -0.1210534 0.01386401
v -0.2061761 -0.1211611 0.01547715
v -0.2050906 -0.1212262 0.01752636
v -0.1907843 0.08417009 0.01649043
v -0.2046902 -0.1212429 0.01981136
v -0.2190807 -0.1202275 0.02234146
v -0.217996 -0.120293 0.02439067
v -0.2163322 -0.1204007 0.02600381
v -0.2142526 -0.1205405 0.02702257
v -0.211961 -0.1206983 0.02734753
v -0.2096814 -0.1208591 0.02694675
v -0.207638 -0.1210071 0.02585956
v -0.2060293 -0.1211276 0.0241923
v -0.2050135 -0.1212089 0.02210805
v -0.1945189 0.1392415 0.01824471
v -0.1992079 -0.1389045 0.01978728
v -0.2017562 -0.138685 0.02812526
v -0.199823 -0.1388396 0.02415892
v -0.2132837 -0.137923 0.02002069
v -0.1999701 -0.1388734 0.01543853
v -0.2020359 -0.1387492 0.01153824
v -0.2052024 -0.1385442 0.00846836
v -0.2091601 -0.1382785 0.006529063
v -0.2135216 -0.1379776 0.005910844
v -0.2178595 -0.1376718 0.006673545
v -0.2217495 -0.1373901 0.008742779
v -0.2248107 -0.1371611 0.01191589
v -0.2267439 -0.1370064 0.01588246
v -0.2273593 -0.1369415 0.02025411
v -0.226597 -0.1369726 0.02460286
v -0.2213647 -0.1373018 0.03157303
v -0.2245313 -0.1370968 0.02850291
v -0.2174072 -0.137568 0.03351209
v -0.2087078 -0.1381746 0.0333676
v -0.213046 -0.1378684 0.03413031
v -0.2048175 -0.1384559 0.03129861
v -0.1941462 -0.1362226 0.04523155
v -0.2026832 -0.1332363 0.04984805
v -0.1939821 -0.1338658 0.04521963
v -0.2028473 -0.1355932 0.04985997
v -0.2123863 -0.132552 0.05155346
v -0.2125505 -0.1349089 0.05156538
v -0.222141 -0.1318796 0.05017063
v -0.2223051 -0.1342365 0.05018255
v -0.1829755 -0.1370812 0.02926204
v -0.1871348 -0.1343787 0.03812167
v -0.1828113 -0.1347243 0.02925035
v -0.187299 -0.1367355 0.03813359
v -0.1833042 -0.1371566 0.009756774
v -0.1814347 -0.1348697 0.01947209
v -0.18314 -0.1348002 0.009744853
v -0.1815989 -0.1372265 0.01948401
v -0.1950068 -0.13642 -0.005833179
v -0.1877601 -0.1345222 0.001021832
v -0.1948428 -0.1340636 -0.0058451
v -0.1879242 -0.1368791 0.001033515
v -0.2136141 -0.1351529 -0.01155332
v -0.2036949 -0.1334689 -0.01018241
v -0.21345 -0.1327965 -0.01156524
v -0.2038591 -0.1358258 -0.01017049
v -0.2233169 -0.1344686 -0.009847909
v -0.2231526 -0.1321118 -0.009859592
v -0.2388651 -0.1333263 0.00187847
v -0.2318537 -0.1314823 -0.005231172
v -0.2387011 -0.1309699 0.001866549
v -0.2320178 -0.1338392 -0.005219489
v -0.2431891 -0.1329806 0.01075003
v -0.2430249 -0.1306237 0.0107381
v -0.2428604 -0.1329051 0.03025529
v -0.2444012 -0.1304789 0.02051613
v -0.2426963 -0.1305483 0.03024337
v -0.2445652 -0.1328353 0.02052829
v -0.2382399 -0.1331827 0.03897855
v -0.2380758 -0.1308264 0.03896663
v -0.2309931 -0.1312849 0.04583332
v -0.2311573 -0.1336418 0.04584524
v -0.2034396 -0.137688 0.04857418
v -0.1951163 -0.1382904 0.04414675
v -0.1885664 -0.1387806 0.03735706
v -0.1844306 -0.1391116 0.02887079
v -0.1831139 -0.1392503 0.01951715
v -0.184745 -0.1391837 0.01021263
v -0.1891647 -0.1389183 0.001868218
v -0.1959397 -0.1384795 -0.004700452
v -0.2044073 -0.1379104 -0.008849174
v -0.2137389 -0.137267 -0.01017192
v -0.2230202 -0.1366126 -0.00854066
v -0.2313436 -0.1360102 -0.004113227
v -0.2378934 -0.1355199 0.002676457
v -0.2420292 -0.1351889 0.01116249
v -0.2433455 -0.1350503 0.02051613
v -0.2417148 -0.1351169 0.02982089
v -0.2372955 -0.1353827 0.03816506
v -0.2305205 -0.1358215 0.04473373
v -0.2220525 -0.1363901 0.04888269
v -0.2127212 -0.1370336 0.05020544
v -0.1877678 -0.1378899 0.03786775
v -0.1835092 -0.1382306 0.02912924
v -0.1945126 -0.1373849 0.0448589
v -0.203083 -0.1367647 0.04941818
v -0.2126405 -0.1360904 0.05109808
v -0.2222491 -0.1354282 0.04973599
v -0.2309686 -0.1348424 0.04546353
v -0.2379448 -0.1343905 0.03869984
v -0.2424962 -0.1341169 0.03010747
v -0.2441758 -0.1340483 0.02052638
v -0.24282 -0.1341913 0.01089475
v -0.2385609 -0.1345321 0.002156228
v -0.2318164 -0.1350372 -0.004835159
v -0.2232455 -0.1356569 -0.009394199
v -0.2136883 -0.1363312 -0.0110741
v -0.2040796 -0.1369934 -0.009712011
v -0.1953604 -0.1375792 -0.00543955
v -0.1883835 -0.1380311 0.001324147
v -0.183833 -0.1383046 0.009916514
v -0.1821534 -0.1383733 0.01949784

vt 0.5002243 0.9960608
vt 0.653533 0.971779
vt 0.5002245 0.4999442
vt 0.9720591 0.3466357
vt 0.901591 0.2083343
vt 0.5002242 0.003827723
vt 0.6535327 0.02810941
vt 0.0001035245 0.2054838
vt 0.001688071 0.150433
vt -0.000631813 0.150433
vt 0.0004252531 0.2055081
vt -0.0006231628 0.2055728
vt 0.000747256 0.1504229
vt -0.001572624 0.1504229
vt 0.001160604 0.1504087
vt -0.0005158037 0.205498
vt 0.0006312393 0.2055081
vt 0.8998432 0.0004537381
vt 0.9997491 0.9994308
vt 0.999749 0.0004537381
vt 0.8998435 0.9994308
vt 0.799938 0.0004537381
vt 0.7999381 0.9994308
vt 0.7000327 0.0004537381
vt 0.7000328 0.9994308
vt 0.6001273 0.0004537381
vt 0.6001273 0.9994308
vt 0.500222 0.0004537381
vt 0.500222 0.9994308
vt 0.4003165 0.0004537381
vt 0.4003165 0.9994308
vt 0.300411 0.0004537381
vt 0.300411 0.9994308
vt 0.2005054 0.0004537381
vt 0.2005053 0.9994308
vt 0.1005999 0.0004537381
vt 0.1005996 0.9994308
vt 0.0006936856 0.0004537381
vt 0.0006940446 0.9994308
vt 0.9015915 0.7915539
vt 0.9963408 0.4999439
vt 0.9720596 0.6532523
vt 0.2086144 0.09857755
vt 0.09885782 0.2083341
vt 0.02838971 0.3466356
vt 0.0283896 0.6532522
vt 0.2086142 0.9013106
vt 0.0988576 0.7915537
vt 0.004108027 0.4999439
vt 0.3469157 0.971779
vt 0.7918347 0.9013107
vt 0.7918344 0.09857755
vt 0.3469159 0.02810938
vt -0.001159273 0.1504087
vt 0.01798849 -0.4273068
vt -0.0179907 -0.4187002
vt 0.01798849 -0.4187002
vt -0.0179907 -0.4273068
vt -0.04623203 0.03425327
vt -0.02226775 0.02101525
vt -0.02354545 0.01948529
vt -0.03938361 0.041817
vt 0.0243547 0.08561043
vt 0.02052067 0.02252599
vt 0.006191414 0.02983564
vt 0.05501249 0.06997053
vt 0.04962522 0.07388925
vt 0.02647762 0.01507957
vt 0.01511062 0.02646127
vt 0.07394609 0.04953756
vt -0.05413053 0.01922431
vt -0.02731334 0.01371289
vt -0.02827485 0.01160164
vt -0.05003815 0.02821147
vt 0.07002323 0.05494301
vt 0.02984216 0.006161714
vt 0.02254604 0.02049704
vt 0.08563367 0.02427183
vt -0.0573581 0.003131014
vt -0.03012232 0.005591003
vt -0.03040212 0.003131021
vt -0.05601867 0.01307367
vt 0.08356588 0.03064276
vt 0.0302862 -0.003351649
vt 0.02777308 0.01253655
vt 0.08894282 -0.003351649
vt -0.05597384 -0.01291014
vt -0.03040196 -0.003131957
vt -0.03007687 -0.005428944
vt -0.05735794 -0.003131958
vt 0.08894284 0.003350691
vt 0.02777311 -0.01253751
vt 0.03028623 0.003350691
vt 0.0835659 -0.03064372
vt -0.04999273 -0.02823399
vt -0.02827525 -0.01160269
vt -0.02731374 -0.01371395
vt -0.05413095 -0.01922532
vt 0.08563368 -0.02427278
vt 0.02254605 -0.02049799
vt 0.02984216 -0.00616267
vt 0.07002324 -0.05494397
vt -0.03938365 -0.04181793
vt -0.02350469 -0.01952384
vt -0.02199971 -0.02121604
vt -0.045964 -0.03445407
vt 0.07394595 -0.04953839
vt 0.01511049 -0.0264621
vt 0.02647749 -0.01508039
vt 0.04962509 -0.07389007
vt -0.02405879 -0.05216284
vt -0.01610587 -0.02601088
vt -0.0141209 -0.02710545
vt -0.03263774 -0.04727133
vt 0.05501259 -0.06997169
vt 0.006191516 -0.0298368
vt 0.02052078 -0.02252715
vt 0.0243548 -0.08561159
vt -0.005122033 -0.05721543
vt -0.006469409 -0.02987119
vt -0.004184758 -0.03027586
vt -0.01483564 -0.05556013
vt 0.0306735 -0.08355604
vt -0.00333979 -0.03028791
vt 0.01254725 -0.0277692
vt -0.003318265 -0.08894452
vt 0.01484775 -0.05549231
vt 0.004186514 -0.03027552
vt 0.005123969 -0.05721508
vt 0.00331824 -0.08894468
vt -0.01254727 -0.02776936
vt 0.003339765 -0.03028806
vt -0.03067353 -0.0835562
vt 0.03263605 -0.04727294
vt 0.0141195 -0.02710679
vt 0.0161349 -0.02595774
vt 0.02405703 -0.05216432
vt -0.0243547 -0.08561139
vt -0.02052067 -0.02252694
vt -0.05501249 -0.06997148
vt 0.04648504 -0.03412385
vt 0.02200079 -0.02121605
vt 0.02354656 -0.01948623
vt 0.03938431 -0.04181797
vt -0.04962522 -0.0738902
vt -0.02647762 -0.01508052
vt -0.01511062 -0.02646223
vt -0.07394609 -0.04953852
vt 0.05413388 -0.0192216
vt 0.02731663 -0.01371047
vt 0.02827768 -0.01159925
vt 0.05004116 -0.02820885
vt -0.07002323 -0.05494396
vt -0.02984216 -0.006162667
vt -0.02254604 -0.02049799
vt -0.08563367 -0.02427278
vt 0.05735704 -0.00313597
vt 0.03013589 -0.005655997
vt 0.05603366 -0.01313576
vt -0.08356588 -0.03064371
vt -0.02777308 -0.0125375
vt -0.08894282 0.003350695
vt 0.05597505 0.01291327
vt 0.03007765 0.005432105
vt 0.05735872 0.003135103
vt -0.08894284 -0.003351644
vt -0.02777311 0.01253655
vt -0.0835659 0.03064276
vt 0.04997939 0.028236
vt 0.02827648 0.01159795
vt 0.02731542 0.01370916
vt 0.05413264 0.01922044
vt -0.08563368 0.02427183
vt -0.02254605 0.02049704
vt -0.02984216 0.006161717
vt -0.07002324 0.05494301
vt 0.03938435 0.04181709
vt 0.02349603 0.01953221
vt 0.02195027 0.02126208
vt 0.04596468 0.03445321
vt -0.07394595 0.04953743
vt -0.01511049 0.02646114
vt -0.02647749 0.01507944
vt -0.04962509 0.07388911
vt 0.02405712 0.05216354
vt 0.01610095 0.02601935
vt 0.01411958 0.02710602
vt 0.03263614 0.04727216
vt -0.05501259 0.06997073
vt -0.006191516 0.02983584
vt -0.02052078 0.0225262
vt -0.0243548 0.08561064
vt 0.005123991 0.0572143
vt 0.004186532 0.03027474
vt 0.01483668 0.05556142
vt -0.0306735 0.08355509
vt 0.00333979 0.03028696
vt -0.01254725 0.02776825
vt 0.003318265 0.08894357
vt -0.01484622 0.0554916
vt -0.004184698 0.03027475
vt -0.005121959 0.05721432
vt -0.00331824 0.08894373
vt 0.01254727 0.0277684
vt -0.003339765 0.03028711
vt 0.03067353 0.08355524
vt -0.03263814 0.04727086
vt -0.01412125 0.02710502
vt -0.01613616 0.02595598
vt -0.02405921 0.05216239
vt -0.2230962 -0.09614788
vt -0.2301642 -0.06162099
vt -0.2184795 -0.09507732
vt -0.2344437 -0.06365723
vt -0.190157 -0.1511809
vt -0.2060164 -0.1197061
vt -0.1859816 -0.1489392
vt -0.2096135 -0.1227916
vt -0.1307631 -0.2047353
vt -0.1559829 -0.1801155
vt -0.1275417 -0.2012593
vt -0.1583834 -0.1842018
vt 0.01721323 -0.2423231
vt -0.01771429 -0.2376116
vt 0.01772484 -0.2376116
vt -0.01720298 -0.2423231
vt 0.1583839 -0.1842022
vt 0.1275422 -0.2012597
vt 0.1559834 -0.1801159
vt 0.1307636 -0.2047357
vt 0.2096157 -0.1227922
vt 0.1859839 -0.1489399
vt 0.2060186 -0.1197068
vt 0.1901593 -0.1511816
vt 0.2344422 -0.06365705
vt 0.2184779 -0.09507711
vt 0.2301627 -0.06162079
vt 0.2230946 -0.09614768
vt 0.2230962 0.09614698
vt 0.2301642 0.06162009
vt 0.2184795 0.09507642
vt 0.2344437 0.06365633
vt 0.190157 0.1511801
vt 0.2060164 0.1197053
vt 0.1859816 0.1489384
vt 0.2096135 0.1227908
vt 0.1307631 0.2047346
vt 0.1559829 0.1801148
vt 0.1275417 0.2012586
vt 0.1583834 0.1842011
vt -0.1583839 0.1842014
vt -0.1275422 0.201259
vt -0.1559834 0.1801152
vt -0.1307636 0.204735
vt -0.2096157 0.1227914
vt -0.1859839 0.1489391
vt -0.2060186 0.1197059
vt -0.1901593 0.1511808
vt -0.2344422 0.06365614
vt -0.2184779 0.09507621
vt -0.2301627 0.06161989
vt -0.2230946 0.09614678
vt 0.004864246 -0.05287471
vt -0.004937336 -0.05160281
vt 0.004938321 -0.05160281
vt -0.004863287 -0.05287463

vn -0.2072314 0.1386337 -0.9684193
vn 0.6080163 0.08031955 -0.7898513
vn 0 1 0
vn 0.9849072 0.0563226 0.163663
vn 0.7204036 0.0791871 0.6890196
vn 0.02569027 0.1329853 0.9907851
vn 0.9998275 -0.007838999 -0.01683788
vn 0.9563295 -0.003539669 0.2922694
vn 0.819552 0.007398319 0.572957
vn 0.6031022 0.02389769 0.7973058
vn 0.5759336 0.01764917 -0.817306
vn 0.7998045 0.002856655 -0.6002538
vn -0.319272 0.07936273 -0.9443341
vn 0.02529187 0.05442809 -0.9981974
vn 0.2959619 0.03730347 -0.9544711
vn -0.594419 0.1001098 -0.7978998
vn -0.9660392 0.1940172 0.1706621
vn -0.9373502 0.1285176 0.3238175
vn -0.9912482 0.1310142 0.01619641
vn -0.9477355 0.1264197 -0.2929428
vn 0.02111774 0.06515465 0.9976517
vn -0.2873138 0.08670918 0.9539037
vn -0.5673296 0.1055218 0.8167021
vn -0.679503 0.1768082 0.7120496
vn -0.7913936 0.119741 0.599465
vn 0.327923 0.04380387 0.9436883
vn -0.7722102 0.5835329 -0.2513578
vn -0.8091833 0.5874468 0.01134639
vn -0.6560349 0.5742475 -0.4897531
vn -0.7888097 0.1131219 -0.6041379
vn -0.472033 0.5604653 -0.6804877
vn -0.2381708 0.5435541 -0.8048749
vn 0.02248906 0.5251607 -0.8507059
vn 0.2846573 0.5070971 -0.8135249
vn 0.5225477 0.4911052 -0.6969645
vn 0.712815 0.4787845 -0.5125038
vn 0.8369855 0.4713213 -0.2780495
vn 0.951979 -0.006406744 -0.3060961
vn 0.8828055 0.4694426 -0.01667283
vn -0.7633475 0.5855587 0.2728033
vn -0.6392721 0.5781061 0.5070744
vn -0.4489028 0.5657801 0.6916496
vn -0.2109867 0.5497943 0.8082147
vn 0.05107221 0.5317284 0.8453736
vn 0.311859 0.5133425 0.7995145
vn 0.5456862 0.4964221 0.6751235
vn 0.7296031 0.4826485 0.4844891
vn 0.8458073 0.4733537 0.2460617
vn 0.9672296 0.05395085 -0.2481053
vn -0.8321069 0.1827035 -0.5236578
vn -0.04545929 -0.9989555 0.004631591
vn -0.04323078 -0.99879 0.02344328
vn -0.02351679 -0.9995403 0.01913373
vn -0.06948517 -0.9975703 0.00503313
vn -0.04675665 -0.9989024 -0.002775053
vn -0.05028034 -0.9986907 -0.009416657
vn -0.0556679 -0.998342 -0.01464399
vn -0.06245441 -0.997886 -0.01797241
vn -0.06986532 -0.9973748 -0.0190358
vn -0.07727161 -0.9968527 -0.01771604
vn -0.08391441 -0.9963718 -0.0141964
vn -0.08910698 -0.9959832 -0.008798347
vn -0.09241547 -0.9957185 -0.002022978
vn -0.09346008 -0.9956083 0.005425949
vn -0.09970681 -0.9948968 0.01545401
vn -0.08326301 -0.9962213 0.02470597
vn -0.1077374 -0.9935998 0.03394314
vn -0.07650158 -0.9966756 0.02802354
vn -0.0616488 -0.9977112 0.02778067
vn -0.06861062 -0.9962276 0.05313217
vn -0.04052707 -0.9982324 0.04347003
vn 0.5759135 -0.2260277 0.7856431
vn 0.3052062 -0.2064092 0.9296474
vn 0.003381491 -0.1851051 0.9827129
vn -0.2110053 0.549804 0.8082032
vn -0.3000569 -0.1641684 0.9396885
vn 0.9234166 -0.2526739 0.2888904
vn 0.788937 -0.2418832 0.5648636
vn 0.9131816 -0.2550604 -0.3178733
vn 0.9662122 -0.2572947 -0.0152814
vn 0.5491348 -0.2322008 -0.8028286
vn 0.7128184 0.4788028 -0.512482
vn 0.7694653 -0.246405 -0.5892433
vn -0.02970308 -0.1926844 -0.9808111
vn 0.02250683 0.5251659 -0.8507022
vn 0.2737361 -0.2136546 -0.9377741
vn -0.3315267 -0.1713859 -0.9277483
vn -0.8152397 -0.1357556 -0.5629873
vn -0.6022507 -0.1517021 -0.7837605
vn -0.9497437 -0.1249891 -0.2869924
vn -0.9395095 -0.1227116 0.319787
vn -0.9925727 -0.1204319 0.01719253
vn -0.795775 -0.1314077 0.5911635
vn -0.5754673 -0.1456846 0.8047442
vn 0.07118958 -0.9151837 0.3966999
vn 0.185535 -0.9234291 0.3359395
vn 0.2753992 -0.9301991 0.242662
vn 0.3321842 -0.9347423 0.1261365
vn 0.3503343 -0.9366219 -0.002293608
vn 0.3279424 -0.9357048 -0.1300397
vn 0.2672445 -0.9320641 -0.2446158
vn 0.1742612 -0.9259913 -0.3349226
vn 0.05791073 -0.9182026 -0.3918552
vn -0.07019996 -0.9094153 -0.4099217
vn -0.1976838 -0.9003847 -0.3875932
vn -0.3119549 -0.8921428 -0.3267499
vn -0.4018992 -0.8854048 -0.2335282
vn -0.4586282 -0.8808948 -0.116981
vn -0.4766494 -0.8790193 0.01142138
vn -0.4543186 -0.8798995 0.1391816
vn -0.3937541 -0.8834712 0.253843
vn -0.3007207 -0.8894884 0.3440602
vn -0.1843685 -0.8973514 0.4009598
vn -0.05624427 -0.906178 0.4191397
vn 0.6494707 -0.5849922 0.4857695
vn 0.7647491 -0.5941181 0.2493642
vn 0.4670359 -0.5712817 0.6749182
vn 0.2351482 -0.5544969 0.7982723
vn -0.02340328 -0.5362267 0.8437495
vn -0.2833467 -0.5183319 0.8068747
vn -0.5193029 -0.5024107 0.6913089
vn -0.7080665 -0.4900936 0.5083799
vn -0.8311725 -0.4827457 0.2758785
vn -0.8766013 -0.4809296 0.01663947
vn -0.8398842 -0.4848542 -0.2439484
vn -0.7247108 -0.4939818 -0.4803917
vn -0.5422093 -0.5077308 -0.6694912
vn -0.3103012 -0.5244911 -0.7928569
vn -0.05175578 -0.5427731 -0.8382832
vn 0.2081866 -0.5607359 -0.8013948
vn 0.4441325 -0.5764804 -0.6858693
vn 0.6328576 -0.5887328 -0.5028767
vn 0.7559474 -0.5961856 -0.2703818
vn 0.8013822 -0.5980479 -0.01119388
vn 0.6079128 0.0803225 -0.7899306
vn -0.6796117 0.176818 0.7119433
vn 0.984937 0.05631806 0.1634855
vn 0.7204625 0.07918819 0.688958
vn -0.6793942 0.1767983 0.7121557
vn -0.7913631 0.1197395 0.5995055
vn 0.9672588 0.05394436 -0.2479928
vn 0.2351467 -0.5545033 0.7982683
vn -0.7246999 -0.4940007 -0.4803887
vn -0.3102999 -0.5245004 -0.7928514
vn -0.1843834 -0.8973239 0.4010144

usemtl Default-Material
f 3/3/3 2/2/2 1/1/1
f 5/5/5 4/4/4 3/3/3
f 5/7/5 3/3/3 6/6/6
f 8/10/8 7/9/7 4/8/4
f 10/10/10 9/9/9 5/11/5
f 12/14/12 11/13/11 2/12/2
f 14/14/14 13/13/13 1/12/1
f 11/14/11 15/13/15 2/12/2
f 13/14/13 16/13/16 1/12/1
f 19/10/19 18/15/18 17/8/17
f 22/10/22 21/9/21 6/11/6
f 25/10/25 23/9/23 24/11/24
f 21/10/21 26/9/26 6/11/6
f 3/3/3 4/41/4 2/40/2
f 2/42/49 2/40/2 4/41/4
f 24/44/24 6/43/6 3/3/3
f 24/44/24 3/3/3 17/45/17
f 3/3/3 1/47/1 17/46/17
f 49/48/50 17/46/17 1/47/1
f 52/45/53 51/44/52 50/49/51
f 50/49/51 53/3/54 54/46/55
f 55/48/56 54/46/55 53/3/54
f 55/48/56 53/3/54 56/47/57
f 57/50/58 56/47/57 53/3/54
f 53/3/54 58/1/59 57/50/58
f 58/1/59 53/3/54 59/2/60
f 60/51/61 59/2/60 53/3/54
f 53/3/54 61/40/62 60/51/61
f 61/40/62 53/3/54 62/42/63
f 63/41/64 62/42/63 53/3/54
f 66/5/67 64/4/65 65/52/66
f 53/3/54 67/7/68 65/52/66
f 53/3/54 68/53/69 67/7/68
f 69/6/70 67/7/68 68/53/69
f 70/43/71 68/53/69 51/44/52
f 30/14/30 20/13/20 49/12/50
f 153/3/3 152/2/2 151/1/1
f 155/5/5 154/4/4 153/3/3
f 155/7/5 153/3/3 156/6/6
f 158/10/8 157/9/7 154/8/4
f 160/10/10 159/9/9 155/11/5
f 162/14/12 161/13/11 152/12/2
f 164/14/14 163/13/13 151/12/1
f 161/14/11 165/13/15 152/12/2
f 163/14/13 166/13/16 151/12/1
f 169/10/19 168/15/18 167/8/17
f 172/10/22 171/9/21 156/11/6
f 175/10/25 173/9/23 174/11/24
f 171/10/21 176/9/26 156/11/6
f 153/3/3 154/41/4 152/40/2
f 152/42/49 152/40/2 154/41/4
f 174/44/24 156/43/6 153/3/3
f 174/44/24 153/3/3 167/45/17
f 153/3/3 151/47/1 167/46/17
f 199/48/50 167/46/17 151/47/1
f 202/45/53 201/44/52 200/49/51
f 200/49/51 203/3/54 204/46/55
f 205/48/56 204/46/55 203/3/54
f 205/48/56 203/3/54 206/47/57
f 207/50/58 206/47/57 203/3/54
f 203/3/54 208/1/59 207/50/58
f 208/1/59 203/3/54 209/2/60
f 210/51/61 209/2/60 203/3/54
f 203/3/54 211/40/62 210/51/61
f 211/40/62 203/3/54 212/42/63
f 213/41/64 212/42/63 203/3/54
f 216/5/67 214/4/65 215/52/66
f 203/3/54 217/7/68 215/52/66
f 203/3/54 218/53/69 217/7/68
f 219/6/70 217/7/68 218/53/69
f 220/43/71 218/53/69 201/44/52
f 180/14/30 170/13/20 199/12/50
f 303/3/3 302/2/2 301/1/1
f 305/5/5 304/4/4 303/3/3
f 305/7/5 303/3/3 306/6/6
f 308/10/8 307/9/7 304/8/4
f 310/10/10 309/9/9 305/11/5
f 312/14/12 311/13/11 302/12/2
f 314/14/14 313/13/13 301/12/1
f 311/14/11 315/13/15 302/12/2
f 313/14/13 316/13/16 301/12/1
f 319/10/19 318/15/18 317/8/17
f 322/10/22 321/9/21 306/11/6
f 325/10/25 323/9/23 324/11/24
f 321/10/21 326/9/26 306/11/6
f 303/3/3 304/41/4 302/40/2
f 302/42/49 302/40/2 304/41/4
f 324/44/24 306/43/6 303/3/3
f 324/44/24 303/3/3 317/45/17
f 303/3/3 301/47/1 317/46/17
f 349/48/50 317/46/17 301/47/1
f 352/45/53 351/44/52 350/49/51
f 350/49/51 353/3/54 354/46/55
f 355/48/56 354/46/55 353/3/54
f 355/48/56 353/3/54 356/47/57
f 357/50/58 356/47/57 353/3/54
f 353/3/54 358/1/59 357/50/58
f 358/1/59 353/3/54 359/2/60
f 360/51/61 359/2/60 353/3/54
f 353/3/54 361/40/62 360/51/61
f 361/40/62 353/3/54 362/42/63
f 363/41/64 362/42/63 353/3/54
f 366/5/67 364/4/65 365/52/66
f 353/3/54 367/7/68 365/52/66
f 353/3/54 368/53/69 367/7/68
f 369/6/70 367/7/68 368/53/69
f 370/43/71 368/53/69 351/44/52
f 330/14/30 320/13/20 349/12/50
f 453/3/3 452/2/135 451/1/1
f 455/5/5 454/4/4 453/3/3
f 455/7/5 453/3/3 456/6/6
f 458/10/8 457/9/7 454/8/4
f 460/10/10 459/9/9 455/11/5
f 462/14/12 461/13/11 452/12/135
f 464/14/14 463/13/13 451/12/1
f 461/14/11 465/13/15 452/12/135
f 463/14/13 466/13/16 451/12/1
f 469/10/19 468/15/18 467/8/17
f 472/10/22 471/9/21 456/11/6
f 475/10/25 473/9/23 474/11/136
f 471/10/21 476/9/26 456/11/6
f 453/3/3 454/41/4 452/40/135
f 452/42/49 452/40/135 454/41/4
f 474/44/136 456/43/6 453/3/3
f 474/44/136 453/3/3 467/45/17
f 453/3/3 451/47/1 467/46/17
f 499/48/50 467/46/17 451/47/1
f 502/45/53 501/44/52 500/49/51
f 500/49/51 503/3/54 504/46/55
f 505/48/56 504/46/55 503/3/54
f 505/48/56 503/3/54 506/47/57
f 507/50/58 506/47/57 503/3/54
f 503/3/54 508/1/59 507/50/58
f 508/1/59 503/3/54 509/2/60
f 510/51/61 509/2/60 503/3/54
f 503/3/54 511/40/62 510/51/61
f 511/40/62 503/3/54 512/42/63
f 513/41/64 512/42/63 503/3/54
f 516/5/67 514/4/65 515/52/66
f 503/3/54 517/7/68 515/52/66
f 503/3/54 518/53/69 517/7/68
f 519/6/70 517/7/68 518/53/69
f 520/43/71 518/53/69 501/44/52
f 480/14/30 470/13/20 499/12/50
f 603/3/3 602/2/2 601/1/1
f 605/5/5 604/4/4 603/3/3
f 605/7/5 603/3/3 606/6/6
f 608/10/8 607/9/7 604/8/4
f 610/10/10 609/9/9 605/11/5
f 612/14/12 611/13/11 602/12/2
f 614/14/14 613/13/13 601/12/1
f 611/14/11 615/13/15 602/12/2
f 613/14/13 616/13/16 601/12/1
f 619/10/19 618/15/18 617/8/17
f 622/10/22 621/9/21 606/11/6
f 625/10/25 623/9/23 624/11/24
f 621/10/21 626/9/26 606/11/6
f 603/3/3 604/41/4 602/40/2
f 602/42/49 602/40/2 604/41/4
f 624/44/24 606/43/6 603/3/3
f 624/44/24 603/3/3 617/45/17
f 603/3/3 601/47/1 617/46/17
f 649/48/50 617/46/17 601/47/1
f 652/45/53 651/44/52 650/49/51
f 650/49/51 653/3/54 654/46/55
f 655/48/56 654/46/55 653/3/54
f 655/48/56 653/3/54 656/47/57
f 657/50/58 656/47/57 653/3/54
f 653/3/54 658/1/59 657/50/58
f 658/1/59 653/3/54 659/2/60
f 660/51/61 659/2/60 653/3/54
f 653/3/54 661/40/62 660/51/61
f 661/40/62 653/3/54 662/42/63
f 663/41/64 662/42/63 653/3/54
f 666/5/67 664/4/65 665/52/66
f 653/3/54 667/7/68 665/52/66
f 653/3/54 668/53/69 667/7/68
f 669/6/70 667/7/68 668/53/69
f 670/43/71 668/53/69 651/44/52
f 630/14/30 620/13/20 649/12/50
f 753/3/3 752/2/2 751/1/1
f 755/5/5 754/4/4 753/3/3
f 755/7/5 753/3/3 756/6/6
f 758/10/8 757/9/7 754/8/4
f 760/10/10 759/9/9 755/11/5
f 762/14/12 761/13/11 752/12/2
f 764/14/14 763/13/13 751/12/1
f 761/14/11 765/13/15 752/12/2
f 763/14/13 766/13/16 751/12/1
f 769/10/19 768/15/18 767/8/17
f 772/10/22 771/9/21 756/11/6
f 775/10/25 773/9/23 774/11/24
f 771/10/21 776/9/26 756/11/6
f 753/3/3 754/41/4 752/40/2
f 752/42/49 752/40/2 754/41/4
f 774/44/24 756/43/6 753/3/3
f 774/44/24 753/3/3 767/45/17
f 753/3/3 751/47/1 767/46/17
f 799/48/50 767/46/17 751/47/1
f 802/45/53 801/44/52 800/49/51
f 800/49/51 803/3/54 804/46/55
f 805/48/56 804/46/55 803/3/54
f 805/48/56 803/3/54 806/47/57
f 807/50/58 806/47/57 803/3/54
f 803/3/54 808/1/59 807/50/58
f 808/1/59 803/3/54 809/2/60
f 810/51/61 809/2/60 803/3/54
f 803/3/54 811/40/62 810/51/61
f 811/40/62 803/3/54 812/42/63
f 813/41/64 812/42/63 803/3/54
f 816/5/67 814/4/65 815/52/66
f 803/3/54 817/7/68 815/52/66
f 803/3/54 818/53/69 817/7/68
f 819/6/70 817/7/68 818/53/69
f 820/43/71 818/53/69 801/44/52
f 780/14/30 770/13/20 799/12/50
f 903/3/3 902/2/2 901/1/1
f 905/5/5 904/4/4 903/3/3
f 905/7/5 903/3/3 906/6/6
f 908/10/8 907/9/7 904/8/4
f 910/10/10 909/9/9 905/11/5
f 912/14/12 911/13/11 902/12/2
f 914/14/14 913/13/13 901/12/1
f 911/14/11 915/13/15 902/12/2
f 913/14/13 916/13/16 901/12/1
f 919/10/19 918/15/18 917/8/17
f 922/10/22 921/9/21 906/11/6
f 925/10/25 923/9/23 924/11/24
f 921/10/21 926/9/26 906/11/6
f 903/3/3 904/41/4 902/40/2
f 902/42/49 902/40/2 904/41/4
f 924/44/24 906/43/6 903/3/3
f 924/44/24 903/3/3 917/45/17
f 903/3/3 901/47/1 917/46/17
f 949/48/50 917/46/17 901/47/1
f 952/45/53 951/44/52 950/49/51
f 950/49/51 953/3/54 954/46/55
f 955/48/56 954/46/55 953/3/54
f 955/48/56 953/3/54 956/47/57
f 957/50/58 956/47/57 953/3/54
f 953/3/54 958/1/59 957/50/58
f 958/1/59 953/3/54 959/2/60
f 960/51/61 959/2/60 953/3/54
f 953/3/54 961/40/62 960/51/61
f 961/40/62 953/3/54 962/42/63
f 963/41/64 962/42/63 953/3/54
f 966/5/67 964/4/65 965/52/66
f 953/3/54 967/7/68 965/52/66
f 953/3/54 968/53/69 967/7/68
f 969/6/70 967/7/68 968/53/69
f 970/43/71 968/53/69 951/44/52
f 930/14/30 920/13/20 949/12/50
f 1053/3/3 1052/2/2 1051/1/1
f 1055/5/138 1054/4/137 1053/3/3
f 1055/7/138 1053/3/3 1056/6/6
f 1058/10/8 1057/9/7 1054/8/137
f 1060/10/10 1059/9/9 1055/11/138
f 1062/14/12 1061/13/11 1052/12/2
f 1064/14/14 1063/13/13 1051/12/1
f 1061/14/11 1065/13/15 1052/12/2
f 1063/14/13 1066/13/16 1051/12/1
f 1069/10/19 1068/15/18 1067/8/17
f 1072/10/22 1071/9/21 1056/11/6
f 1075/10/140 1073/9/23 1074/11/139
f 1071/10/21 1076/9/26 1056/11/6
f 1053/3/3 1054/41/137 1052/40/2
f 1052/42/141 1052/40/2 1054/41/137
f 1074/44/139 1056/43/6 1053/3/3
f 1074/44/139 1053/3/3 1067/45/17
f 1053/3/3 1051/47/1 1067/46/17
f 1099/48/50 1067/46/17 1051/47/1
f 1102/45/53 1101/44/52 1100/49/51
f 1100/49/51 1103/3/54 1104/46/55
f 1105/48/56 1104/46/55 1103/3/54
f 1105/48/56 1103/3/54 1106/47/57
f 1107/50/58 1106/47/57 1103/3/54
f 1103/3/54 1108/1/59 1107/50/58
f 1108/1/59 1103/3/54 1109/2/60
f 1110/51/61 1109/2/60 1103/3/54
f 1103/3/54 1111/40/62 1110/51/61
f 1111/40/62 1103/3/54 1112/42/63
f 1113/41/64 1112/42/63 1103/3/54
f 1116/5/67 1114/4/65 1115/52/66
f 1103/3/54 1117/7/68 1115/52/66
f 1103/3/54 1118/53/69 1117/7/68
f 1119/6/70 1117/7/68 1118/53/69
f 1120/43/71 1118/53/69 1101/44/52
f 1080/14/30 1070/13/20 1099/12/50
f 1203/3/3 1202/2/2 1201/1/1
f 1205/5/138 1204/4/137 1203/3/3
f 1205/7/138 1203/3/3 1206/6/6
f 1208/10/8 1207/9/7 1204/8/137
f 1210/10/10 1209/9/9 1205/11/138
f 1212/14/12 1211/13/11 1202/12/2
f 1214/14/14 1213/13/13 1201/12/1
f 1211/14/11 1215/13/15 1202/12/2
f 1213/14/13 1216/13/16 1201/12/1
f 1219/10/19 1218/15/18 1217/8/17
f 1222/10/22 1221/9/21 1206/11/6
f 1225/10/140 1223/9/23 1224/11/139
f 1221/10/21 1226/9/26 1206/11/6
f 1203/3/3 1204/41/137 1202/40/2
f 1202/42/141 1202/40/2 1204/41/137
f 1224/44/139 1206/43/6 1203/3/3
f 1224/44/139 1203/3/3 1217/45/17
f 1203/3/3 1201/47/1 1217/46/17
f 1249/48/50 1217/46/17 1201/47/1
f 1252/45/53 1251/44/52 1250/49/51
f 1250/49/51 1253/3/54 1254/46/55
f 1255/48/56 1254/46/55 1253/3/54
f 1255/48/56 1253/3/54 1256/47/57
f 1257/50/58 1256/47/57 1253/3/54
f 1253/3/54 1258/1/59 1257/50/58
f 1258/1/59 1253/3/54 1259/2/60
f 1260/51/61 1259/2/60 1253/3/54
f 1253/3/54 1261/40/62 1260/51/61
f 1261/40/62 1253/3/54 1262/42/63
f 1263/41/64 1262/42/63 1253/3/54
f 1266/5/67 1264/4/65 1265/52/66
f 1253/3/54 1267/7/68 1265/52/66
f 1253/3/54 1268/53/69 1267/7/68
f 1269/6/70 1267/7/68 1268/53/69
f 1270/43/71 1268/53/69 1251/44/52
f 1230/14/30 1220/13/20 1249/12/50
f 1353/3/3 1352/2/2 1351/1/1
f 1355/5/138 1354/4/137 1353/3/3
f 1355/7/138 1353/3/3 1356/6/6
f 1358/10/8 1357/9/7 1354/8/137
f 1360/10/10 1359/9/9 1355/11/138
f 1362/14/12 1361/13/11 1352/12/2
f 1364/14/14 1363/13/13 1351/12/1
f 1361/14/11 1365/13/15 1352/12/2
f 1363/14/13 1366/13/16 1351/12/1
f 1369/10/19 1368/15/18 1367/8/17
f 1372/10/22 1371/9/21 1356/11/6
f 1375/10/140 1373/9/23 1374/11/139
f 1371/10/21 1376/9/26 1356/11/6
f 1353/3/3 1354/41/137 1352/40/2
f 1352/42/141 1352/40/2 1354/41/137
f 1374/44/139 1356/43/6 1353/3/3
f 1374/44/139 1353/3/3 1367/45/17
f 1353/3/3 1351/47/1 1367/46/17
f 1399/48/50 1367/46/17 1351/47/1
f 1402/45/53 1401/44/52 1400/49/51
f 1400/49/51 1403/3/54 1404/46/55
f 1405/48/56 1404/46/55 1403/3/54
f 1405/48/56 1403/3/54 1406/47/57
f 1407/50/58 1406/47/57 1403/3/54
f 1403/3/54 1408/1/59 1407/50/58
f 1408/1/59 1403/3/54 1409/2/60
f 1410/51/61 1409/2/60 1403/3/54
f 1403/3/54 1411/40/62 1410/51/61
f 1411/40/62 1403/3/54 1412/42/63
f 1413/41/64 1412/42/63 1403/3/54
f 1416/5/67 1414/4/65 1415/52/66
f 1403/3/54 1417/7/68 1415/52/66
f 1403/3/54 1418/53/69 1417/7/68
f 1419/6/70 1417/7/68 1418/53/69
f 1420/43/71 1418/53/69 1401/44/52
f 1380/14/30 1370/13/20 1399/12/50
f 1503/3/3 1502/2/2 1501/1/1
f 1505/5/5 1504/4/4 1503/3/3
f 1505/7/5 1503/3/3 1506/6/6
f 1508/10/8 1507/9/7 1504/8/4
f 1510/10/10 1509/9/9 1505/11/5
f 1512/14/12 1511/13/11 1502/12/2
f 1514/14/14 1513/13/13 1501/12/1
f 1511/14/11 1515/13/15 1502/12/2
f 1513/14/13 1516/13/16 1501/12/1
f 1519/10/19 1518/15/18 1517/8/17
f 1522/10/22 1521/9/21 1506/11/6
f 1525/10/25 1523/9/23 1524/11/24
f 1521/10/21 1526/9/26 1506/11/6
f 1503/3/3 1504/41/4 1502/40/2
f 1502/42/49 1502/40/2 1504/41/4
f 1524/44/24 1506/43/6 1503/3/3
f 1524/44/24 1503/3/3 1517/45/17
f 1503/3/3 1501/47/1 1517/46/17
f 1549/48/50 1517/46/17 1501/47/1
f 1552/45/53 1551/44/52 1550/49/51
f 1550/49/51 1553/3/54 1554/46/55
f 1555/48/56 1554/46/55 1553/3/54
f 1555/48/56 1553/3/54 1556/47/57
f 1557/50/58 1556/47/57 1553/3/54
f 1553/3/54 1558/1/59 1557/50/58
f 1558/1/59 1553/3/54 1559/2/60
f 1560/51/61 1559/2/60 1553/3/54
f 1553/3/54 1561/40/62 1560/51/61
f 1561/40/62 1553/3/54 1562/42/63
f 1563/41/64 1562/42/63 1553/3/54
f 1566/5/67 1564/4/65 1565/52/66
f 1553/3/54 1567/7/68 1565/52/66
f 1553/3/54 1568/53/69 1567/7/68
f 1569/6/70 1567/7/68 1568/53/69
f 1570/43/71 1568/53/69 1551/44/52
f 1530/14/30 1520/13/20 1549/12/50
f 1653/3/3 1652/2/135 1651/1/1
f 1655/5/5 1654/4/4 1653/3/3
f 1655/7/5 1653/3/3 1656/6/6
f 1658/10/8 1657/9/7 1654/8/4
f 1660/10/10 1659/9/9 1655/11/5
f 1662/14/12 1661/13/11 1652/12/135
f 1664/14/14 1663/13/13 1651/12/1
f 1661/14/11 1665/13/15 1652/12/135
f 1663/14/13 1666/13/16 1651/12/1
f 1669/10/19 1668/15/18 1667/8/17
f 1672/10/22 1671/9/21 1656/11/6
f 1675/10/25 1673/9/23 1674/11/136
f 1671/10/21 1676/9/26 1656/11/6
f 1653/3/3 1654/41/4 1652/40/135
f 1652/42/49 1652/40/135 1654/41/4
f 1674/44/136 1656/43/6 1653/3/3
f 1674/44/136 1653/3/3 1667/45/17
f 1653/3/3 1651/47/1 1667/46/17
f 1699/48/50 1667/46/17 1651/47/1
f 1702/45/53 1701/44/52 1700/49/51
f 1700/49/51 1703/3/54 1704/46/55
f 1705/48/56 1704/46/55 1703/3/54
f 1705/48/56 1703/3/54 1706/47/57
f 1707/50/58 1706/47/57 1703/3/54
f 1703/3/54 1708/1/59 1707/50/58
f 1708/1/59 1703/3/54 1709/2/60
f 1710/51/61 1709/2/60 1703/3/54
f 1703/3/54 1711/40/62 1710/51/61
f 1711/40/62 1703/3/54 1712/42/63
f 1713/41/64 1712/42/63 1703/3/54
f 1716/5/67 1714/4/65 1715/52/66
f 1703/3/54 1717/7/68 1715/52/66
f 1703/3/54 1718/53/69 1717/7/68
f 1719/6/70 1717/7/68 1718/53/69
f 1720/43/71 1718/53/69 1701/44/52
f 1680/14/30 1670/13/20 1699/12/50
f 1803/3/3 1802/2/2 1801/1/1
f 1805/5/5 1804/4/4 1803/3/3
f 1805/7/5 1803/3/3 1806/6/6
f 1808/10/8 1807/9/7 1804/8/4
f 1810/10/10 1809/9/9 1805/11/5
f 1812/14/12 1811/13/11 1802/12/2
f 1814/14/14 1813/13/13 1801/12/1
f 1811/14/11 1815/13/15 1802/12/2
f 1813/14/13 1816/13/16 1801/12/1
f 1819/10/19 1818/15/18 1817/8/17
f 1822/10/22 1821/9/21 1806/11/6
f 1825/10/25 1823/9/23 1824/11/24
f 1821/10/21 1826/9/26 1806/11/6
f 1803/3/3 1804/41/4 1802/40/2
f 1802/42/49 1802/40/2 1804/41/4
f 1824/44/24 1806/43/6 1803/3/3
f 1824/44/24 1803/3/3 1817/45/17
f 1803/3/3 1801/47/1 1817/46/17
f 1849/48/50 1817/46/17 1801/47/1
f 1852/45/53 1851/44/52 1850/49/51
f 1850/49/51 1853/3/54 1854/46/55
f 1855/48/56 1854/46/55 1853/3/54
f 1855/48/56 1853/3/54 1856/47/57
f 1857/50/58 1856/47/57 1853/3/54
f 1853/3/54 1858/1/59 1857/50/58
f 1858/1/59 1853/3/54 1859/2/60
f 1860/51/61 1859/2/60 1853/3/54
f 1853/3/54 1861/40/62 1860/51/61
f 1861/40/62 1853/3/54 1862/42/63
f 1863/41/64 1862/42/63 1853/3/54
f 1866/5/67 1864/4/65 1865/52/66
f 1853/3/54 1867/7/68 1865/52/66
f 1853/3/54 1868/53/69 1867/7/68
f 1869/6/70 1867/7/68 1868/53/69
f 1870/43/71 1868/53/69 1851/44/52
f 1830/14/30 1820/13/20 1849/12/50
f 1953/3/3 1952/2/2 1951/1/1
f 1955/5/5 1954/4/4 1953/3/3
f 1955/7/5 1953/3/3 1956/6/6
f 1958/10/8 1957/9/7 1954/8/4
f 1960/10/10 1959/9/9 1955/11/5
f 1962/14/12 1961/13/11 1952/12/2
f 1964/14/14 1963/13/13 1951/12/1
f 1961/14/11 1965/13/15 1952/12/2
f 1963/14/13 1966/13/16 1951/12/1
f 1969/10/19 1968/15/18 1967/8/17
f 1972/10/22 1971/9/21 1956/11/6
f 1975/10/25 1973/9/23 1974/11/24
f 1971/10/21 1976/9/26 1956/11/6
f 1953/3/3 1954/41/4 1952/40/2
f 1952/42/49 1952/40/2 1954/41/4
f 1974/44/24 1956/43/6 1953/3/3
f 1974/44/24 1953/3/3 1967/45/17
f 1953/3/3 1951/47/1 1967/46/17
f 1999/48/50 1967/46/17 1951/47/1
f 2002/45/53 2001/44/52 2000/49/51
f 2000/49/51 2003/3/54 2004/46/55
f 2005/48/56 2004/46/55 2003/3/54
f 2005/48/56 2003/3/54 2006/47/57
f 2007/50/58 2006/47/57 2003/3/54
f 2003/3/54 2008/1/59 2007/50/58
f 2008/1/59 2003/3/54 2009/2/60
f 2010/51/61 2009/2/60 2003/3/54
f 2003/3/54 2011/40/62 2010/51/61
f 2011/40/62 2003/3/54 2012/42/63
f 2013/41/64 2012/42/63 2003/3/54
f 2016/5/67 2014/4/65 2015/52/66
f 2003/3/54 2017/7/68 2015/52/66
f 2003/3/54 2018/53/69 2017/7/68
f 2019/6/70 2017/7/68 2018/53/69
f 2020/43/71 2018/53/69 2001/44/52
f 1980/14/30 1970/13/20 1999/12/50
f 2103/3/3 2102/2/2 2101/1/1
f 2105/5/5 2104/4/4 2103/3/3
f 2105/7/5 2103/3/3 2106/6/6
f 2108/10/8 2107/9/7 2104/8/4
f 2110/10/10 2109/9/9 2105/11/5
f 2112/14/12 2111/13/11 2102/12/2
f 2114/14/14 2113/13/13 2101/12/1
f 2111/14/11 2115/13/15 2102/12/2
f 2113/14/13 2116/13/16 2101/12/1
f 2119/10/19 2118/15/18 2117/8/17
f 2122/10/22 2121/9/21 2106/11/6
f 2125/10/25 2123/9/23 2124/11/24
f 2121/10/21 2126/9/26 2106/11/6
f 2103/3/3 2104/41/4 2102/40/2
f 2102/42/49 2102/40/2 2104/41/4
f 2124/44/24 2106/43/6 2103/3/3
f 2124/44/24 2103/3/3 2117/45/17
f 2103/3/3 2101/47/1 2117/46/17
f 2149/48/50 2117/46/17 2101/47/1
f 2152/45/53 2151/44/52 2150/49/51
f 2150/49/51 2153/3/54 2154/46/55
f 2155/48/56 2154/46/55 2153/3/54
f 2155/48/56 2153/3/54 2156/47/57
f 2157/50/58 2156/47/57 2153/3/54
f 2153/3/54 2158/1/59 2157/50/58
f 2158/1/59 2153/3/54 2159/2/60
f 2160/51/61 2159/2/60 2153/3/54
f 2153/3/54 2161/40/62 2160/51/61
f 2161/40/62 2153/3/54 2162/42/63
f 2163/41/64 2162/42/63 2153/3/54
f 2166/5/67 2164/4/65 2165/52/66
f 2153/3/54 2167/7/68 2165/52/66
f 2153/3/54 2168/53/69 2167/7/68
f 2169/6/70 2167/7/68 2168/53/69
f 2170/43/71 2168/53/69 2151/44/52
f 2130/14/30 2120/13/20 2149/12/50
f 2253/3/3 2252/2/2 2251/1/1
f 2255/5/5 2254/4/4 2253/3/3
f 2255/7/5 2253/3/3 2256/6/6
f 2258/10/8 2257/9/7 2254/8/4
f 2260/10/10 2259/9/9 2255/11/5
f 2262/14/12 2261/13/11 2252/12/2
f 2264/14/14 2263/13/13 2251/12/1
f 2261/14/11 2265/13/15 2252/12/2
f 2263/14/13 2266/13/16 2251/12/1
f 2269/10/19 2268/15/18 2267/8/17
f 2272/10/22 2271/9/21 2256/11/6
f 2275/10/25 2273/9/23 2274/11/24
f 2271/10/21 2276/9/26 2256/11/6
f 2253/3/3 2254/41/4 2252/40/2
f 2252/42/49 2252/40/2 2254/41/4
f 2274/44/24 2256/43/6 2253/3/3
f 2274/44/24 2253/3/3 2267/45/17
f 2253/3/3 2251/47/1 2267/46/17
f 2299/48/50 2267/46/17 2251/47/1
f 2302/45/53 2301/44/52 2300/49/51
f 2300/49/51 2303/3/54 2304/46/55
f 2305/48/56 2304/46/55 2303/3/54
f 2305/48/56 2303/3/54 2306/47/57
f 2307/50/58 2306/47/57 2303/3/54
f 2303/3/54 2308/1/59 2307/50/58
f 2308/1/59 2303/3/54 2309/2/60
f 2310/51/61 2309/2/60 2303/3/54
f 2303/3/54 2311/40/62 2310/51/61
f 2311/40/62 2303/3/54 2312/42/63
f 2313/41/64 2312/42/63 2303/3/54
f 2316/5/67 2314/4/65 2315/52/66
f 2303/3/54 2317/7/68 2315/52/66
f 2303/3/54 2318/53/69 2317/7/68
f 2319/6/70 2317/7/68 2318/53/69
f 2320/43/71 2318/53/69 2301/44/52
f 2280/14/30 2270/13/20 2299/12/50
f 2403/3/3 2402/2/2 2401/1/1
f 2405/5/5 2404/4/4 2403/3/3
f 2405/7/5 2403/3/3 2406/6/6
f 2408/10/8 2407/9/7 2404/8/4
f 2410/10/10 2409/9/9 2405/11/5
f 2412/14/12 2411/13/11 2402/12/2
f 2414/14/14 2413/13/13 2401/12/1
f 2411/14/11 2415/13/15 2402/12/2
f 2413/14/13 2416/13/16 2401/12/1
f 2419/10/19 2418/15/18 2417/8/17
f 2422/10/22 2421/9/21 2406/11/6
f 2425/10/25 2423/9/23 2424/11/24
f 2421/10/21 2426/9/26 2406/11/6
f 2403/3/3 2404/41/4 2402/40/2
f 2402/42/49 2402/40/2 2404/41/4
f 2424/44/24 2406/43/6 2403/3/3
f 2424/44/24 2403/3/3 2417/45/17
f 2403/3/3 2401/47/1 2417/46/17
f 2449/48/50 2417/46/17 2401/47/1
f 2452/45/53 2451/44/52 2450/49/51
f 2450/49/51 2453/3/54 2454/46/55
f 2455/48/56 2454/46/55 2453/3/54
f 2455/48/56 2453/3/54 2456/47/57
f 2457/50/58 2456/47/57 2453/3/54
f 2453/3/54 2458/1/59 2457/50/58
f 2458/1/59 2453/3/54 2459/2/60
f 2460/51/61 2459/2/60 2453/3/54
f 2453/3/54 2461/40/62 2460/51/61
f 2461/40/62 2453/3/54 2462/42/63
f 2463/41/64 2462/42/63 2453/3/54
f 2466/5/67 2464/4/65 2465/52/66
f 2453/3/54 2467/7/68 2465/52/66
f 2453/3/54 2468/53/69 2467/7/68
f 2469/6/70 2467/7/68 2468/53/69
f 2470/43/71 2468/53/69 2451/44/52
f 2430/14/30 2420/13/20 2449/12/50
f 2553/3/3 2552/2/2 2551/1/1
f 2555/5/5 2554/4/4 2553/3/3
f 2555/7/5 2553/3/3 2556/6/6
f 2558/10/8 2557/9/7 2554/8/4
f 2560/10/10 2559/9/9 2555/11/5
f 2562/14/12 2561/13/11 2552/12/2
f 2564/14/14 2563/13/13 2551/12/1
f 2561/14/11 2565/13/15 2552/12/2
f 2563/14/13 2566/13/16 2551/12/1
f 2569/10/19 2568/15/18 2567/8/17
f 2572/10/22 2571/9/21 2556/11/6
f 2575/10/25 2573/9/23 2574/11/24
f 2571/10/21 2576/9/26 2556/11/6
f 2553/3/3 2554/41/4 2552/40/2
f 2552/42/49 2552/40/2 2554/41/4
f 2574/44/24 2556/43/6 2553/3/3
f 2574/44/24 2553/3/3 2567/45/17
f 2553/3/3 2551/47/1 2567/46/17
f 2599/48/50 2567/46/17 2551/47/1
f 2602/45/53 2601/44/52 2600/49/51
f 2600/49/51 2603/3/54 2604/46/55
f 2605/48/56 2604/46/55 2603/3/54
f 2605/48/56 2603/3/54 2606/47/57
f 2607/50/58 2606/47/57 2603/3/54
f 2603/3/54 2608/1/59 2607/50/58
f 2608/1/59 2603/3/54 2609/2/60
f 2610/51/61 2609/2/60 2603/3/54
f 2603/3/54 2611/40/62 2610/51/61
f 2611/40/62 2603/3/54 2612/42/63
f 2613/41/64 2612/42/63 2603/3/54
f 2616/5/67 2614/4/65 2615/52/66
f 2603/3/54 2617/7/68 2615/52/66
f 2603/3/54 2618/53/69 2617/7/68
f 2619/6/70 2617/7/68 2618/53/69
f 2620/43/71 2618/53/69 2601/44/52
f 2580/14/30 2570/13/20 2599/12/50
f 2703/3/3 2702/2/2 2701/1/1
f 2705/5/5 2704/4/4 2703/3/3
f 2705/7/5 2703/3/3 2706/6/6
f 2708/10/8 2707/9/7 2704/8/4
f 2710/10/10 2709/9/9 2705/11/5
f 2712/14/12 2711/13/11 2702/12/2
f 2714/14/14 2713/13/13 2701/12/1
f 2711/14/11 2715/13/15 2702/12/2
f 2713/14/13 2716/13/16 2701/12/1
f 2719/10/19 2718/15/18 2717/8/17
f 2722/10/22 2721/9/21 2706/11/6
f 2725/10/25 2723/9/23 2724/11/24
f 2721/10/21 2726/9/26 2706/11/6
f 2703/3/3 2704/41/4 2702/40/2
f 2702/42/49 2702/40/2 2704/41/4
f 2724/44/24 2706/43/6 2703/3/3
f 2724/44/24 2703/3/3 2717/45/17
f 2703/3/3 2701/47/1 2717/46/17
f 2749/48/50 2717/46/17 2701/47/1
f 2752/45/53 2751/44/52 2750/49/51
f 2750/49/51 2753/3/54 2754/46/55
f 2755/48/56 2754/46/55 2753/3/54
f 2755/48/56 2753/3/54 2756/47/57
f 2757/50/58 2756/47/57 2753/3/54
f 2753/3/54 2758/1/59 2757/50/58
f 2758/1/59 2753/3/54 2759/2/60
f 2760/51/61 2759/2/60 2753/3/54
f 2753/3/54 2761/40/62 2760/51/61
f 2761/40/62 2753/3/54 2762/42/63
f 2763/41/64 2762/42/63 2753/3/54
f 2766/5/67 2764/4/65 2765/52/66
f 2753/3/54 2767/7/68 2765/52/66
f 2753/3/54 2768/53/69 2767/7/68
f 2769/6/70 2767/7/68 2768/53/69
f 2770/43/71 2768/53/69 2751/44/52
f 2730/14/30 2720/13/20 2749/12/50
f 2853/3/3 2852/2/2 2851/1/1
f 2855/5/5 2854/4/4 2853/3/3
f 2855/7/5 2853/3/3 2856/6/6
f 2858/10/8 2857/9/7 2854/8/4
f 2860/10/10 2859/9/9 2855/11/5
f 2862/14/12 2861/13/11 2852/12/2
f 2864/14/14 2863/13/13 2851/12/1
f 2861/14/11 2865/13/15 2852/12/2
f 2863/14/13 2866/13/16 2851/12/1
f 2869/10/19 2868/15/18 2867/8/17
f 2872/10/22 2871/9/21 2856/11/6
f 2875/10/25 2873/9/23 2874/11/24
f 2871/10/21 2876/9/26 2856/11/6
f 2853/3/3 2854/41/4 2852/40/2
f 2852/42/49 2852/40/2 2854/41/4
f 2874/44/24 2856/43/6 2853/3/3
f 2874/44/24 2853/3/3 2867/45/17
f 2853/3/3 2851/47/1 2867/46/17
f 2899/48/50 2867/46/17 2851/47/1
f 2902/45/53 2901/44/52 2900/49/51
f 2900/49/51 2903/3/54 2904/46/55
f 2905/48/56 2904/46/55 2903/3/54
f 2905/48/56 2903/3/54 2906/47/57
f 2907/50/58 2906/47/57 2903/3/54
f 2903/3/54 2908/1/59 2907/50/58
f 2908/1/59 2903/3/54 2909/2/60
f 2910/51/61 2909/2/60 2903/3/54
f 2903/3/54 2911/40/62 2910/51/61
f 2911/40/62 2903/3/54 2912/42/63
f 2913/41/64 2912/42/63 2903/3/54
f 2916/5/67 2914/4/65 2915/52/66
f 2903/3/54 2917/7/68 2915/52/66
f 2903/3/54 2918/53/69 2917/7/68
f 2919/6/70 2917/7/68 2918/53/69
f 2920/43/71 2918/53/69 2901/44/52
f 2880/14/30 2870/13/20 2899/12/50
f 3003/3/3 3002/2/2 3001/1/1
f 3005/5/5 3004/4/4 3003/3/3
f 3005/7/5 3003/3/3 3006/6/6
f 3008/10/8 3007/9/7 3004/8/4
f 3010/10/10 3009/9/9 3005/11/5
f 3012/14/12 3011/13/11 3002/12/2
f 3014/14/14 3013/13/13 3001/12/1
f 3011/14/11 3015/13/15 3002/12/2
f 3013/14/13 3016/13/16 3001/12/1
f 3019/10/19 3018/15/18 3017/8/17
f 3022/10/22 3021/9/21 3006/11/6
f 3025/10/25 3023/9/23 3024/11/24
f 3021/10/21 3026/9/26 3006/11/6
f 3003/3/3 3004/41/4 3002/40/2
f 3002/42/49 3002/40/2 3004/41/4
f 3024/44/24 3006/43/6 3003/3/3
f 3024/44/24 3003/3/3 3017/45/17
f 3003/3/3 3001/47/1 3017/46/17
f 3049/48/50 3017/46/17 3001/47/1
f 3052/45/53 3051/44/52 3050/49/51
f 3050/49/51 3053/3/54 3054/46/55
f 3055/48/56 3054/46/55 3053/3/54
f 3055/48/56 3053/3/54 3056/47/57
f 3057/50/58 3056/47/57 3053/3/54
f 3053/3/54 3058/1/59 3057/50/58
f 3058/1/59 3053/3/54 3059/2/60
f 3060/51/61 3059/2/60 3053/3/54
f 3053/3/54 3061/40/62 3060/51/61
f 3061/40/62 3053/3/54 3062/42/63
f 3063/41/64 3062/42/63 3053/3/54
f 3066/5/67 3064/4/65 3065/52/66
f 3053/3/54 3067/7/68 3065/52/66
f 3053/3/54 3068/53/69 3067/7/68
f 3069/6/70 3067/7/68 3068/53/69
f 3070/43/71 3068/53/69 3051/44/52
f 3030/14/30 3020/13/20 3049/12/50
f 3153/3/3 3152/2/2 3151/1/1
f 3155/5/5 3154/4/4 3153/3/3
f 3155/7/5 3153/3/3 3156/6/6
f 3158/10/8 3157/9/7 3154/8/4
f 3160/10/10 3159/9/9 3155/11/5
f 3162/14/12 3161/13/11 3152/12/2
f 3164/14/14 3163/13/13 3151/12/1
f 3161/14/11 3165/13/15 3152/12/2
f 3163/14/13 3166/13/16 3151/12/1
f 3169/10/19 3168/15/18 3167/8/17
f 3172/10/22 3171/9/21 3156/11/6
f 3175/10/25 3173/9/23 3174/11/24
f 3171/10/21 3176/9/26 3156/11/6
f 3153/3/3 3154/41/4 3152/40/2
f 3152/42/49 3152/40/2 3154/41/4
f 3174/44/24 3156/43/6 3153/3/3
f 3174/44/24 3153/3/3 3167/45/17
f 3153/3/3 3151/47/1 3167/46/17
f 3199/48/50 3167/46/17 3151/47/1
f 3202/45/53 3201/44/52 3200/49/51
f 3200/49/51 3203/3/54 3204/46/55
f 3205/48/56 3204/46/55 3203/3/54
f 3205/48/56 3203/3/54 3206/47/57
f 3207/50/58 3206/47/57 3203/3/54
f 3203/3/54 3208/1/59 3207/50/58
f 3208/1/59 3203/3/54 3209/2/60
f 3210/51/61 3209/2/60 3203/3/54
f 3203/3/54 3211/40/62 3210/51/61
f 3211/40/62 3203/3/54 3212/42/63
f 3213/41/64 3212/42/63 3203/3/54
f 3216/5/67 3214/4/65 3215/52/66
f 3203/3/54 3217/7/68 3215/52/66
f 3203/3/54 3218/53/69 3217/7/68
f 3219/6/70 3217/7/68 3218/53/69
f 3220/43/71 3218/53/69 3201/44/52
f 3180/14/30 3170/13/20 3199/12/50
f 3303/3/3 3302/2/2 3301/1/1
f 3305/5/5 3304/4/4 3303/3/3
f 3305/7/5 3303/3/3 3306/6/6
f 3308/10/8 3307/9/7 3304/8/4
f 3310/10/10 3309/9/9 3305/11/5
f 3312/14/12 3311/13/11 3302/12/2
f 3314/14/14 3313/13/13 3301/12/1
f 3311/14/11 3315/13/15 3302/12/2
f 3313/14/13 3316/13/16 3301/12/1
f 3319/10/19 3318/15/18 3317/8/17
f 3322/10/22 3321/9/21 3306/11/6
f 3325/10/25 3323/9/23 3324/11/24
f 3321/10/21 3326/9/26 3306/11/6
f 3303/3/3 3304/41/4 3302/40/2
f 3302/42/49 3302/40/2 3304/41/4
f 3324/44/24 3306/43/6 3303/3/3
f 3324/44/24 3303/3/3 3317/45/17
f 3303/3/3 3301/47/1 3317/46/17
f 3349/48/50 3317/46/17 3301/47/1
f 3352/45/53 3351/44/52 3350/49/51
f 3350/49/51 3353/3/54 3354/46/55
f 3355/48/56 3354/46/55 3353/3/54
f 3355/48/56 3353/3/54 3356/47/57
f 3357/50/58 3356/47/57 3353/3/54
f 3353/3/54 3358/1/59 3357/50/58
f 3358/1/59 3353/3/54 3359/2/60
f 3360/51/61 3359/2/60 3353/3/54
f 3353/3/54 3361/40/62 3360/51/61
f 3361/40/62 3353/3/54 3362/42/63
f 3363/41/64 3362/42/63 3353/3/54
f 3366/5/67 3364/4/65 3365/52/66
f 3353/3/54 3367/7/68 3365/52/66
f 3353/3/54 3368/53/69 3367/7/68
f 3369/6/70 3367/7/68 3368/53/69
f 3370/43/71 3368/53/69 3351/44/52
f 3330/14/30 3320/13/20 3349/12/50
f 3453/3/3 3452/2/2 3451/1/1
f 3455/5/5 3454/4/4 3453/3/3
f 3455/7/5 3453/3/3 3456/6/6
f 3458/10/8 3457/9/7 3454/8/4
f 3460/10/10 3459/9/9 3455/11/5
f 3462/14/12 3461/13/11 3452/12/2
f 3464/14/14 3463/13/13 3451/12/1
f 3461/14/11 3465/13/15 3452/12/2
f 3463/14/13 3466/13/16 3451/12/1
f 3469/10/19 3468/15/18 3467/8/17
f 3472/10/22 3471/9/21 3456/11/6
f 3475/10/25 3473/9/23 3474/11/24
f 3471/10/21 3476/9/26 3456/11/6
f 3453/3/3 3454/41/4 3452/40/2
f 3452/42/49 3452/40/2 3454/41/4
f 3474/44/24 3456/43/6 3453/3/3
f 3474/44/24 3453/3/3 3467/45/17
f 3453/3/3 3451/47/1 3467/46/17
f 3499/48/50 3467/46/17 3451/47/1
f 3502/45/53 3501/44/52 3500/49/51
f 3500/49/51 3503/3/54 3504/46/55
f 3505/48/56 3504/46/55 3503/3/54
f 3505/48/56 3503/3/54 3506/47/57
f 3507/50/58 3506/47/57 3503/3/54
f 3503/3/54 3508/1/59 3507/50/58
f 3508/1/59 3503/3/54 3509/2/60
f 3510/51/61 3509/2/60 3503/3/54
f 3503/3/54 3511/40/62 3510/51/61
f 3511/40/62 3503/3/54 3512/42/63
f 3513/41/64 3512/42/63 3503/3/54
f 3516/5/67 3514/4/65 3515/52/66
f 3503/3/54 3517/7/68 3515/52/66
f 3503/3/54 3518/53/69 3517/7/68
f 3519/6/70 3517/7/68 3518/53/69
f 3520/43/71 3518/53/69 3501/44/52
f 3480/14/30 3470/13/20 3499/12/50
f 8/9/8 4/8/4 5/11/5
f 5/11/5 9/10/9 8/9/8
f 20/14/20 19/13/19 17/16/17
f 17/16/17 49/12/50 20/14/20
f 23/10/23 22/9/22 6/17/6
f 6/17/6 24/11/24 23/10/23
f 26/10/26 10/9/10 5/11/5
f 5/11/5 6/11/6 26/10/26
f 27/18/27 28/20/28 19/19/19
f 19/19/19 20/21/20 27/18/27
f 29/22/29 27/18/27 20/21/20
f 20/21/20 30/23/30 29/22/29
f 31/24/31 29/22/29 30/23/30
f 30/23/30 16/25/16 31/24/31
f 32/26/32 31/24/31 16/25/16
f 16/25/16 13/27/13 32/26/32
f 33/28/33 32/26/32 13/27/13
f 13/27/13 14/29/14 33/28/33
f 34/30/34 33/28/33 14/29/14
f 14/29/14 15/31/15 34/30/34
f 35/32/35 34/30/34 15/31/15
f 15/31/15 11/33/11 35/32/35
f 36/34/36 35/32/35 11/33/11
f 11/33/11 12/35/12 36/34/36
f 37/36/37 36/34/36 12/35/12
f 12/35/12 38/37/38 37/36/37
f 39/38/39 37/36/37 38/37/38
f 38/37/38 7/39/7 39/38/39
f 18/37/18 19/39/19 28/38/28
f 28/38/28 40/36/40 18/37/18
f 25/35/25 18/37/18 40/36/40
f 40/36/40 41/34/41 25/35/25
f 23/33/23 25/35/25 41/34/41
f 41/34/41 42/32/42 23/33/23
f 22/31/22 23/33/23 42/32/42
f 42/32/42 43/30/43 22/31/22
f 21/29/21 22/31/22 43/30/43
f 43/30/43 44/28/44 21/29/21
f 26/27/26 21/29/21 44/28/44
f 44/28/44 45/26/45 26/27/26
f 10/25/10 26/27/26 45/26/45
f 45/26/45 46/24/46 10/25/10
f 9/23/9 10/25/10 46/24/46
f 46/24/46 47/22/47 9/23/9
f 8/21/8 9/23/9 47/22/47
f 47/22/47 48/18/48 8/21/8
f 7/19/7 8/21/8 48/18/48
f 48/18/48 39/20/39 7/19/7
f 53/3/54 50/49/51 51/44/52
f 51/44/52 68/53/69 53/3/54
f 65/52/66 64/4/65 63/41/64
f 63/41/64 53/3/54 65/52/66
f 4/8/4 7/54/7 38/13/38
f 38/13/38 2/8/49 4/8/4
f 2/12/49 38/14/38 12/13/12
f 12/13/12 2/11/2 2/12/49
f 2/12/2 15/14/15 14/13/14
f 14/13/14 1/11/1 2/12/2
f 1/12/1 16/14/16 30/13/30
f 30/13/30 49/11/50 1/12/1
f 17/11/17 18/10/18 25/9/25
f 25/9/25 24/17/24 17/11/17
f 71/55/72 73/57/46 72/56/45
f 72/56/45 74/58/73 71/55/72
f 74/55/73 72/57/45 75/56/44
f 75/56/44 76/58/74 74/55/73
f 76/55/74 75/57/44 77/56/75
f 77/56/75 78/58/76 76/55/74
f 79/55/77 81/57/48 80/56/47
f 80/56/47 82/58/78 79/55/77
f 82/55/78 80/57/47 73/56/46
f 73/56/46 71/58/72 82/55/78
f 83/55/79 85/57/37 84/56/39
f 84/56/39 86/58/80 83/55/79
f 86/55/80 84/57/39 81/56/48
f 81/56/48 79/58/77 86/55/80
f 87/55/81 89/57/35 88/56/82
f 88/56/82 90/58/83 87/55/81
f 90/55/83 88/57/82 85/56/37
f 85/56/37 83/58/79 90/55/83
f 91/55/84 93/57/85 92/56/34
f 92/56/34 94/58/86 91/55/84
f 94/55/86 92/57/34 89/56/35
f 89/56/35 87/58/81 94/55/86
f 95/55/87 96/57/32 93/56/85
f 93/56/85 91/58/84 95/55/87
f 97/55/88 99/57/29 98/56/31
f 98/56/31 100/58/89 97/55/88
f 100/55/89 98/57/31 96/56/32
f 96/56/32 95/58/87 100/55/89
f 101/55/90 102/57/27 99/56/29
f 99/56/29 97/58/88 101/55/90
f 103/55/91 105/57/40 104/56/28
f 104/56/28 106/58/92 103/55/91
f 106/55/92 104/57/28 102/56/27
f 102/56/27 101/58/90 106/55/92
f 107/55/93 108/57/41 105/56/40
f 105/56/40 103/58/91 107/55/93
f 78/55/76 77/57/75 109/56/42
f 109/56/42 110/58/94 78/55/76
f 110/55/94 109/57/42 108/56/41
f 108/56/41 107/58/93 110/55/94
f 80/59/47 47/61/47 46/60/46
f 46/60/46 73/62/46 80/59/47
f 111/63/95 68/65/69 70/64/71
f 70/64/71 112/66/96 111/63/95
f 112/67/96 70/69/71 51/68/52
f 51/68/52 113/70/97 112/67/96
f 81/71/48 48/73/48 47/72/47
f 47/72/47 80/74/47 81/71/48
f 113/75/97 51/77/52 52/76/53
f 52/76/53 114/78/98 113/75/97
f 84/79/39 39/81/39 48/80/48
f 48/80/48 81/82/48 84/79/39
f 114/83/98 52/85/53 50/84/51
f 50/84/51 115/86/99 114/83/98
f 85/87/37 37/89/37 39/88/39
f 39/88/39 84/90/39 85/87/37
f 115/91/99 50/93/51 54/92/55
f 54/92/55 116/94/100 115/91/99
f 88/95/82 36/97/36 37/96/37
f 37/96/37 85/98/37 88/95/82
f 116/99/100 54/101/55 55/100/56
f 55/100/56 117/102/101 116/99/100
f 89/103/35 35/105/35 36/104/36
f 36/104/36 88/106/82 89/103/35
f 117/107/101 55/109/56 56/108/57
f 56/108/57 118/110/102 117/107/101
f 92/111/34 34/113/34 35/112/35
f 35/112/35 89/114/35 92/111/34
f 118/115/102 56/117/57 57/116/58
f 57/116/58 119/118/103 118/115/102
f 93/119/85 33/121/33 34/120/34
f 34/120/34 92/122/34 93/119/85
f 119/123/103 57/125/58 58/124/59
f 58/124/59 120/126/104 119/123/103
f 96/127/32 32/116/32 33/128/33
f 33/128/33 93/129/85 96/127/32
f 120/130/104 58/132/59 59/131/60
f 59/131/60 121/133/105 120/130/104
f 98/134/31 31/136/31 32/135/32
f 32/135/32 96/137/32 98/134/31
f 121/138/105 59/120/60 60/139/61
f 60/139/61 122/140/106 121/138/105
f 99/141/29 29/143/29 31/142/31
f 31/142/31 98/144/31 99/141/29
f 122/145/106 60/147/61 61/146/62
f 61/146/62 123/148/107 122/145/106
f 102/149/27 27/151/27 29/150/29
f 29/150/29 99/152/29 102/149/27
f 123/153/107 61/155/62 62/154/63
f 62/154/63 124/156/108 123/153/107
f 104/157/28 28/84/28 27/158/27
f 27/158/27 102/159/27 104/157/28
f 124/160/108 62/161/63 63/81/64
f 63/81/64 125/162/109 124/160/108
f 105/163/40 40/164/40 28/93/28
f 28/93/28 104/165/28 105/163/40
f 125/166/109 63/88/64 64/167/65
f 64/167/65 126/168/110 125/166/109
f 108/169/41 41/171/41 40/170/40
f 40/170/40 105/172/40 108/169/41
f 126/173/110 64/175/65 66/174/67
f 66/174/67 127/176/111 126/173/110
f 109/177/42 42/179/42 41/178/41
f 41/178/41 108/180/41 109/177/42
f 127/181/111 66/183/67 65/182/66
f 65/182/66 128/184/112 127/181/111
f 77/185/75 43/187/43 42/186/42
f 42/186/42 109/188/42 77/185/75
f 128/189/112 65/191/66 67/190/68
f 67/190/68 129/192/113 128/189/112
f 75/193/44 44/194/44 43/65/43
f 43/65/43 77/195/75 75/193/44
f 129/196/113 67/198/68 69/197/70
f 69/197/70 130/199/114 129/196/113
f 72/200/45 45/190/45 44/201/44
f 44/201/44 75/202/44 72/200/45
f 130/203/114 69/205/70 68/204/69
f 68/204/69 111/206/95 130/203/114
f 73/207/46 46/209/46 45/208/45
f 45/208/45 72/210/45 73/207/46
f 114/211/98 132/213/116 131/212/115
f 131/212/115 113/214/97 114/211/98
f 113/215/97 131/217/115 133/216/117
f 133/216/117 112/218/96 113/215/97
f 112/219/96 133/221/117 134/220/118
f 134/220/118 111/222/95 112/219/96
f 111/223/95 134/225/118 135/224/119
f 135/224/119 130/226/114 111/223/95
f 130/223/114 135/225/119 136/224/120
f 136/224/120 129/226/113 130/223/114
f 129/227/113 136/229/120 137/228/121
f 137/228/121 128/230/112 129/227/113
f 128/231/112 137/233/121 138/232/122
f 138/232/122 127/234/111 128/231/112
f 127/235/111 138/237/122 139/236/123
f 139/236/123 126/238/110 127/235/111
f 126/223/110 139/225/123 140/224/124
f 140/224/124 125/226/109 126/223/110
f 125/223/109 140/225/124 141/224/125
f 141/224/125 124/226/108 125/223/109
f 124/239/108 141/241/125 142/240/126
f 142/240/126 123/242/107 124/239/108
f 123/243/107 142/245/126 143/244/127
f 143/244/127 122/246/106 123/243/107
f 122/247/106 143/249/127 144/248/128
f 144/248/128 121/250/105 122/247/106
f 121/223/105 144/225/128 145/224/129
f 145/224/129 120/226/104 121/223/105
f 120/223/104 145/225/129 146/224/130
f 146/224/130 119/226/103 120/223/104
f 119/251/103 146/253/130 147/252/131
f 147/252/131 118/254/102 119/251/103
f 118/255/102 147/257/131 148/256/132
f 148/256/132 117/258/101 118/255/102
f 117/259/101 148/261/132 149/260/133
f 149/260/133 116/262/100 117/259/101
f 116/223/100 149/225/133 150/224/134
f 150/224/134 115/226/99 116/223/100
f 115/223/99 150/225/134 132/224/116
f 132/224/116 114/226/98 115/223/99
f 150/263/134 86/265/80 79/264/77
f 79/264/77 132/266/116 150/263/134
f 132/263/116 79/265/77 82/264/78
f 82/264/78 131/266/115 132/263/116
f 131/263/115 82/265/78 71/264/72
f 71/264/72 133/266/117 131/263/115
f 133/263/117 71/265/72 74/264/73
f 74/264/73 134/266/118 133/263/117
f 134/263/118 74/265/73 76/264/74
f 76/264/74 135/266/119 134/263/118
f 135/263/119 76/265/74 78/264/76
f 78/264/76 136/266/120 135/263/119
f 136/263/120 78/265/76 110/264/94
f 110/264/94 137/266/121 136/263/120
f 137/263/121 110/265/94 107/264/93
f 107/264/93 138/266/122 137/263/121
f 138/263/122 107/265/93 103/264/91
f 103/264/91 139/266/123 138/263/122
f 139/263/123 103/265/91 106/264/92
f 106/264/92 140/266/124 139/263/123
f 140/263/124 106/265/92 101/264/90
f 101/264/90 141/266/125 140/263/124
f 141/263/125 101/265/90 97/264/88
f 97/264/88 142/266/126 141/263/125
f 142/263/126 97/265/88 100/264/89
f 100/264/89 143/266/127 142/263/126
f 143/263/127 100/265/89 95/264/87
f 95/264/87 144/266/128 143/263/127
f 144/263/128 95/265/87 91/264/84
f 91/264/84 145/266/129 144/263/128
f 145/263/129 91/265/84 94/264/86
f 94/264/86 146/266/130 145/263/129
f 146/263/130 94/265/86 87/264/81
f 87/264/81 147/266/131 146/263/130
f 147/263/131 87/265/81 90/264/83
f 90/264/83 148/266/132 147/263/131
f 148/263/132 90/265/83 83/264/79
f 83/264/79 149/266/133 148/263/132
f 149/263/133 83/265/79 86/264/80
f 86/264/80 150/266/134 149/263/133
f 158/9/8 154/8/4 155/11/5
f 155/11/5 159/10/9 158/9/8
f 170/14/20 169/13/19 167/16/17
f 167/16/17 199/12/50 170/14/20
f 173/10/23 172/9/22 156/17/6
f 156/17/6 174/11/24 173/10/23
f 176/10/26 160/9/10 155/11/5
f 155/11/5 156/11/6 176/10/26
f 177/18/27 178/20/28 169/19/19
f 169/19/19 170/21/20 177/18/27
f 179/22/29 177/18/27 170/21/20
f 170/21/20 180/23/30 179/22/29
f 181/24/31 179/22/29 180/23/30
f 180/23/30 166/25/16 181/24/31
f 182/26/32 181/24/31 166/25/16
f 166/25/16 163/27/13 182/26/32
f 183/28/33 182/26/32 163/27/13
f 163/27/13 164/29/14 183/28/33
f 184/30/34 183/28/33 164/29/14
f 164/29/14 165/31/15 184/30/34
f 185/32/35 184/30/34 165/31/15
f 165/31/15 161/33/11 185/32/35
f 186/34/36 185/32/35 161/33/11
f 161/33/11 162/35/12 186/34/36
f 187/36/37 186/34/36 162/35/12
f 162/35/12 188/37/38 187/36/37
f 189/38/39 187/36/37 188/37/38
f 188/37/38 157/39/7 189/38/39
f 168/37/18 169/39/19 178/38/28
f 178/38/28 190/36/40 168/37/18
f 175/35/25 168/37/18 190/36/40
f 190/36/40 191/34/41 175/35/25
f 173/33/23 175/35/25 191/34/41
f 191/34/41 192/32/42 173/33/23
f 172/31/22 173/33/23 192/32/42
f 192/32/42 193/30/43 172/31/22
f 171/29/21 172/31/22 193/30/43
f 193/30/43 194/28/44 171/29/21
f 176/27/26 171/29/21 194/28/44
f 194/28/44 195/26/45 176/27/26
f 160/25/10 176/27/26 195/26/45
f 195/26/45 196/24/46 160/25/10
f 159/23/9 160/25/10 196/24/46
f 196/24/46 197/22/47 159/23/9
f 158/21/8 159/23/9 197/22/47
f 197/22/47 198/18/48 158/21/8
f 157/19/7 158/21/8 198/18/48
f 198/18/48 189/20/39 157/19/7
f 203/3/54 200/49/51 201/44/52
f 201/44/52 218/53/69 203/3/54
f 215/52/66 214/4/65 213/41/64
f 213/41/64 203/3/54 215/52/66
f 154/8/4 157/54/7 188/13/38
f 188/13/38 152/8/49 154/8/4
f 152/12/49 188/14/38 162/13/12
f 162/13/12 152/11/2 152/12/49
f 152/12/2 165/14/15 164/13/14
f 164/13/14 151/11/1 152/12/2
f 151/12/1 166/14/16 180/13/30
f 180/13/30 199/11/50 151/12/1
f 167/11/17 168/10/18 175/9/25
f 175/9/25 174/17/24 167/11/17
f 221/55/72 223/57/46 222/56/45
f 222/56/45 224/58/73 221/55/72
f 224/55/73 222/57/45 225/56/44
f 225/56/44 226/58/74 224/55/73
f 226/55/74 225/57/44 227/56/75
f 227/56/75 228/58/76 226/55/74
f 229/55/77 231/57/48 230/56/47
f 230/56/47 232/58/78 229/55/77
f 232/55/78 230/57/47 223/56/46
f 223/56/46 221/58/72 232/55/78
f 233/55/79 235/57/37 234/56/39
f 234/56/39 236/58/80 233/55/79
f 236/55/80 234/57/39 231/56/48
f 231/56/48 229/58/77 236/55/80
f 237/55/81 239/57/35 238/56/82
f 238/56/82 240/58/83 237/55/81
f 240/55/83 238/57/82 235/56/37
f 235/56/37 233/58/79 240/55/83
f 241/55/84 243/57/85 242/56/34
f 242/56/34 244/58/86 241/55/84
f 244/55/86 242/57/34 239/56/35
f 239/56/35 237/58/81 244/55/86
f 245/55/87 246/57/32 243/56/85
f 243/56/85 241/58/84 245/55/87
f 247/55/88 249/57/29 248/56/31
f 248/56/31 250/58/89 247/55/88
f 250/55/89 248/57/31 246/56/32
f 246/56/32 245/58/87 250/55/89
f 251/55/90 252/57/27 249/56/29
f 249/56/29 247/58/88 251/55/90
f 253/55/91 255/57/40 254/56/28
f 254/56/28 256/58/92 253/55/91
f 256/55/92 254/57/28 252/56/27
f 252/56/27 251/58/90 256/55/92
f 257/55/93 258/57/41 255/56/40
f 255/56/40 253/58/91 257/55/93
f 228/55/76 227/57/75 259/56/42
f 259/56/42 260/58/94 228/55/76
f 260/55/94 259/57/42 258/56/41
f 258/56/41 257/58/93 260/55/94
f 230/59/47 197/61/47 196/60/46
f 196/60/46 223/62/46 230/59/47
f 261/63/95 218/65/69 220/64/71
f 220/64/71 262/66/96 261/63/95
f 262/67/96 220/69/71 201/68/52
f 201/68/52 263/70/97 262/67/96
f 231/71/48 198/73/48 197/72/47
f 197/72/47 230/74/47 231/71/48
f 263/75/97 201/77/52 202/76/53
f 202/76/53 264/78/98 263/75/97
f 234/79/39 189/81/39 198/80/48
f 198/80/48 231/82/48 234/79/39
f 264/83/98 202/85/53 200/84/51
f 200/84/51 265/86/99 264/83/98
f 235/87/37 187/89/37 189/88/39
f 189/88/39 234/90/39 235/87/37
f 265/91/99 200/93/51 204/92/55
f 204/92/55 266/94/100 265/91/99
f 238/95/82 186/97/36 187/96/37
f 187/96/37 235/98/37 238/95/82
f 266/99/100 204/101/55 205/100/56
f 205/100/56 267/102/101 266/99/100
f 239/103/35 185/105/35 186/104/36
f 186/104/36 238/106/82 239/103/35
f 267/107/101 205/109/56 206/108/57
f 206/108/57 268/110/102 267/107/101
f 242/111/34 184/113/34 185/112/35
f 185/112/35 239/114/35 242/111/34
f 268/115/102 206/117/57 207/116/58
f 207/116/58 269/118/103 268/115/102
f 243/119/85 183/121/33 184/120/34
f 184/120/34 242/122/34 243/119/85
f 269/123/103 207/125/58 208/124/59
f 208/124/59 270/126/104 269/123/103
f 246/127/32 182/116/32 183/128/33
f 183/128/33 243/129/85 246/127/32
f 270/130/104 208/132/59 209/131/60
f 209/131/60 271/133/105 270/130/104
f 248/134/31 181/136/31 182/135/32
f 182/135/32 246/137/32 248/134/31
f 271/138/105 209/120/60 210/139/61
f 210/139/61 272/140/106 271/138/105
f 249/141/29 179/143/29 181/142/31
f 181/142/31 248/144/31 249/141/29
f 272/145/106 210/147/61 211/146/62
f 211/146/62 273/148/107 272/145/106
f 252/149/27 177/151/27 179/150/29
f 179/150/29 249/152/29 252/149/27
f 273/153/107 211/155/62 212/154/63
f 212/154/63 274/156/108 273/153/107
f 254/157/28 178/84/28 177/158/27
f 177/158/27 252/159/27 254/157/28
f 274/160/108 212/161/63 213/81/64
f 213/81/64 275/162/109 274/160/108
f 255/163/40 190/164/40 178/93/28
f 178/93/28 254/165/28 255/163/40
f 275/166/109 213/88/64 214/167/65
f 214/167/65 276/168/110 275/166/109
f 258/169/41 191/171/41 190/170/40
f 190/170/40 255/172/40 258/169/41
f 276/173/110 214/175/65 216/174/67
f 216/174/67 277/176/111 276/173/110
f 259/177/42 192/179/42 191/178/41
f 191/178/41 258/180/41 259/177/42
f 277/181/111 216/183/67 215/182/66
f 215/182/66 278/184/112 277/181/111
f 227/185/75 193/187/43 192/186/42
f 192/186/42 259/188/42 227/185/75
f 278/189/112 215/191/66 217/190/68
f 217/190/68 279/192/113 278/189/112
f 225/193/44 194/194/44 193/65/43
f 193/65/43 227/195/75 225/193/44
f 279/196/113 217/198/68 219/197/70
f 219/197/70 280/199/114 279/196/113
f 222/200/45 195/190/45 194/201/44
f 194/201/44 225/202/44 222/200/45
f 280/203/114 219/205/70 218/204/69
f 218/204/69 261/206/95 280/203/114
f 223/207/46 196/209/46 195/208/45
f 195/208/45 222/210/45 223/207/46
f 264/211/98 282/213/116 281/212/115
f 281/212/115 263/214/97 264/211/98
f 263/215/97 281/217/115 283/216/117
f 283/216/117 262/218/96 263/215/97
f 262/219/96 283/221/117 284/220/118
f 284/220/118 261/222/95 262/219/96
f 261/223/95 284/225/118 285/224/119
f 285/224/119 280/226/114 261/223/95
f 280/223/114 285/225/119 286/224/120
f 286/224/120 279/226/113 280/223/114
f 279/227/113 286/229/120 287/228/121
f 287/228/121 278/230/112 279/227/113
f 278/231/112 287/233/121 288/232/122
f 288/232/122 277/234/111 278/231/112
f 277/235/111 288/237/122 289/236/123
f 289/236/123 276/238/110 277/235/111
f 276/223/110 289/225/123 290/224/124
f 290/224/124 275/226/109 276/223/110
f 275/223/109 290/225/124 291/224/125
f 291/224/125 274/226/108 275/223/109
f 274/239/108 291/241/125 292/240/126
f 292/240/126 273/242/107 274/239/108
f 273/243/107 292/245/126 293/244/127
f 293/244/127 272/246/106 273/243/107
f 272/247/106 293/249/127 294/248/128
f 294/248/128 271/250/105 272/247/106
f 271/223/105 294/225/128 295/224/129
f 295/224/129 270/226/104 271/223/105
f 270/223/104 295/225/129 296/224/130
f 296/224/130 269/226/103 270/223/104
f 269/251/103 296/253/130 297/252/131
f 297/252/131 268/254/102 269/251/103
f 268/255/102 297/257/131 298/256/132
f 298/256/132 267/258/101 268/255/102
f 267/259/101 298/261/132 299/260/133
f 299/260/133 266/262/100 267/259/101
f 266/223/100 299/225/133 300/224/134
f 300/224/134 265/226/99 266/223/100
f 265/223/99 300/225/134 282/224/116
f 282/224/116 264/226/98 265/223/99
f 300/263/134 236/265/80 229/264/77
f 229/264/77 282/266/116 300/263/134
f 282/263/116 229/265/77 232/264/78
f 232/264/78 281/266/115 282/263/116
f 281/263/115 232/265/78 221/264/72
f 221/264/72 283/266/117 281/263/115
f 283/263/117 221/265/72 224/264/73
f 224/264/73 284/266/118 283/263/117
f 284/263/118 224/265/73 226/264/74
f 226/264/74 285/266/119 284/263/118
f 285/263/119 226/265/74 228/264/76
f 228/264/76 286/266/120 285/263/119
f 286/263/120 228/265/76 260/264/94
f 260/264/94 287/266/121 286/263/120
f 287/263/121 260/265/94 257/264/93
f 257/264/93 288/266/122 287/263/121
f 288/263/122 257/265/93 253/264/91
f 253/264/91 289/266/123 288/263/122
f 289/263/123 253/265/91 256/264/92
f 256/264/92 290/266/124 289/263/123
f 290/263/124 256/265/92 251/264/90
f 251/264/90 291/266/125 290/263/124
f 291/263/125 251/265/90 247/264/88
f 247/264/88 292/266/126 291/263/125
f 292/263/126 247/265/88 250/264/89
f 250/264/89 293/266/127 292/263/126
f 293/263/127 250/265/89 245/264/87
f 245/264/87 294/266/128 293/263/127
f 294/263/128 245/265/87 241/264/84
f 241/264/84 295/266/129 294/263/128
f 295/263/129 241/265/84 244/264/86
f 244/264/86 296/266/130 295/263/129
f 296/263/130 244/265/86 237/264/81
f 237/264/81 297/266/131 296/263/130
f 297/263/131 237/265/81 240/264/83
f 240/264/83 298/266/132 297/263/131
f 298/263/132 240/265/83 233/264/79
f 233/264/79 299/266/133 298/263/132
f 299/263/133 233/265/79 236/264/80
f 236/264/80 300/266/134 299/263/133
f 308/9/8 304/8/4 305/11/5
f 305/11/5 309/10/9 308/9/8
f 320/14/20 319/13/19 317/16/17
f 317/16/17 349/12/50 320/14/20
f 323/10/23 322/9/22 306/17/6
f 306/17/6 324/11/24 323/10/23
f 326/10/26 310/9/10 305/11/5
f 305/11/5 306/11/6 326/10/26
f 327/18/27 328/20/28 319/19/19
f 319/19/19 320/21/20 327/18/27
f 329/22/29 327/18/27 320/21/20
f 320/21/20 330/23/30 329/22/29
f 331/24/31 329/22/29 330/23/30
f 330/23/30 316/25/16 331/24/31
f 332/26/32 331/24/31 316/25/16
f 316/25/16 313/27/13 332/26/32
f 333/28/33 332/26/32 313/27/13
f 313/27/13 314/29/14 333/28/33
f 334/30/34 333/28/33 314/29/14
f 314/29/14 315/31/15 334/30/34
f 335/32/35 334/30/34 315/31/15
f 315/31/15 311/33/11 335/32/35
f 336/34/36 335/32/35 311/33/11
f 311/33/11 312/35/12 336/34/36
f 337/36/37 336/34/36 312/35/12
f 312/35/12 338/37/38 337/36/37
f 339/38/39 337/36/37 338/37/38
f 338/37/38 307/39/7 339/38/39
f 318/37/18 319/39/19 328/38/28
f 328/38/28 340/36/40 318/37/18
f 325/35/25 318/37/18 340/36/40
f 340/36/40 341/34/41 325/35/25
f 323/33/23 325/35/25 341/34/41
f 341/34/41 342/32/42 323/33/23
f 322/31/22 323/33/23 342/32/42
f 342/32/42 343/30/43 322/31/22
f 321/29/21 322/31/22 343/30/43
f 343/30/43 344/28/44 321/29/21
f 326/27/26 321/29/21 344/28/44
f 344/28/44 345/26/45 326/27/26
f 310/25/10 326/27/26 345/26/45
f 345/26/45 346/24/46 310/25/10
f 309/23/9 310/25/10 346/24/46
f 346/24/46 347/22/47 309/23/9
f 308/21/8 309/23/9 347/22/47
f 347/22/47 348/18/48 308/21/8
f 307/19/7 308/21/8 348/18/48
f 348/18/48 339/20/39 307/19/7
f 353/3/54 350/49/51 351/44/52
f 351/44/52 368/53/69 353/3/54
f 365/52/66 364/4/65 363/41/64
f 363/41/64 353/3/54 365/52/66
f 304/8/4 307/54/7 338/13/38
f 338/13/38 302/8/49 304/8/4
f 302/12/49 338/14/38 312/13/12
f 312/13/12 302/11/2 302/12/49
f 302/12/2 315/14/15 314/13/14
f 314/13/14 301/11/1 302/12/2
f 301/12/1 316/14/16 330/13/30
f 330/13/30 349/11/50 301/12/1
f 317/11/17 318/10/18 325/9/25
f 325/9/25 324/17/24 317/11/17
f 371/55/72 373/57/46 372/56/45
f 372/56/45 374/58/73 371/55/72
f 374/55/73 372/57/45 375/56/44
f 375/56/44 376/58/74 374/55/73
f 376/55/74 375/57/44 377/56/75
f 377/56/75 378/58/76 376/55/74
f 379/55/77 381/57/48 380/56/47
f 380/56/47 382/58/78 379/55/77
f 382/55/78 380/57/47 373/56/46
f 373/56/46 371/58/72 382/55/78
f 383/55/79 385/57/37 384/56/39
f 384/56/39 386/58/80 383/55/79
f 386/55/80 384/57/39 381/56/48
f 381/56/48 379/58/77 386/55/80
f 387/55/81 389/57/35 388/56/82
f 388/56/82 390/58/83 387/55/81
f 390/55/83 388/57/82 385/56/37
f 385/56/37 383/58/79 390/55/83
f 391/55/84 393/57/85 392/56/34
f 392/56/34 394/58/86 391/55/84
f 394/55/86 392/57/34 389/56/35
f 389/56/35 387/58/81 394/55/86
f 395/55/87 396/57/32 393/56/85
f 393/56/85 391/58/84 395/55/87
f 397/55/88 399/57/29 398/56/31
f 398/56/31 400/58/89 397/55/88
f 400/55/89 398/57/31 396/56/32
f 396/56/32 395/58/87 400/55/89
f 401/55/90 402/57/27 399/56/29
f 399/56/29 397/58/88 401/55/90
f 403/55/91 405/57/40 404/56/28
f 404/56/28 406/58/92 403/55/91
f 406/55/92 404/57/28 402/56/27
f 402/56/27 401/58/90 406/55/92
f 407/55/93 408/57/41 405/56/40
f 405/56/40 403/58/91 407/55/93
f 378/55/76 377/57/75 409/56/42
f 409/56/42 410/58/94 378/55/76
f 410/55/94 409/57/42 408/56/41
f 408/56/41 407/58/93 410/55/94
f 380/59/47 347/61/47 346/60/46
f 346/60/46 373/62/46 380/59/47
f 411/63/95 368/65/69 370/64/71
f 370/64/71 412/66/96 411/63/95
f 412/67/96 370/69/71 351/68/52
f 351/68/52 413/70/97 412/67/96
f 381/71/48 348/73/48 347/72/47
f 347/72/47 380/74/47 381/71/48
f 413/75/97 351/77/52 352/76/53
f 352/76/53 414/78/98 413/75/97
f 384/79/39 339/81/39 348/80/48
f 348/80/48 381/82/48 384/79/39
f 414/83/98 352/85/53 350/84/51
f 350/84/51 415/86/99 414/83/98
f 385/87/37 337/89/37 339/88/39
f 339/88/39 384/90/39 385/87/37
f 415/91/99 350/93/51 354/92/55
f 354/92/55 416/94/100 415/91/99
f 388/95/82 336/97/36 337/96/37
f 337/96/37 385/98/37 388/95/82
f 416/99/100 354/101/55 355/100/56
f 355/100/56 417/102/101 416/99/100
f 389/103/35 335/105/35 336/104/36
f 336/104/36 388/106/82 389/103/35
f 417/107/101 355/109/56 356/108/57
f 356/108/57 418/110/102 417/107/101
f 392/111/34 334/113/34 335/112/35
f 335/112/35 389/114/35 392/111/34
f 418/115/102 356/117/57 357/116/58
f 357/116/58 419/118/103 418/115/102
f 393/119/85 333/121/33 334/120/34
f 334/120/34 392/122/34 393/119/85
f 419/123/103 357/125/58 358/124/59
f 358/124/59 420/126/104 419/123/103
f 396/127/32 332/116/32 333/128/33
f 333/128/33 393/129/85 396/127/32
f 420/130/104 358/132/59 359/131/60
f 359/131/60 421/133/105 420/130/104
f 398/134/31 331/136/31 332/135/32
f 332/135/32 396/137/32 398/134/31
f 421/138/105 359/120/60 360/139/61
f 360/139/61 422/140/106 421/138/105
f 399/141/29 329/143/29 331/142/31
f 331/142/31 398/144/31 399/141/29
f 422/145/106 360/147/61 361/146/62
f 361/146/62 423/148/107 422/145/106
f 402/149/27 327/151/27 329/150/29
f 329/150/29 399/152/29 402/149/27
f 423/153/107 361/155/62 362/154/63
f 362/154/63 424/156/108 423/153/107
f 404/157/28 328/84/28 327/158/27
f 327/158/27 402/159/27 404/157/28
f 424/160/108 362/161/63 363/81/64
f 363/81/64 425/162/109 424/160/108
f 405/163/40 340/164/40 328/93/28
f 328/93/28 404/165/28 405/163/40
f 425/166/109 363/88/64 364/167/65
f 364/167/65 426/168/110 425/166/109
f 408/169/41 341/171/41 340/170/40
f 340/170/40 405/172/40 408/169/41
f 426/173/110 364/175/65 366/174/67
f 366/174/67 427/176/111 426/173/110
f 409/177/42 342/179/42 341/178/41
f 341/178/41 408/180/41 409/177/42
f 427/181/111 366/183/67 365/182/66
f 365/182/66 428/184/112 427/181/111
f 377/185/75 343/187/43 342/186/42
f 342/186/42 409/188/42 377/185/75
f 428/189/112 365/191/66 367/190/68
f 367/190/68 429/192/113 428/189/112
f 375/193/44 344/194/44 343/65/43
f 343/65/43 377/195/75 375/193/44
f 429/196/113 367/198/68 369/197/70
f 369/197/70 430/199/114 429/196/113
f 372/200/45 345/190/45 344/201/44
f 344/201/44 375/202/44 372/200/45
f 430/203/114 369/205/70 368/204/69
f 368/204/69 411/206/95 430/203/114
f 373/207/46 346/209/46 345/208/45
f 345/208/45 372/210/45 373/207/46
f 414/211/98 432/213/116 431/212/115
f 431/212/115 413/214/97 414/211/98
f 413/215/97 431/217/115 433/216/117
f 433/216/117 412/218/96 413/215/97
f 412/219/96 433/221/117 434/220/118
f 434/220/118 411/222/95 412/219/96
f 411/223/95 434/225/118 435/224/119
f 435/224/119 430/226/114 411/223/95
f 430/223/114 435/225/119 436/224/120
f 436/224/120 429/226/113 430/223/114
f 429/227/113 436/229/120 437/228/121
f 437/228/121 428/230/112 429/227/113
f 428/231/112 437/233/121 438/232/122
f 438/232/122 427/234/111 428/231/112
f 427/235/111 438/237/122 439/236/123
f 439/236/123 426/238/110 427/235/111
f 426/223/110 439/225/123 440/224/124
f 440/224/124 425/226/109 426/223/110
f 425/223/109 440/225/124 441/224/125
f 441/224/125 424/226/108 425/223/109
f 424/239/108 441/241/125 442/240/126
f 442/240/126 423/242/107 424/239/108
f 423/243/107 442/245/126 443/244/127
f 443/244/127 422/246/106 423/243/107
f 422/247/106 443/249/127 444/248/128
f 444/248/128 421/250/105 422/247/106
f 421/223/105 444/225/128 445/224/129
f 445/224/129 420/226/104 421/223/105
f 420/223/104 445/225/129 446/224/130
f 446/224/130 419/226/103 420/223/104
f 419/251/103 446/253/130 447/252/131
f 447/252/131 418/254/102 419/251/103
f 418/255/102 447/257/131 448/256/132
f 448/256/132 417/258/101 418/255/102
f 417/259/101 448/261/132 449/260/133
f 449/260/133 416/262/100 417/259/101
f 416/223/100 449/225/133 450/224/134
f 450/224/134 415/226/99 416/223/100
f 415/223/99 450/225/134 432/224/116
f 432/224/116 414/226/98 415/223/99
f 450/263/134 386/265/80 379/264/77
f 379/264/77 432/266/116 450/263/134
f 432/263/116 379/265/77 382/264/78
f 382/264/78 431/266/115 432/263/116
f 431/263/115 382/265/78 371/264/72
f 371/264/72 433/266/117 431/263/115
f 433/263/117 371/265/72 374/264/73
f 374/264/73 434/266/118 433/263/117
f 434/263/118 374/265/73 376/264/74
f 376/264/74 435/266/119 434/263/118
f 435/263/119 376/265/74 378/264/76
f 378/264/76 436/266/120 435/263/119
f 436/263/120 378/265/76 410/264/94
f 410/264/94 437/266/121 436/263/120
f 437/263/121 410/265/94 407/264/93
f 407/264/93 438/266/122 437/263/121
f 438/263/122 407/265/93 403/264/91
f 403/264/91 439/266/123 438/263/122
f 439/263/123 403/265/91 406/264/92
f 406/264/92 440/266/124 439/263/123
f 440/263/124 406/265/92 401/264/90
f 401/264/90 441/266/125 440/263/124
f 441/263/125 401/265/90 397/264/88
f 397/264/88 442/266/126 441/263/125
f 442/263/126 397/265/88 400/264/89
f 400/264/89 443/266/127 442/263/126
f 443/263/127 400/265/89 395/264/87
f 395/264/87 444/266/128 443/263/127
f 444/263/128 395/265/87 391/264/84
f 391/264/84 445/266/129 444/263/128
f 445/263/129 391/265/84 394/264/86
f 394/264/86 446/266/130 445/263/129
f 446/263/130 394/265/86 387/264/81
f 387/264/81 447/266/131 446/263/130
f 447/263/131 387/265/81 390/264/83
f 390/264/83 448/266/132 447/263/131
f 448/263/132 390/265/83 383/264/79
f 383/264/79 449/266/133 448/263/132
f 449/263/133 383/265/79 386/264/80
f 386/264/80 450/266/134 449/263/133
f 458/9/8 454/8/4 455/11/5
f 455/11/5 459/10/9 458/9/8
f 470/14/20 469/13/19 467/16/17
f 467/16/17 499/12/50 470/14/20
f 473/10/23 472/9/22 456/17/6
f 456/17/6 474/11/136 473/10/23
f 476/10/26 460/9/10 455/11/5
f 455/11/5 456/11/6 476/10/26
f 477/18/27 478/20/28 469/19/19
f 469/19/19 470/21/20 477/18/27
f 479/22/29 477/18/27 470/21/20
f 470/21/20 480/23/30 479/22/29
f 481/24/31 479/22/29 480/23/30
f 480/23/30 466/25/16 481/24/31
f 482/26/32 481/24/31 466/25/16
f 466/25/16 463/27/13 482/26/32
f 483/28/33 482/26/32 463/27/13
f 463/27/13 464/29/14 483/28/33
f 484/30/34 483/28/33 464/29/14
f 464/29/14 465/31/15 484/30/34
f 485/32/35 484/30/34 465/31/15
f 465/31/15 461/33/11 485/32/35
f 486/34/36 485/32/35 461/33/11
f 461/33/11 462/35/12 486/34/36
f 487/36/37 486/34/36 462/35/12
f 462/35/12 488/37/38 487/36/37
f 489/38/39 487/36/37 488/37/38
f 488/37/38 457/39/7 489/38/39
f 468/37/18 469/39/19 478/38/28
f 478/38/28 490/36/40 468/37/18
f 475/35/25 468/37/18 490/36/40
f 490/36/40 491/34/41 475/35/25
f 473/33/23 475/35/25 491/34/41
f 491/34/41 492/32/42 473/33/23
f 472/31/22 473/33/23 492/32/42
f 492/32/42 493/30/43 472/31/22
f 471/29/21 472/31/22 493/30/43
f 493/30/43 494/28/44 471/29/21
f 476/27/26 471/29/21 494/28/44
f 494/28/44 495/26/45 476/27/26
f 460/25/10 476/27/26 495/26/45
f 495/26/45 496/24/46 460/25/10
f 459/23/9 460/25/10 496/24/46
f 496/24/46 497/22/47 459/23/9
f 458/21/8 459/23/9 497/22/47
f 497/22/47 498/18/48 458/21/8
f 457/19/7 458/21/8 498/18/48
f 498/18/48 489/20/39 457/19/7
f 503/3/54 500/49/51 501/44/52
f 501/44/52 518/53/69 503/3/54
f 515/52/66 514/4/65 513/41/64
f 513/41/64 503/3/54 515/52/66
f 454/8/4 457/54/7 488/13/38
f 488/13/38 452/8/49 454/8/4
f 452/12/49 488/14/38 462/13/12
f 462/13/12 452/11/135 452/12/49
f 452/12/135 465/14/15 464/13/14
f 464/13/14 451/11/1 452/12/135
f 451/12/1 466/14/16 480/13/30
f 480/13/30 499/11/50 451/12/1
f 467/11/17 468/10/18 475/9/25
f 475/9/25 474/17/136 467/11/17
f 521/55/72 523/57/46 522/56/45
f 522/56/45 524/58/73 521/55/72
f 524/55/73 522/57/45 525/56/44
f 525/56/44 526/58/74 524/55/73
f 526/55/74 525/57/44 527/56/75
f 527/56/75 528/58/76 526/55/74
f 529/55/77 531/57/48 530/56/47
f 530/56/47 532/58/78 529/55/77
f 532/55/78 530/57/47 523/56/46
f 523/56/46 521/58/72 532/55/78
f 533/55/79 535/57/37 534/56/39
f 534/56/39 536/58/80 533/55/79
f 536/55/80 534/57/39 531/56/48
f 531/56/48 529/58/77 536/55/80
f 537/55/81 539/57/35 538/56/82
f 538/56/82 540/58/83 537/55/81
f 540/55/83 538/57/82 535/56/37
f 535/56/37 533/58/79 540/55/83
f 541/55/84 543/57/85 542/56/34
f 542/56/34 544/58/86 541/55/84
f 544/55/86 542/57/34 539/56/35
f 539/56/35 537/58/81 544/55/86
f 545/55/87 546/57/32 543/56/85
f 543/56/85 541/58/84 545/55/87
f 547/55/88 549/57/29 548/56/31
f 548/56/31 550/58/89 547/55/88
f 550/55/89 548/57/31 546/56/32
f 546/56/32 545/58/87 550/55/89
f 551/55/90 552/57/27 549/56/29
f 549/56/29 547/58/88 551/55/90
f 553/55/91 555/57/40 554/56/28
f 554/56/28 556/58/92 553/55/91
f 556/55/92 554/57/28 552/56/27
f 552/56/27 551/58/90 556/55/92
f 557/55/93 558/57/41 555/56/40
f 555/56/40 553/58/91 557/55/93
f 528/55/76 527/57/75 559/56/42
f 559/56/42 560/58/94 528/55/76
f 560/55/94 559/57/42 558/56/41
f 558/56/41 557/58/93 560/55/94
f 530/59/47 497/61/47 496/60/46
f 496/60/46 523/62/46 530/59/47
f 561/63/95 518/65/69 520/64/71
f 520/64/71 562/66/96 561/63/95
f 562/67/96 520/69/71 501/68/52
f 501/68/52 563/70/97 562/67/96
f 531/71/48 498/73/48 497/72/47
f 497/72/47 530/74/47 531/71/48
f 563/75/97 501/77/52 502/76/53
f 502/76/53 564/78/98 563/75/97
f 534/79/39 489/81/39 498/80/48
f 498/80/48 531/82/48 534/79/39
f 564/83/98 502/85/53 500/84/51
f 500/84/51 565/86/99 564/83/98
f 535/87/37 487/89/37 489/88/39
f 489/88/39 534/90/39 535/87/37
f 565/91/99 500/93/51 504/92/55
f 504/92/55 566/94/100 565/91/99
f 538/95/82 486/97/36 487/96/37
f 487/96/37 535/98/37 538/95/82
f 566/99/100 504/101/55 505/100/56
f 505/100/56 567/102/101 566/99/100
f 539/103/35 485/105/35 486/104/36
f 486/104/36 538/106/82 539/103/35
f 567/107/101 505/109/56 506/108/57
f 506/108/57 568/110/102 567/107/101
f 542/111/34 484/113/34 485/112/35
f 485/112/35 539/114/35 542/111/34
f 568/115/102 506/117/57 507/116/58
f 507/116/58 569/118/103 568/115/102
f 543/119/85 483/121/33 484/120/34
f 484/120/34 542/122/34 543/119/85
f 569/123/103 507/125/58 508/124/59
f 508/124/59 570/126/104 569/123/103
f 546/127/32 482/116/32 483/128/33
f 483/128/33 543/129/85 546/127/32
f 570/130/104 508/132/59 509/131/60
f 509/131/60 571/133/105 570/130/104
f 548/134/31 481/136/31 482/135/32
f 482/135/32 546/137/32 548/134/31
f 571/138/105 509/120/60 510/139/61
f 510/139/61 572/140/106 571/138/105
f 549/141/29 479/143/29 481/142/31
f 481/142/31 548/144/31 549/141/29
f 572/145/106 510/147/61 511/146/62
f 511/146/62 573/148/107 572/145/106
f 552/149/27 477/151/27 479/150/29
f 479/150/29 549/152/29 552/149/27
f 573/153/107 511/155/62 512/154/63
f 512/154/63 574/156/108 573/153/107
f 554/157/28 478/84/28 477/158/27
f 477/158/27 552/159/27 554/157/28
f 574/160/108 512/161/63 513/81/64
f 513/81/64 575/162/109 574/160/108
f 555/163/40 490/164/40 478/93/28
f 478/93/28 554/165/28 555/163/40
f 575/166/109 513/88/64 514/167/65
f 514/167/65 576/168/110 575/166/109
f 558/169/41 491/171/41 490/170/40
f 490/170/40 555/172/40 558/169/41
f 576/173/110 514/175/65 516/174/67
f 516/174/67 577/176/111 576/173/110
f 559/177/42 492/179/42 491/178/41
f 491/178/41 558/180/41 559/177/42
f 577/181/111 516/183/67 515/182/66
f 515/182/66 578/184/112 577/181/111
f 527/185/75 493/187/43 492/186/42
f 492/186/42 559/188/42 527/185/75
f 578/189/112 515/191/66 517/190/68
f 517/190/68 579/192/113 578/189/112
f 525/193/44 494/194/44 493/65/43
f 493/65/43 527/195/75 525/193/44
f 579/196/113 517/198/68 519/197/70
f 519/197/70 580/199/114 579/196/113
f 522/200/45 495/190/45 494/201/44
f 494/201/44 525/202/44 522/200/45
f 580/203/114 519/205/70 518/204/69
f 518/204/69 561/206/95 580/203/114
f 523/207/46 496/209/46 495/208/45
f 495/208/45 522/210/45 523/207/46
f 564/211/98 582/213/116 581/212/115
f 581/212/115 563/214/97 564/211/98
f 563/215/97 581/217/115 583/216/117
f 583/216/117 562/218/96 563/215/97
f 562/219/96 583/221/117 584/220/118
f 584/220/118 561/222/95 562/219/96
f 561/223/95 584/225/118 585/224/119
f 585/224/119 580/226/114 561/223/95
f 580/223/114 585/225/119 586/224/120
f 586/224/120 579/226/113 580/223/114
f 579/227/113 586/229/120 587/228/121
f 587/228/121 578/230/112 579/227/113
f 578/231/112 587/233/121 588/232/122
f 588/232/122 577/234/111 578/231/112
f 577/235/111 588/237/122 589/236/123
f 589/236/123 576/238/110 577/235/111
f 576/223/110 589/225/123 590/224/124
f 590/224/124 575/226/109 576/223/110
f 575/223/109 590/225/124 591/224/125
f 591/224/125 574/226/108 575/223/109
f 574/239/108 591/241/125 592/240/126
f 592/240/126 573/242/107 574/239/108
f 573/243/107 592/245/126 593/244/127
f 593/244/127 572/246/106 573/243/107
f 572/247/106 593/249/127 594/248/128
f 594/248/128 571/250/105 572/247/106
f 571/223/105 594/225/128 595/224/129
f 595/224/129 570/226/104 571/223/105
f 570/223/104 595/225/129 596/224/130
f 596/224/130 569/226/103 570/223/104
f 569/251/103 596/253/130 597/252/131
f 597/252/131 568/254/102 569/251/103
f 568/255/102 597/257/131 598/256/132
f 598/256/132 567/258/101 568/255/102
f 567/259/101 598/261/132 599/260/133
f 599/260/133 566/262/100 567/259/101
f 566/223/100 599/225/133 600/224/134
f 600/224/134 565/226/99 566/223/100
f 565/223/99 600/225/134 582/224/116
f 582/224/116 564/226/98 565/223/99
f 600/263/134 536/265/80 529/264/77
f 529/264/77 582/266/116 600/263/134
f 582/263/116 529/265/77 532/264/78
f 532/264/78 581/266/115 582/263/116
f 581/263/115 532/265/78 521/264/72
f 521/264/72 583/266/117 581/263/115
f 583/263/117 521/265/72 524/264/73
f 524/264/73 584/266/118 583/263/117
f 584/263/118 524/265/73 526/264/74
f 526/264/74 585/266/119 584/263/118
f 585/263/119 526/265/74 528/264/76
f 528/264/76 586/266/120 585/263/119
f 586/263/120 528/265/76 560/264/94
f 560/264/94 587/266/121 586/263/120
f 587/263/121 560/265/94 557/264/93
f 557/264/93 588/266/122 587/263/121
f 588/263/122 557/265/93 553/264/91
f 553/264/91 589/266/123 588/263/122
f 589/263/123 553/265/91 556/264/92
f 556/264/92 590/266/124 589/263/123
f 590/263/124 556/265/92 551/264/90
f 551/264/90 591/266/125 590/263/124
f 591/263/125 551/265/90 547/264/88
f 547/264/88 592/266/126 591/263/125
f 592/263/126 547/265/88 550/264/89
f 550/264/89 593/266/127 592/263/126
f 593/263/127 550/265/89 545/264/87
f 545/264/87 594/266/128 593/263/127
f 594/263/128 545/265/87 541/264/84
f 541/264/84 595/266/129 594/263/128
f 595/263/129 541/265/84 544/264/86
f 544/264/86 596/266/130 595/263/129
f 596/263/130 544/265/86 537/264/81
f 537/264/81 597/266/131 596/263/130
f 597/263/131 537/265/81 540/264/83
f 540/264/83 598/266/132 597/263/131
f 598/263/132 540/265/83 533/264/79
f 533/264/79 599/266/133 598/263/132
f 599/263/133 533/265/79 536/264/80
f 536/264/80 600/266/134 599/263/133
f 608/9/8 604/8/4 605/11/5
f 605/11/5 609/10/9 608/9/8
f 620/14/20 619/13/19 617/16/17
f 617/16/17 649/12/50 620/14/20
f 623/10/23 622/9/22 606/17/6
f 606/17/6 624/11/24 623/10/23
f 626/10/26 610/9/10 605/11/5
f 605/11/5 606/11/6 626/10/26
f 627/18/27 628/20/28 619/19/19
f 619/19/19 620/21/20 627/18/27
f 629/22/29 627/18/27 620/21/20
f 620/21/20 630/23/30 629/22/29
f 631/24/31 629/22/29 630/23/30
f 630/23/30 616/25/16 631/24/31
f 632/26/32 631/24/31 616/25/16
f 616/25/16 613/27/13 632/26/32
f 633/28/33 632/26/32 613/27/13
f 613/27/13 614/29/14 633/28/33
f 634/30/34 633/28/33 614/29/14
f 614/29/14 615/31/15 634/30/34
f 635/32/35 634/30/34 615/31/15
f 615/31/15 611/33/11 635/32/35
f 636/34/36 635/32/35 611/33/11
f 611/33/11 612/35/12 636/34/36
f 637/36/37 636/34/36 612/35/12
f 612/35/12 638/37/38 637/36/37
f 639/38/39 637/36/37 638/37/38
f 638/37/38 607/39/7 639/38/39
f 618/37/18 619/39/19 628/38/28
f 628/38/28 640/36/40 618/37/18
f 625/35/25 618/37/18 640/36/40
f 640/36/40 641/34/41 625/35/25
f 623/33/23 625/35/25 641/34/41
f 641/34/41 642/32/42 623/33/23
f 622/31/22 623/33/23 642/32/42
f 642/32/42 643/30/43 622/31/22
f 621/29/21 622/31/22 643/30/43
f 643/30/43 644/28/44 621/29/21
f 626/27/26 621/29/21 644/28/44
f 644/28/44 645/26/45 626/27/26
f 610/25/10 626/27/26 645/26/45
f 645/26/45 646/24/46 610/25/10
f 609/23/9 610/25/10 646/24/46
f 646/24/46 647/22/47 609/23/9
f 608/21/8 609/23/9 647/22/47
f 647/22/47 648/18/48 608/21/8
f 607/19/7 608/21/8 648/18/48
f 648/18/48 639/20/39 607/19/7
f 653/3/54 650/49/51 651/44/52
f 651/44/52 668/53/69 653/3/54
f 665/52/66 664/4/65 663/41/64
f 663/41/64 653/3/54 665/52/66
f 604/8/4 607/54/7 638/13/38
f 638/13/38 602/8/49 604/8/4
f 602/12/49 638/14/38 612/13/12
f 612/13/12 602/11/2 602/12/49
f 602/12/2 615/14/15 614/13/14
f 614/13/14 601/11/1 602/12/2
f 601/12/1 616/14/16 630/13/30
f 630/13/30 649/11/50 601/12/1
f 617/11/17 618/10/18 625/9/25
f 625/9/25 624/17/24 617/11/17
f 671/55/72 673/57/46 672/56/45
f 672/56/45 674/58/73 671/55/72
f 674/55/73 672/57/45 675/56/44
f 675/56/44 676/58/74 674/55/73
f 676/55/74 675/57/44 677/56/75
f 677/56/75 678/58/76 676/55/74
f 679/55/77 681/57/48 680/56/47
f 680/56/47 682/58/78 679/55/77
f 682/55/78 680/57/47 673/56/46
f 673/56/46 671/58/72 682/55/78
f 683/55/79 685/57/37 684/56/39
f 684/56/39 686/58/80 683/55/79
f 686/55/80 684/57/39 681/56/48
f 681/56/48 679/58/77 686/55/80
f 687/55/81 689/57/35 688/56/82
f 688/56/82 690/58/83 687/55/81
f 690/55/83 688/57/82 685/56/37
f 685/56/37 683/58/79 690/55/83
f 691/55/84 693/57/85 692/56/34
f 692/56/34 694/58/86 691/55/84
f 694/55/86 692/57/34 689/56/35
f 689/56/35 687/58/81 694/55/86
f 695/55/87 696/57/32 693/56/85
f 693/56/85 691/58/84 695/55/87
f 697/55/88 699/57/29 698/56/31
f 698/56/31 700/58/89 697/55/88
f 700/55/89 698/57/31 696/56/32
f 696/56/32 695/58/87 700/55/89
f 701/55/90 702/57/27 699/56/29
f 699/56/29 697/58/88 701/55/90
f 703/55/91 705/57/40 704/56/28
f 704/56/28 706/58/92 703/55/91
f 706/55/92 704/57/28 702/56/27
f 702/56/27 701/58/90 706/55/92
f 707/55/93 708/57/41 705/56/40
f 705/56/40 703/58/91 707/55/93
f 678/55/76 677/57/75 709/56/42
f 709/56/42 710/58/94 678/55/76
f 710/55/94 709/57/42 708/56/41
f 708/56/41 707/58/93 710/55/94
f 680/59/47 647/61/47 646/60/46
f 646/60/46 673/62/46 680/59/47
f 711/63/95 668/65/69 670/64/71
f 670/64/71 712/66/96 711/63/95
f 712/67/96 670/69/71 651/68/52
f 651/68/52 713/70/97 712/67/96
f 681/71/48 648/73/48 647/72/47
f 647/72/47 680/74/47 681/71/48
f 713/75/97 651/77/52 652/76/53
f 652/76/53 714/78/98 713/75/97
f 684/79/39 639/81/39 648/80/48
f 648/80/48 681/82/48 684/79/39
f 714/83/98 652/85/53 650/84/51
f 650/84/51 715/86/99 714/83/98
f 685/87/37 637/89/37 639/88/39
f 639/88/39 684/90/39 685/87/37
f 715/91/99 650/93/51 654/92/55
f 654/92/55 716/94/100 715/91/99
f 688/95/82 636/97/36 637/96/37
f 637/96/37 685/98/37 688/95/82
f 716/99/100 654/101/55 655/100/56
f 655/100/56 717/102/101 716/99/100
f 689/103/35 635/105/35 636/104/36
f 636/104/36 688/106/82 689/103/35
f 717/107/101 655/109/56 656/108/57
f 656/108/57 718/110/102 717/107/101
f 692/111/34 634/113/34 635/112/35
f 635/112/35 689/114/35 692/111/34
f 718/115/102 656/117/57 657/116/58
f 657/116/58 719/118/103 718/115/102
f 693/119/85 633/121/33 634/120/34
f 634/120/34 692/122/34 693/119/85
f 719/123/103 657/125/58 658/124/59
f 658/124/59 720/126/104 719/123/103
f 696/127/32 632/116/32 633/128/33
f 633/128/33 693/129/85 696/127/32
f 720/130/104 658/132/59 659/131/60
f 659/131/60 721/133/105 720/130/104
f 698/134/31 631/136/31 632/135/32
f 632/135/32 696/137/32 698/134/31
f 721/138/105 659/120/60 660/139/61
f 660/139/61 722/140/106 721/138/105
f 699/141/29 629/143/29 631/142/31
f 631/142/31 698/144/31 699/141/29
f 722/145/106 660/147/61 661/146/62
f 661/146/62 723/148/107 722/145/106
f 702/149/27 627/151/27 629/150/29
f 629/150/29 699/152/29 702/149/27
f 723/153/107 661/155/62 662/154/63
f 662/154/63 724/156/108 723/153/107
f 704/157/28 628/84/28 627/158/27
f 627/158/27 702/159/27 704/157/28
f 724/160/108 662/161/63 663/81/64
f 663/81/64 725/162/109 724/160/108
f 705/163/40 640/164/40 628/93/28
f 628/93/28 704/165/28 705/163/40
f 725/166/109 663/88/64 664/167/65
f 664/167/65 726/168/110 725/166/109
f 708/169/41 641/171/41 640/170/40
f 640/170/40 705/172/40 708/169/41
f 726/173/110 664/175/65 666/174/67
f 666/174/67 727/176/111 726/173/110
f 709/177/42 642/179/42 641/178/41
f 641/178/41 708/180/41 709/177/42
f 727/181/111 666/183/67 665/182/66
f 665/182/66 728/184/112 727/181/111
f 677/185/75 643/187/43 642/186/42
f 642/186/42 709/188/42 677/185/75
f 728/189/112 665/191/66 667/190/68
f 667/190/68 729/192/113 728/189/112
f 675/193/44 644/194/44 643/65/43
f 643/65/43 677/195/75 675/193/44
f 729/196/113 667/198/68 669/197/70
f 669/197/70 730/199/114 729/196/113
f 672/200/45 645/190/45 644/201/44
f 644/201/44 675/202/44 672/200/45
f 730/203/114 669/205/70 668/204/69
f 668/204/69 711/206/95 730/203/114
f 673/207/46 646/209/46 645/208/45
f 645/208/45 672/210/45 673/207/46
f 714/211/98 732/213/116 731/212/115
f 731/212/115 713/214/97 714/211/98
f 713/215/97 731/217/115 733/216/117
f 733/216/117 712/218/96 713/215/97
f 712/219/96 733/221/117 734/220/118
f 734/220/118 711/222/95 712/219/96
f 711/223/95 734/225/118 735/224/119
f 735/224/119 730/226/114 711/223/95
f 730/223/114 735/225/119 736/224/120
f 736/224/120 729/226/113 730/223/114
f 729/227/113 736/229/120 737/228/121
f 737/228/121 728/230/112 729/227/113
f 728/231/112 737/233/121 738/232/122
f 738/232/122 727/234/111 728/231/112
f 727/235/111 738/237/122 739/236/123
f 739/236/123 726/238/110 727/235/111
f 726/223/110 739/225/123 740/224/124
f 740/224/124 725/226/109 726/223/110
f 725/223/109 740/225/124 741/224/125
f 741/224/125 724/226/108 725/223/109
f 724/239/108 741/241/125 742/240/126
f 742/240/126 723/242/107 724/239/108
f 723/243/107 742/245/126 743/244/127
f 743/244/127 722/246/106 723/243/107
f 722/247/106 743/249/127 744/248/128
f 744/248/128 721/250/105 722/247/106
f 721/223/105 744/225/128 745/224/129
f 745/224/129 720/226/104 721/223/105
f 720/223/104 745/225/129 746/224/130
f 746/224/130 719/226/103 720/223/104
f 719/251/103 746/253/130 747/252/131
f 747/252/131 718/254/102 719/251/103
f 718/255/102 747/257/131 748/256/132
f 748/256/132 717/258/101 718/255/102
f 717/259/101 748/261/132 749/260/133
f 749/260/133 716/262/100 717/259/101
f 716/223/100 749/225/133 750/224/134
f 750/224/134 715/226/99 716/223/100
f 715/223/99 750/225/134 732/224/116
f 732/224/116 714/226/98 715/223/99
f 750/263/134 686/265/80 679/264/77
f 679/264/77 732/266/116 750/263/134
f 732/263/116 679/265/77 682/264/78
f 682/264/78 731/266/115 732/263/116
f 731/263/115 682/265/78 671/264/72
f 671/264/72 733/266/117 731/263/115
f 733/263/117 671/265/72 674/264/73
f 674/264/73 734/266/118 733/263/117
f 734/263/118 674/265/73 676/264/74
f 676/264/74 735/266/119 734/263/118
f 735/263/119 676/265/74 678/264/76
f 678/264/76 736/266/120 735/263/119
f 736/263/120 678/265/76 710/264/94
f 710/264/94 737/266/121 736/263/120
f 737/263/121 710/265/94 707/264/93
f 707/264/93 738/266/122 737/263/121
f 738/263/122 707/265/93 703/264/91
f 703/264/91 739/266/123 738/263/122
f 739/263/123 703/265/91 706/264/92
f 706/264/92 740/266/124 739/263/123
f 740/263/124 706/265/92 701/264/90
f 701/264/90 741/266/125 740/263/124
f 741/263/125 701/265/90 697/264/88
f 697/264/88 742/266/126 741/263/125
f 742/263/126 697/265/88 700/264/89
f 700/264/89 743/266/127 742/263/126
f 743/263/127 700/265/89 695/264/87
f 695/264/87 744/266/128 743/263/127
f 744/263/128 695/265/87 691/264/84
f 691/264/84 745/266/129 744/263/128
f 745/263/129 691/265/84 694/264/86
f 694/264/86 746/266/130 745/263/129
f 746/263/130 694/265/86 687/264/81
f 687/264/81 747/266/131 746/263/130
f 747/263/131 687/265/81 690/264/83
f 690/264/83 748/266/132 747/263/131
f 748/263/132 690/265/83 683/264/79
f 683/264/79 749/266/133 748/263/132
f 749/263/133 683/265/79 686/264/80
f 686/264/80 750/266/134 749/263/133
f 758/9/8 754/8/4 755/11/5
f 755/11/5 759/10/9 758/9/8
f 770/14/20 769/13/19 767/16/17
f 767/16/17 799/12/50 770/14/20
f 773/10/23 772/9/22 756/17/6
f 756/17/6 774/11/24 773/10/23
f 776/10/26 760/9/10 755/11/5
f 755/11/5 756/11/6 776/10/26
f 777/18/27 778/20/28 769/19/19
f 769/19/19 770/21/20 777/18/27
f 779/22/29 777/18/27 770/21/20
f 770/21/20 780/23/30 779/22/29
f 781/24/31 779/22/29 780/23/30
f 780/23/30 766/25/16 781/24/31
f 782/26/32 781/24/31 766/25/16
f 766/25/16 763/27/13 782/26/32
f 783/28/33 782/26/32 763/27/13
f 763/27/13 764/29/14 783/28/33
f 784/30/34 783/28/33 764/29/14
f 764/29/14 765/31/15 784/30/34
f 785/32/35 784/30/34 765/31/15
f 765/31/15 761/33/11 785/32/35
f 786/34/36 785/32/35 761/33/11
f 761/33/11 762/35/12 786/34/36
f 787/36/37 786/34/36 762/35/12
f 762/35/12 788/37/38 787/36/37
f 789/38/39 787/36/37 788/37/38
f 788/37/38 757/39/7 789/38/39
f 768/37/18 769/39/19 778/38/28
f 778/38/28 790/36/40 768/37/18
f 775/35/25 768/37/18 790/36/40
f 790/36/40 791/34/41 775/35/25
f 773/33/23 775/35/25 791/34/41
f 791/34/41 792/32/42 773/33/23
f 772/31/22 773/33/23 792/32/42
f 792/32/42 793/30/43 772/31/22
f 771/29/21 772/31/22 793/30/43
f 793/30/43 794/28/44 771/29/21
f 776/27/26 771/29/21 794/28/44
f 794/28/44 795/26/45 776/27/26
f 760/25/10 776/27/26 795/26/45
f 795/26/45 796/24/46 760/25/10
f 759/23/9 760/25/10 796/24/46
f 796/24/46 797/22/47 759/23/9
f 758/21/8 759/23/9 797/22/47
f 797/22/47 798/18/48 758/21/8
f 757/19/7 758/21/8 798/18/48
f 798/18/48 789/20/39 757/19/7
f 803/3/54 800/49/51 801/44/52
f 801/44/52 818/53/69 803/3/54
f 815/52/66 814/4/65 813/41/64
f 813/41/64 803/3/54 815/52/66
f 754/8/4 757/54/7 788/13/38
f 788/13/38 752/8/49 754/8/4
f 752/12/49 788/14/38 762/13/12
f 762/13/12 752/11/2 752/12/49
f 752/12/2 765/14/15 764/13/14
f 764/13/14 751/11/1 752/12/2
f 751/12/1 766/14/16 780/13/30
f 780/13/30 799/11/50 751/12/1
f 767/11/17 768/10/18 775/9/25
f 775/9/25 774/17/24 767/11/17
f 821/55/72 823/57/46 822/56/45
f 822/56/45 824/58/73 821/55/72
f 824/55/73 822/57/45 825/56/44
f 825/56/44 826/58/74 824/55/73
f 826/55/74 825/57/44 827/56/75
f 827/56/75 828/58/76 826/55/74
f 829/55/77 831/57/48 830/56/47
f 830/56/47 832/58/78 829/55/77
f 832/55/78 830/57/47 823/56/46
f 823/56/46 821/58/72 832/55/78
f 833/55/79 835/57/37 834/56/39
f 834/56/39 836/58/80 833/55/79
f 836/55/80 834/57/39 831/56/48
f 831/56/48 829/58/77 836/55/80
f 837/55/81 839/57/35 838/56/82
f 838/56/82 840/58/83 837/55/81
f 840/55/83 838/57/82 835/56/37
f 835/56/37 833/58/79 840/55/83
f 841/55/84 843/57/85 842/56/34
f 842/56/34 844/58/86 841/55/84
f 844/55/86 842/57/34 839/56/35
f 839/56/35 837/58/81 844/55/86
f 845/55/87 846/57/32 843/56/85
f 843/56/85 841/58/84 845/55/87
f 847/55/88 849/57/29 848/56/31
f 848/56/31 850/58/89 847/55/88
f 850/55/89 848/57/31 846/56/32
f 846/56/32 845/58/87 850/55/89
f 851/55/90 852/57/27 849/56/29
f 849/56/29 847/58/88 851/55/90
f 853/55/91 855/57/40 854/56/28
f 854/56/28 856/58/92 853/55/91
f 856/55/92 854/57/28 852/56/27
f 852/56/27 851/58/90 856/55/92
f 857/55/93 858/57/41 855/56/40
f 855/56/40 853/58/91 857/55/93
f 828/55/76 827/57/75 859/56/42
f 859/56/42 860/58/94 828/55/76
f 860/55/94 859/57/42 858/56/41
f 858/56/41 857/58/93 860/55/94
f 830/59/47 797/61/47 796/60/46
f 796/60/46 823/62/46 830/59/47
f 861/63/95 818/65/69 820/64/71
f 820/64/71 862/66/96 861/63/95
f 862/67/96 820/69/71 801/68/52
f 801/68/52 863/70/97 862/67/96
f 831/71/48 798/73/48 797/72/47
f 797/72/47 830/74/47 831/71/48
f 863/75/97 801/77/52 802/76/53
f 802/76/53 864/78/98 863/75/97
f 834/79/39 789/81/39 798/80/48
f 798/80/48 831/82/48 834/79/39
f 864/83/98 802/85/53 800/84/51
f 800/84/51 865/86/99 864/83/98
f 835/87/37 787/89/37 789/88/39
f 789/88/39 834/90/39 835/87/37
f 865/91/99 800/93/51 804/92/55
f 804/92/55 866/94/100 865/91/99
f 838/95/82 786/97/36 787/96/37
f 787/96/37 835/98/37 838/95/82
f 866/99/100 804/101/55 805/100/56
f 805/100/56 867/102/101 866/99/100
f 839/103/35 785/105/35 786/104/36
f 786/104/36 838/106/82 839/103/35
f 867/107/101 805/109/56 806/108/57
f 806/108/57 868/110/102 867/107/101
f 842/111/34 784/113/34 785/112/35
f 785/112/35 839/114/35 842/111/34
f 868/115/102 806/117/57 807/116/58
f 807/116/58 869/118/103 868/115/102
f 843/119/85 783/121/33 784/120/34
f 784/120/34 842/122/34 843/119/85
f 869/123/103 807/125/58 808/124/59
f 808/124/59 870/126/104 869/123/103
f 846/127/32 782/116/32 783/128/33
f 783/128/33 843/129/85 846/127/32
f 870/130/104 808/132/59 809/131/60
f 809/131/60 871/133/105 870/130/104
f 848/134/31 781/136/31 782/135/32
f 782/135/32 846/137/32 848/134/31
f 871/138/105 809/120/60 810/139/61
f 810/139/61 872/140/106 871/138/105
f 849/141/29 779/143/29 781/142/31
f 781/142/31 848/144/31 849/141/29
f 872/145/106 810/147/61 811/146/62
f 811/146/62 873/148/107 872/145/106
f 852/149/27 777/151/27 779/150/29
f 779/150/29 849/152/29 852/149/27
f 873/153/107 811/155/62 812/154/63
f 812/154/63 874/156/108 873/153/107
f 854/157/28 778/84/28 777/158/27
f 777/158/27 852/159/27 854/157/28
f 874/160/108 812/161/63 813/81/64
f 813/81/64 875/162/109 874/160/108
f 855/163/40 790/164/40 778/93/28
f 778/93/28 854/165/28 855/163/40
f 875/166/109 813/88/64 814/167/65
f 814/167/65 876/168/110 875/166/109
f 858/169/41 791/171/41 790/170/40
f 790/170/40 855/172/40 858/169/41
f 876/173/110 814/175/65 816/174/67
f 816/174/67 877/176/111 876/173/110
f 859/177/42 792/179/42 791/178/41
f 791/178/41 858/180/41 859/177/42
f 877/181/111 816/183/67 815/182/66
f 815/182/66 878/184/112 877/181/111
f 827/185/75 793/187/43 792/186/42
f 792/186/42 859/188/42 827/185/75
f 878/189/112 815/191/66 817/190/68
f 817/190/68 879/192/113 878/189/112
f 825/193/44 794/194/44 793/65/43
f 793/65/43 827/195/75 825/193/44
f 879/196/113 817/198/68 819/197/70
f 819/197/70 880/199/114 879/196/113
f 822/200/45 795/190/45 794/201/44
f 794/201/44 825/202/44 822/200/45
f 880/203/114 819/205/70 818/204/69
f 818/204/69 861/206/95 880/203/114
f 823/207/46 796/209/46 795/208/45
f 795/208/45 822/210/45 823/207/46
f 864/211/98 882/213/116 881/212/115
f 881/212/115 863/214/97 864/211/98
f 863/215/97 881/217/115 883/216/117
f 883/216/117 862/218/96 863/215/97
f 862/219/96 883/221/117 884/220/118
f 884/220/118 861/222/95 862/219/96
f 861/223/95 884/225/118 885/224/119
f 885/224/119 880/226/114 861/223/95
f 880/223/114 885/225/119 886/224/120
f 886/224/120 879/226/113 880/223/114
f 879/227/113 886/229/120 887/228/121
f 887/228/121 878/230/112 879/227/113
f 878/231/112 887/233/121 888/232/122
f 888/232/122 877/234/111 878/231/112
f 877/235/111 888/237/122 889/236/123
f 889/236/123 876/238/110 877/235/111
f 876/223/110 889/225/123 890/224/124
f 890/224/124 875/226/109 876/223/110
f 875/223/109 890/225/124 891/224/125
f 891/224/125 874/226/108 875/223/109
f 874/239/108 891/241/125 892/240/126
f 892/240/126 873/242/107 874/239/108
f 873/243/107 892/245/126 893/244/127
f 893/244/127 872/246/106 873/243/107
f 872/247/106 893/249/127 894/248/128
f 894/248/128 871/250/105 872/247/106
f 871/223/105 894/225/128 895/224/129
f 895/224/129 870/226/104 871/223/105
f 870/223/104 895/225/129 896/224/130
f 896/224/130 869/226/103 870/223/104
f 869/251/103 896/253/130 897/252/131
f 897/252/131 868/254/102 869/251/103
f 868/255/102 897/257/131 898/256/132
f 898/256/132 867/258/101 868/255/102
f 867/259/101 898/261/132 899/260/133
f 899/260/133 866/262/100 867/259/101
f 866/223/100 899/225/133 900/224/134
f 900/224/134 865/226/99 866/223/100
f 865/223/99 900/225/134 882/224/116
f 882/224/116 864/226/98 865/223/99
f 900/263/134 836/265/80 829/264/77
f 829/264/77 882/266/116 900/263/134
f 882/263/116 829/265/77 832/264/78
f 832/264/78 881/266/115 882/263/116
f 881/263/115 832/265/78 821/264/72
f 821/264/72 883/266/117 881/263/115
f 883/263/117 821/265/72 824/264/73
f 824/264/73 884/266/118 883/263/117
f 884/263/118 824/265/73 826/264/74
f 826/264/74 885/266/119 884/263/118
f 885/263/119 826/265/74 828/264/76
f 828/264/76 886/266/120 885/263/119
f 886/263/120 828/265/76 860/264/94
f 860/264/94 887/266/121 886/263/120
f 887/263/121 860/265/94 857/264/93
f 857/264/93 888/266/122 887/263/121
f 888/263/122 857/265/93 853/264/91
f 853/264/91 889/266/123 888/263/122
f 889/263/123 853/265/91 856/264/92
f 856/264/92 890/266/124 889/263/123
f 890/263/124 856/265/92 851/264/90
f 851/264/90 891/266/125 890/263/124
f 891/263/125 851/265/90 847/264/88
f 847/264/88 892/266/126 891/263/125
f 892/263/126 847/265/88 850/264/89
f 850/264/89 893/266/127 892/263/126
f 893/263/127 850/265/89 845/264/87
f 845/264/87 894/266/128 893/263/127
f 894/263/128 845/265/87 841/264/84
f 841/264/84 895/266/129 894/263/128
f 895/263/129 841/265/84 844/264/86
f 844/264/86 896/266/130 895/263/129
f 896/263/130 844/265/86 837/264/81
f 837/264/81 897/266/131 896/263/130
f 897/263/131 837/265/81 840/264/83
f 840/264/83 898/266/132 897/263/131
f 898/263/132 840/265/83 833/264/79
f 833/264/79 899/266/133 898/263/132
f 899/263/133 833/265/79 836/264/80
f 836/264/80 900/266/134 899/263/133
f 908/9/8 904/8/4 905/11/5
f 905/11/5 909/10/9 908/9/8
f 920/14/20 919/13/19 917/16/17
f 917/16/17 949/12/50 920/14/20
f 923/10/23 922/9/22 906/17/6
f 906/17/6 924/11/24 923/10/23
f 926/10/26 910/9/10 905/11/5
f 905/11/5 906/11/6 926/10/26
f 927/18/27 928/20/28 919/19/19
f 919/19/19 920/21/20 927/18/27
f 929/22/29 927/18/27 920/21/20
f 920/21/20 930/23/30 929/22/29
f 931/24/31 929/22/29 930/23/30
f 930/23/30 916/25/16 931/24/31
f 932/26/32 931/24/31 916/25/16
f 916/25/16 913/27/13 932/26/32
f 933/28/33 932/26/32 913/27/13
f 913/27/13 914/29/14 933/28/33
f 934/30/34 933/28/33 914/29/14
f 914/29/14 915/31/15 934/30/34
f 935/32/35 934/30/34 915/31/15
f 915/31/15 911/33/11 935/32/35
f 936/34/36 935/32/35 911/33/11
f 911/33/11 912/35/12 936/34/36
f 937/36/37 936/34/36 912/35/12
f 912/35/12 938/37/38 937/36/37
f 939/38/39 937/36/37 938/37/38
f 938/37/38 907/39/7 939/38/39
f 918/37/18 919/39/19 928/38/28
f 928/38/28 940/36/40 918/37/18
f 925/35/25 918/37/18 940/36/40
f 940/36/40 941/34/41 925/35/25
f 923/33/23 925/35/25 941/34/41
f 941/34/41 942/32/42 923/33/23
f 922/31/22 923/33/23 942/32/42
f 942/32/42 943/30/43 922/31/22
f 921/29/21 922/31/22 943/30/43
f 943/30/43 944/28/44 921/29/21
f 926/27/26 921/29/21 944/28/44
f 944/28/44 945/26/45 926/27/26
f 910/25/10 926/27/26 945/26/45
f 945/26/45 946/24/46 910/25/10
f 909/23/9 910/25/10 946/24/46
f 946/24/46 947/22/47 909/23/9
f 908/21/8 909/23/9 947/22/47
f 947/22/47 948/18/48 908/21/8
f 907/19/7 908/21/8 948/18/48
f 948/18/48 939/20/39 907/19/7
f 953/3/54 950/49/51 951/44/52
f 951/44/52 968/53/69 953/3/54
f 965/52/66 964/4/65 963/41/64
f 963/41/64 953/3/54 965/52/66
f 904/8/4 907/54/7 938/13/38
f 938/13/38 902/8/49 904/8/4
f 902/12/49 938/14/38 912/13/12
f 912/13/12 902/11/2 902/12/49
f 902/12/2 915/14/15 914/13/14
f 914/13/14 901/11/1 902/12/2
f 901/12/1 916/14/16 930/13/30
f 930/13/30 949/11/50 901/12/1
f 917/11/17 918/10/18 925/9/25
f 925/9/25 924/17/24 917/11/17
f 971/55/72 973/57/46 972/56/45
f 972/56/45 974/58/73 971/55/72
f 974/55/73 972/57/45 975/56/44
f 975/56/44 976/58/74 974/55/73
f 976/55/74 975/57/44 977/56/75
f 977/56/75 978/58/76 976/55/74
f 979/55/77 981/57/48 980/56/47
f 980/56/47 982/58/78 979/55/77
f 982/55/78 980/57/47 973/56/46
f 973/56/46 971/58/72 982/55/78
f 983/55/79 985/57/37 984/56/39
f 984/56/39 986/58/80 983/55/79
f 986/55/80 984/57/39 981/56/48
f 981/56/48 979/58/77 986/55/80
f 987/55/81 989/57/35 988/56/82
f 988/56/82 990/58/83 987/55/81
f 990/55/83 988/57/82 985/56/37
f 985/56/37 983/58/79 990/55/83
f 991/55/84 993/57/85 992/56/34
f 992/56/34 994/58/86 991/55/84
f 994/55/86 992/57/34 989/56/35
f 989/56/35 987/58/81 994/55/86
f 995/55/87 996/57/32 993/56/85
f 993/56/85 991/58/84 995/55/87
f 997/55/88 999/57/29 998/56/31
f 998/56/31 1000/58/89 997/55/88
f 1000/55/89 998/57/31 996/56/32
f 996/56/32 995/58/87 1000/55/89
f 1001/55/90 1002/57/27 999/56/29
f 999/56/29 997/58/88 1001/55/90
f 1003/55/91 1005/57/40 1004/56/28
f 1004/56/28 1006/58/92 1003/55/91
f 1006/55/92 1004/57/28 1002/56/27
f 1002/56/27 1001/58/90 1006/55/92
f 1007/55/93 1008/57/41 1005/56/40
f 1005/56/40 1003/58/91 1007/55/93
f 978/55/76 977/57/75 1009/56/42
f 1009/56/42 1010/58/94 978/55/76
f 1010/55/94 1009/57/42 1008/56/41
f 1008/56/41 1007/58/93 1010/55/94
f 980/59/47 947/61/47 946/60/46
f 946/60/46 973/62/46 980/59/47
f 1011/63/95 968/65/69 970/64/71
f 970/64/71 1012/66/96 1011/63/95
f 1012/67/96 970/69/71 951/68/52
f 951/68/52 1013/70/97 1012/67/96
f 981/71/48 948/73/48 947/72/47
f 947/72/47 980/74/47 981/71/48
f 1013/75/97 951/77/52 952/76/53
f 952/76/53 1014/78/98 1013/75/97
f 984/79/39 939/81/39 948/80/48
f 948/80/48 981/82/48 984/79/39
f 1014/83/98 952/85/53 950/84/51
f 950/84/51 1015/86/99 1014/83/98
f 985/87/37 937/89/37 939/88/39
f 939/88/39 984/90/39 985/87/37
f 1015/91/99 950/93/51 954/92/55
f 954/92/55 1016/94/100 1015/91/99
f 988/95/82 936/97/36 937/96/37
f 937/96/37 985/98/37 988/95/82
f 1016/99/100 954/101/55 955/100/56
f 955/100/56 1017/102/101 1016/99/100
f 989/103/35 935/105/35 936/104/36
f 936/104/36 988/106/82 989/103/35
f 1017/107/101 955/109/56 956/108/57
f 956/108/57 1018/110/102 1017/107/101
f 992/111/34 934/113/34 935/112/35
f 935/112/35 989/114/35 992/111/34
f 1018/115/102 956/117/57 957/116/58
f 957/116/58 1019/118/103 1018/115/102
f 993/119/85 933/121/33 934/120/34
f 934/120/34 992/122/34 993/119/85
f 1019/123/103 957/125/58 958/124/59
f 958/124/59 1020/126/104 1019/123/103
f 996/127/32 932/116/32 933/128/33
f 933/128/33 993/129/85 996/127/32
f 1020/130/104 958/132/59 959/131/60
f 959/131/60 1021/133/105 1020/130/104
f 998/134/31 931/136/31 932/135/32
f 932/135/32 996/137/32 998/134/31
f 1021/138/105 959/120/60 960/139/61
f 960/139/61 1022/140/106 1021/138/105
f 999/141/29 929/143/29 931/142/31
f 931/142/31 998/144/31 999/141/29
f 1022/145/106 960/147/61 961/146/62
f 961/146/62 1023/148/107 1022/145/106
f 1002/149/27 927/151/27 929/150/29
f 929/150/29 999/152/29 1002/149/27
f 1023/153/107 961/155/62 962/154/63
f 962/154/63 1024/156/108 1023/153/107
f 1004/157/28 928/84/28 927/158/27
f 927/158/27 1002/159/27 1004/157/28
f 1024/160/108 962/161/63 963/81/64
f 963/81/64 1025/162/109 1024/160/108
f 1005/163/40 940/164/40 928/93/28
f 928/93/28 1004/165/28 1005/163/40
f 1025/166/109 963/88/64 964/167/65
f 964/167/65 1026/168/110 1025/166/109
f 1008/169/41 941/171/41 940/170/40
f 940/170/40 1005/172/40 1008/169/41
f 1026/173/110 964/175/65 966/174/67
f 966/174/67 1027/176/111 1026/173/110
f 1009/177/42 942/179/42 941/178/41
f 941/178/41 1008/180/41 1009/177/42
f 1027/181/111 966/183/67 965/182/66
f 965/182/66 1028/184/112 1027/181/111
f 977/185/75 943/187/43 942/186/42
f 942/186/42 1009/188/42 977/185/75
f 1028/189/112 965/191/66 967/190/68
f 967/190/68 1029/192/113 1028/189/112
f 975/193/44 944/194/44 943/65/43
f 943/65/43 977/195/75 975/193/44
f 1029/196/113 967/198/68 969/197/70
f 969/197/70 1030/199/114 1029/196/113
f 972/200/45 945/190/45 944/201/44
f 944/201/44 975/202/44 972/200/45
f 1030/203/114 969/205/70 968/204/69
f 968/204/69 1011/206/95 1030/203/114
f 973/207/46 946/209/46 945/208/45
f 945/208/45 972/210/45 973/207/46
f 1014/211/98 1032/213/116 1031/212/115
f 1031/212/115 1013/214/97 1014/211/98
f 1013/215/97 1031/217/115 1033/216/117
f 1033/216/117 1012/218/96 1013/215/97
f 1012/219/96 1033/221/117 1034/220/118
f 1034/220/118 1011/222/95 1012/219/96
f 1011/223/95 1034/225/118 1035/224/119
f 1035/224/119 1030/226/114 1011/223/95
f 1030/223/114 1035/225/119 1036/224/120
f 1036/224/120 1029/226/113 1030/223/114
f 1029/227/113 1036/229/120 1037/228/121
f 1037/228/121 1028/230/112 1029/227/113
f 1028/231/112 1037/233/121 1038/232/122
f 1038/232/122 1027/234/111 1028/231/112
f 1027/235/111 1038/237/122 1039/236/123
f 1039/236/123 1026/238/110 1027/235/111
f 1026/223/110 1039/225/123 1040/224/124
f 1040/224/124 1025/226/109 1026/223/110
f 1025/223/109 1040/225/124 1041/224/125
f 1041/224/125 1024/226/108 1025/223/109
f 1024/239/108 1041/241/125 1042/240/126
f 1042/240/126 1023/242/107 1024/239/108
f 1023/243/107 1042/245/126 1043/244/127
f 1043/244/127 1022/246/106 1023/243/107
f 1022/247/106 1043/249/127 1044/248/128
f 1044/248/128 1021/250/105 1022/247/106
f 1021/223/105 1044/225/128 1045/224/129
f 1045/224/129 1020/226/104 1021/223/105
f 1020/223/104 1045/225/129 1046/224/130
f 1046/224/130 1019/226/103 1020/223/104
f 1019/251/103 1046/253/130 1047/252/131
f 1047/252/131 1018/254/102 1019/251/103
f 1018/255/102 1047/257/131 1048/256/132
f 1048/256/132 1017/258/101 1018/255/102
f 1017/259/101 1048/261/132 1049/260/133
f 1049/260/133 1016/262/100 1017/259/101
f 1016/223/100 1049/225/133 1050/224/134
f 1050/224/134 1015/226/99 1016/223/100
f 1015/223/99 1050/225/134 1032/224/116
f 1032/224/116 1014/226/98 1015/223/99
f 1050/263/134 986/265/80 979/264/77
f 979/264/77 1032/266/116 1050/263/134
f 1032/263/116 979/265/77 982/264/78
f 982/264/78 1031/266/115 1032/263/116
f 1031/263/115 982/265/78 971/264/72
f 971/264/72 1033/266/117 1031/263/115
f 1033/263/117 971/265/72 974/264/73
f 974/264/73 1034/266/118 1033/263/117
f 1034/263/118 974/265/73 976/264/74
f 976/264/74 1035/266/119 1034/263/118
f 1035/263/119 976/265/74 978/264/76
f 978/264/76 1036/266/120 1035/263/119
f 1036/263/120 978/265/76 1010/264/94
f 1010/264/94 1037/266/121 1036/263/120
f 1037/263/121 1010/265/94 1007/264/93
f 1007/264/93 1038/266/122 1037/263/121
f 1038/263/122 1007/265/93 1003/264/91
f 1003/264/91 1039/266/123 1038/263/122
f 1039/263/123 1003/265/91 1006/264/92
f 1006/264/92 1040/266/124 1039/263/123
f 1040/263/124 1006/265/92 1001/264/90
f 1001/264/90 1041/266/125 1040/263/124
f 1041/263/125 1001/265/90 997/264/88
f 997/264/88 1042/266/126 1041/263/125
f 1042/263/126 997/265/88 1000/264/89
f 1000/264/89 1043/266/127 1042/263/126
f 1043/263/127 1000/265/89 995/264/87
f 995/264/87 1044/266/128 1043/263/127
f 1044/263/128 995/265/87 991/264/84
f 991/264/84 1045/266/129 1044/263/128
f 1045/263/129 991/265/84 994/264/86
f 994/264/86 1046/266/130 1045/263/129
f 1046/263/130 994/265/86 987/264/81
f 987/264/81 1047/266/131 1046/263/130
f 1047/263/131 987/265/81 990/264/83
f 990/264/83 1048/266/132 1047/263/131
f 1048/263/132 990/265/83 983/264/79
f 983/264/79 1049/266/133 1048/263/132
f 1049/263/133 983/265/79 986/264/80
f 986/264/80 1050/266/134 1049/263/133
f 1058/9/8 1054/8/137 1055/11/138
f 1055/11/138 1059/10/9 1058/9/8
f 1070/14/20 1069/13/19 1067/16/17
f 1067/16/17 1099/12/50 1070/14/20
f 1073/10/23 1072/9/22 1056/17/6
f 1056/17/6 1074/11/139 1073/10/23
f 1076/10/26 1060/9/10 1055/11/138
f 1055/11/138 1056/11/6 1076/10/26
f 1077/18/27 1078/20/28 1069/19/19
f 1069/19/19 1070/21/20 1077/18/27
f 1079/22/29 1077/18/27 1070/21/20
f 1070/21/20 1080/23/30 1079/22/29
f 1081/24/31 1079/22/29 1080/23/30
f 1080/23/30 1066/25/16 1081/24/31
f 1082/26/32 1081/24/31 1066/25/16
f 1066/25/16 1063/27/13 1082/26/32
f 1083/28/33 1082/26/32 1063/27/13
f 1063/27/13 1064/29/14 1083/28/33
f 1084/30/34 1083/28/33 1064/29/14
f 1064/29/14 1065/31/15 1084/30/34
f 1085/32/35 1084/30/34 1065/31/15
f 1065/31/15 1061/33/11 1085/32/35
f 1086/34/82 1085/32/35 1061/33/11
f 1061/33/11 1062/35/12 1086/34/82
f 1087/36/37 1086/34/82 1062/35/12
f 1062/35/12 1088/37/38 1087/36/37
f 1089/38/39 1087/36/37 1088/37/38
f 1088/37/38 1057/39/7 1089/38/39
f 1068/37/18 1069/39/19 1078/38/28
f 1078/38/28 1090/36/40 1068/37/18
f 1075/35/140 1068/37/18 1090/36/40
f 1090/36/40 1091/34/41 1075/35/140
f 1073/33/23 1075/35/140 1091/34/41
f 1091/34/41 1092/32/42 1073/33/23
f 1072/31/22 1073/33/23 1092/32/42
f 1092/32/42 1093/30/43 1072/31/22
f 1071/29/21 1072/31/22 1093/30/43
f 1093/30/43 1094/28/44 1071/29/21
f 1076/27/26 1071/29/21 1094/28/44
f 1094/28/44 1095/26/45 1076/27/26
f 1060/25/10 1076/27/26 1095/26/45
f 1095/26/45 1096/24/46 1060/25/10
f 1059/23/9 1060/25/10 1096/24/46
f 1096/24/46 1097/22/47 1059/23/9
f 1058/21/8 1059/23/9 1097/22/47
f 1097/22/47 1098/18/48 1058/21/8
f 1057/19/7 1058/21/8 1098/18/48
f 1098/18/48 1089/20/39 1057/19/7
f 1103/3/54 1100/49/51 1101/44/52
f 1101/44/52 1118/53/69 1103/3/54
f 1115/52/66 1114/4/65 1113/41/64
f 1113/41/64 1103/3/54 1115/52/66
f 1054/8/137 1057/54/7 1088/13/38
f 1088/13/38 1052/8/141 1054/8/137
f 1052/12/141 1088/14/38 1062/13/12
f 1062/13/12 1052/11/2 1052/12/141
f 1052/12/2 1065/14/15 1064/13/14
f 1064/13/14 1051/11/1 1052/12/2
f 1051/12/1 1066/14/16 1080/13/30
f 1080/13/30 1099/11/50 1051/12/1
f 1067/11/17 1068/10/18 1075/9/140
f 1075/9/140 1074/17/139 1067/11/17
f 1121/55/72 1123/57/46 1122/56/45
f 1122/56/45 1124/58/73 1121/55/72
f 1124/55/73 1122/57/45 1125/56/44
f 1125/56/44 1126/58/74 1124/55/73
f 1126/55/74 1125/57/44 1127/56/75
f 1127/56/75 1128/58/76 1126/55/74
f 1129/55/77 1131/57/48 1130/56/47
f 1130/56/47 1132/58/78 1129/55/77
f 1132/55/78 1130/57/47 1123/56/46
f 1123/56/46 1121/58/72 1132/55/78
f 1133/55/79 1135/57/37 1134/56/39
f 1134/56/39 1136/58/80 1133/55/79
f 1136/55/80 1134/57/39 1131/56/48
f 1131/56/48 1129/58/77 1136/55/80
f 1137/55/81 1139/57/35 1138/56/82
f 1138/56/82 1140/58/83 1137/55/81
f 1140/55/83 1138/57/82 1135/56/37
f 1135/56/37 1133/58/79 1140/55/83
f 1141/55/84 1143/57/85 1142/56/34
f 1142/56/34 1144/58/86 1141/55/84
f 1144/55/86 1142/57/34 1139/56/35
f 1139/56/35 1137/58/81 1144/55/86
f 1145/55/87 1146/57/32 1143/56/85
f 1143/56/85 1141/58/84 1145/55/87
f 1147/55/88 1149/57/29 1148/56/31
f 1148/56/31 1150/58/89 1147/55/88
f 1150/55/89 1148/57/31 1146/56/32
f 1146/56/32 1145/58/87 1150/55/89
f 1151/55/90 1152/57/27 1149/56/29
f 1149/56/29 1147/58/88 1151/55/90
f 1153/55/91 1155/57/40 1154/56/28
f 1154/56/28 1156/58/92 1153/55/91
f 1156/55/92 1154/57/28 1152/56/27
f 1152/56/27 1151/58/90 1156/55/92
f 1157/55/93 1158/57/41 1155/56/40
f 1155/56/40 1153/58/91 1157/55/93
f 1128/55/76 1127/57/75 1159/56/42
f 1159/56/42 1160/58/94 1128/55/76
f 1160/55/94 1159/57/42 1158/56/41
f 1158/56/41 1157/58/93 1160/55/94
f 1130/59/47 1097/61/47 1096/60/46
f 1096/60/46 1123/62/46 1130/59/47
f 1161/63/95 1118/65/69 1120/64/71
f 1120/64/71 1162/66/96 1161/63/95
f 1162/67/96 1120/69/71 1101/68/52
f 1101/68/52 1163/70/97 1162/67/96
f 1131/71/48 1098/73/48 1097/72/47
f 1097/72/47 1130/74/47 1131/71/48
f 1163/75/97 1101/77/52 1102/76/53
f 1102/76/53 1164/78/98 1163/75/97
f 1134/79/39 1089/81/39 1098/80/48
f 1098/80/48 1131/82/48 1134/79/39
f 1164/83/98 1102/85/53 1100/84/51
f 1100/84/51 1165/86/99 1164/83/98
f 1135/87/37 1087/89/37 1089/88/39
f 1089/88/39 1134/90/39 1135/87/37
f 1165/91/99 1100/93/51 1104/92/55
f 1104/92/55 1166/94/100 1165/91/99
f 1138/95/82 1086/97/82 1087/96/37
f 1087/96/37 1135/98/37 1138/95/82
f 1166/99/100 1104/101/55 1105/100/56
f 1105/100/56 1167/102/101 1166/99/100
f 1139/103/35 1085/105/35 1086/104/82
f 1086/104/82 1138/106/82 1139/103/35
f 1167/107/101 1105/109/56 1106/108/57
f 1106/108/57 1168/110/102 1167/107/101
f 1142/111/34 1084/113/34 1085/112/35
f 1085/112/35 1139/114/35 1142/111/34
f 1168/115/102 1106/117/57 1107/116/58
f 1107/116/58 1169/118/103 1168/115/102
f 1143/119/85 1083/121/33 1084/120/34
f 1084/120/34 1142/122/34 1143/119/85
f 1169/123/103 1107/125/58 1108/124/59
f 1108/124/59 1170/126/104 1169/123/103
f 1146/127/32 1082/116/32 1083/128/33
f 1083/128/33 1143/129/85 1146/127/32
f 1170/130/104 1108/132/59 1109/131/60
f 1109/131/60 1171/133/105 1170/130/104
f 1148/134/31 1081/136/31 1082/135/32
f 1082/135/32 1146/137/32 1148/134/31
f 1171/138/105 1109/120/60 1110/139/61
f 1110/139/61 1172/140/106 1171/138/105
f 1149/141/29 1079/143/29 1081/142/31
f 1081/142/31 1148/144/31 1149/141/29
f 1172/145/106 1110/147/61 1111/146/62
f 1111/146/62 1173/148/107 1172/145/106
f 1152/149/27 1077/151/27 1079/150/29
f 1079/150/29 1149/152/29 1152/149/27
f 1173/153/107 1111/155/62 1112/154/63
f 1112/154/63 1174/156/108 1173/153/107
f 1154/157/28 1078/84/28 1077/158/27
f 1077/158/27 1152/159/27 1154/157/28
f 1174/160/108 1112/161/63 1113/81/64
f 1113/81/64 1175/162/109 1174/160/108
f 1155/163/40 1090/164/40 1078/93/28
f 1078/93/28 1154/165/28 1155/163/40
f 1175/166/109 1113/88/64 1114/167/65
f 1114/167/65 1176/168/110 1175/166/109
f 1158/169/41 1091/171/41 1090/170/40
f 1090/170/40 1155/172/40 1158/169/41
f 1176/173/110 1114/175/65 1116/174/67
f 1116/174/67 1177/176/111 1176/173/110
f 1159/177/42 1092/179/42 1091/178/41
f 1091/178/41 1158/180/41 1159/177/42
f 1177/181/111 1116/183/67 1115/182/66
f 1115/182/66 1178/184/112 1177/181/111
f 1127/185/75 1093/187/43 1092/186/42
f 1092/186/42 1159/188/42 1127/185/75
f 1178/189/112 1115/191/66 1117/190/68
f 1117/190/68 1179/192/113 1178/189/112
f 1125/193/44 1094/194/44 1093/65/43
f 1093/65/43 1127/195/75 1125/193/44
f 1179/196/113 1117/198/68 1119/197/70
f 1119/197/70 1180/199/114 1179/196/113
f 1122/200/45 1095/190/45 1094/201/44
f 1094/201/44 1125/202/44 1122/200/45
f 1180/203/114 1119/205/70 1118/204/69
f 1118/204/69 1161/206/95 1180/203/114
f 1123/207/46 1096/209/46 1095/208/45
f 1095/208/45 1122/210/45 1123/207/46
f 1164/211/98 1182/213/116 1181/212/115
f 1181/212/115 1163/214/97 1164/211/98
f 1163/215/97 1181/217/115 1183/216/117
f 1183/216/117 1162/218/96 1163/215/97
f 1162/219/96 1183/221/117 1184/220/142
f 1184/220/142 1161/222/95 1162/219/96
f 1161/223/95 1184/225/142 1185/224/119
f 1185/224/119 1180/226/114 1161/223/95
f 1180/223/114 1185/225/119 1186/224/120
f 1186/224/120 1179/226/113 1180/223/114
f 1179/227/113 1186/229/120 1187/228/121
f 1187/228/121 1178/230/112 1179/227/113
f 1178/231/112 1187/233/121 1188/232/122
f 1188/232/122 1177/234/111 1178/231/112
f 1177/235/111 1188/237/122 1189/236/123
f 1189/236/123 1176/238/110 1177/235/111
f 1176/223/110 1189/225/123 1190/224/124
f 1190/224/124 1175/226/109 1176/223/110
f 1175/223/109 1190/225/124 1191/224/125
f 1191/224/125 1174/226/108 1175/223/109
f 1174/239/108 1191/241/125 1192/240/143
f 1192/240/143 1173/242/107 1174/239/108
f 1173/243/107 1192/245/143 1193/244/127
f 1193/244/127 1172/246/106 1173/243/107
f 1172/247/106 1193/249/127 1194/248/144
f 1194/248/144 1171/250/105 1172/247/106
f 1171/223/105 1194/225/144 1195/224/129
f 1195/224/129 1170/226/104 1171/223/105
f 1170/223/104 1195/225/129 1196/224/130
f 1196/224/130 1169/226/103 1170/223/104
f 1169/251/103 1196/253/130 1197/252/131
f 1197/252/131 1168/254/102 1169/251/103
f 1168/255/102 1197/257/131 1198/256/132
f 1198/256/132 1167/258/101 1168/255/102
f 1167/259/101 1198/261/132 1199/260/133
f 1199/260/133 1166/262/100 1167/259/101
f 1166/223/100 1199/225/133 1200/224/134
f 1200/224/134 1165/226/99 1166/223/100
f 1165/223/99 1200/225/134 1182/224/116
f 1182/224/116 1164/226/98 1165/223/99
f 1200/263/134 1136/265/80 1129/264/77
f 1129/264/77 1182/266/116 1200/263/134
f 1182/263/116 1129/265/77 1132/264/78
f 1132/264/78 1181/266/115 1182/263/116
f 1181/263/115 1132/265/78 1121/264/72
f 1121/264/72 1183/266/117 1181/263/115
f 1183/263/117 1121/265/72 1124/264/73
f 1124/264/73 1184/266/142 1183/263/117
f 1184/263/142 1124/265/73 1126/264/74
f 1126/264/74 1185/266/119 1184/263/142
f 1185/263/119 1126/265/74 1128/264/76
f 1128/264/76 1186/266/120 1185/263/119
f 1186/263/120 1128/265/76 1160/264/94
f 1160/264/94 1187/266/121 1186/263/120
f 1187/263/121 1160/265/94 1157/264/93
f 1157/264/93 1188/266/122 1187/263/121
f 1188/263/122 1157/265/93 1153/264/91
f 1153/264/91 1189/266/123 1188/263/122
f 1189/263/123 1153/265/91 1156/264/92
f 1156/264/92 1190/266/124 1189/263/123
f 1190/263/124 1156/265/92 1151/264/90
f 1151/264/90 1191/266/125 1190/263/124
f 1191/263/125 1151/265/90 1147/264/88
f 1147/264/88 1192/266/143 1191/263/125
f 1192/263/143 1147/265/88 1150/264/89
f 1150/264/89 1193/266/127 1192/263/143
f 1193/263/127 1150/265/89 1145/264/87
f 1145/264/87 1194/266/144 1193/263/127
f 1194/263/144 1145/265/87 1141/264/84
f 1141/264/84 1195/266/129 1194/263/144
f 1195/263/129 1141/265/84 1144/264/86
f 1144/264/86 1196/266/130 1195/263/129
f 1196/263/130 1144/265/86 1137/264/81
f 1137/264/81 1197/266/131 1196/263/130
f 1197/263/131 1137/265/81 1140/264/83
f 1140/264/83 1198/266/132 1197/263/131
f 1198/263/132 1140/265/83 1133/264/79
f 1133/264/79 1199/266/133 1198/263/132
f 1199/263/133 1133/265/79 1136/264/80
f 1136/264/80 1200/266/134 1199/263/133
f 1208/9/8 1204/8/137 1205/11/138
f 1205/11/138 1209/10/9 1208/9/8
f 1220/14/20 1219/13/19 1217/16/17
f 1217/16/17 1249/12/50 1220/14/20
f 1223/10/23 1222/9/22 1206/17/6
f 1206/17/6 1224/11/139 1223/10/23
f 1226/10/26 1210/9/10 1205/11/138
f 1205/11/138 1206/11/6 1226/10/26
f 1227/18/27 1228/20/28 1219/19/19
f 1219/19/19 1220/21/20 1227/18/27
f 1229/22/29 1227/18/27 1220/21/20
f 1220/21/20 1230/23/30 1229/22/29
f 1231/24/31 1229/22/29 1230/23/30
f 1230/23/30 1216/25/16 1231/24/31
f 1232/26/32 1231/24/31 1216/25/16
f 1216/25/16 1213/27/13 1232/26/32
f 1233/28/33 1232/26/32 1213/27/13
f 1213/27/13 1214/29/14 1233/28/33
f 1234/30/34 1233/28/33 1214/29/14
f 1214/29/14 1215/31/15 1234/30/34
f 1235/32/35 1234/30/34 1215/31/15
f 1215/31/15 1211/33/11 1235/32/35
f 1236/34/82 1235/32/35 1211/33/11
f 1211/33/11 1212/35/12 1236/34/82
f 1237/36/37 1236/34/82 1212/35/12
f 1212/35/12 1238/37/38 1237/36/37
f 1239/38/39 1237/36/37 1238/37/38
f 1238/37/38 1207/39/7 1239/38/39
f 1218/37/18 1219/39/19 1228/38/28
f 1228/38/28 1240/36/40 1218/37/18
f 1225/35/140 1218/37/18 1240/36/40
f 1240/36/40 1241/34/41 1225/35/140
f 1223/33/23 1225/35/140 1241/34/41
f 1241/34/41 1242/32/42 1223/33/23
f 1222/31/22 1223/33/23 1242/32/42
f 1242/32/42 1243/30/43 1222/31/22
f 1221/29/21 1222/31/22 1243/30/43
f 1243/30/43 1244/28/44 1221/29/21
f 1226/27/26 1221/29/21 1244/28/44
f 1244/28/44 1245/26/45 1226/27/26
f 1210/25/10 1226/27/26 1245/26/45
f 1245/26/45 1246/24/46 1210/25/10
f 1209/23/9 1210/25/10 1246/24/46
f 1246/24/46 1247/22/47 1209/23/9
f 1208/21/8 1209/23/9 1247/22/47
f 1247/22/47 1248/18/48 1208/21/8
f 1207/19/7 1208/21/8 1248/18/48
f 1248/18/48 1239/20/39 1207/19/7
f 1253/3/54 1250/49/51 1251/44/52
f 1251/44/52 1268/53/69 1253/3/54
f 1265/52/66 1264/4/65 1263/41/64
f 1263/41/64 1253/3/54 1265/52/66
f 1204/8/137 1207/54/7 1238/13/38
f 1238/13/38 1202/8/141 1204/8/137
f 1202/12/141 1238/14/38 1212/13/12
f 1212/13/12 1202/11/2 1202/12/141
f 1202/12/2 1215/14/15 1214/13/14
f 1214/13/14 1201/11/1 1202/12/2
f 1201/12/1 1216/14/16 1230/13/30
f 1230/13/30 1249/11/50 1201/12/1
f 1217/11/17 1218/10/18 1225/9/140
f 1225/9/140 1224/17/139 1217/11/17
f 1271/55/72 1273/57/46 1272/56/45
f 1272/56/45 1274/58/73 1271/55/72
f 1274/55/73 1272/57/45 1275/56/44
f 1275/56/44 1276/58/74 1274/55/73
f 1276/55/74 1275/57/44 1277/56/75
f 1277/56/75 1278/58/76 1276/55/74
f 1279/55/77 1281/57/48 1280/56/47
f 1280/56/47 1282/58/78 1279/55/77
f 1282/55/78 1280/57/47 1273/56/46
f 1273/56/46 1271/58/72 1282/55/78
f 1283/55/79 1285/57/37 1284/56/39
f 1284/56/39 1286/58/80 1283/55/79
f 1286/55/80 1284/57/39 1281/56/48
f 1281/56/48 1279/58/77 1286/55/80
f 1287/55/81 1289/57/35 1288/56/82
f 1288/56/82 1290/58/83 1287/55/81
f 1290/55/83 1288/57/82 1285/56/37
f 1285/56/37 1283/58/79 1290/55/83
f 1291/55/84 1293/57/85 1292/56/34
f 1292/56/34 1294/58/86 1291/55/84
f 1294/55/86 1292/57/34 1289/56/35
f 1289/56/35 1287/58/81 1294/55/86
f 1295/55/87 1296/57/32 1293/56/85
f 1293/56/85 1291/58/84 1295/55/87
f 1297/55/88 1299/57/29 1298/56/31
f 1298/56/31 1300/58/89 1297/55/88
f 1300/55/89 1298/57/31 1296/56/32
f 1296/56/32 1295/58/87 1300/55/89
f 1301/55/90 1302/57/27 1299/56/29
f 1299/56/29 1297/58/88 1301/55/90
f 1303/55/91 1305/57/40 1304/56/28
f 1304/56/28 1306/58/92 1303/55/91
f 1306/55/92 1304/57/28 1302/56/27
f 1302/56/27 1301/58/90 1306/55/92
f 1307/55/93 1308/57/41 1305/56/40
f 1305/56/40 1303/58/91 1307/55/93
f 1278/55/76 1277/57/75 1309/56/42
f 1309/56/42 1310/58/94 1278/55/76
f 1310/55/94 1309/57/42 1308/56/41
f 1308/56/41 1307/58/93 1310/55/94
f 1280/59/47 1247/61/47 1246/60/46
f 1246/60/46 1273/62/46 1280/59/47
f 1311/63/95 1268/65/69 1270/64/71
f 1270/64/71 1312/66/96 1311/63/95
f 1312/67/96 1270/69/71 1251/68/52
f 1251/68/52 1313/70/97 1312/67/96
f 1281/71/48 1248/73/48 1247/72/47
f 1247/72/47 1280/74/47 1281/71/48
f 1313/75/97 1251/77/52 1252/76/53
f 1252/76/53 1314/78/98 1313/75/97
f 1284/79/39 1239/81/39 1248/80/48
f 1248/80/48 1281/82/48 1284/79/39
f 1314/83/98 1252/85/53 1250/84/51
f 1250/84/51 1315/86/99 1314/83/98
f 1285/87/37 1237/89/37 1239/88/39
f 1239/88/39 1284/90/39 1285/87/37
f 1315/91/99 1250/93/51 1254/92/55
f 1254/92/55 1316/94/100 1315/91/99
f 1288/95/82 1236/97/82 1237/96/37
f 1237/96/37 1285/98/37 1288/95/82
f 1316/99/100 1254/101/55 1255/100/56
f 1255/100/56 1317/102/101 1316/99/100
f 1289/103/35 1235/105/35 1236/104/82
f 1236/104/82 1288/106/82 1289/103/35
f 1317/107/101 1255/109/56 1256/108/57
f 1256/108/57 1318/110/102 1317/107/101
f 1292/111/34 1234/113/34 1235/112/35
f 1235/112/35 1289/114/35 1292/111/34
f 1318/115/102 1256/117/57 1257/116/58
f 1257/116/58 1319/118/103 1318/115/102
f 1293/119/85 1233/121/33 1234/120/34
f 1234/120/34 1292/122/34 1293/119/85
f 1319/123/103 1257/125/58 1258/124/59
f 1258/124/59 1320/126/104 1319/123/103
f 1296/127/32 1232/116/32 1233/128/33
f 1233/128/33 1293/129/85 1296/127/32
f 1320/130/104 1258/132/59 1259/131/60
f 1259/131/60 1321/133/105 1320/130/104
f 1298/134/31 1231/136/31 1232/135/32
f 1232/135/32 1296/137/32 1298/134/31
f 1321/138/105 1259/120/60 1260/139/61
f 1260/139/61 1322/140/106 1321/138/105
f 1299/141/29 1229/143/29 1231/142/31
f 1231/142/31 1298/144/31 1299/141/29
f 1322/145/106 1260/147/61 1261/146/62
f 1261/146/62 1323/148/107 1322/145/106
f 1302/149/27 1227/151/27 1229/150/29
f 1229/150/29 1299/152/29 1302/149/27
f 1323/153/107 1261/155/62 1262/154/63
f 1262/154/63 1324/156/108 1323/153/107
f 1304/157/28 1228/84/28 1227/158/27
f 1227/158/27 1302/159/27 1304/157/28
f 1324/160/108 1262/161/63 1263/81/64
f 1263/81/64 1325/162/109 1324/160/108
f 1305/163/40 1240/164/40 1228/93/28
f 1228/93/28 1304/165/28 1305/163/40
f 1325/166/109 1263/88/64 1264/167/65
f 1264/167/65 1326/168/110 1325/166/109
f 1308/169/41 1241/171/41 1240/170/40
f 1240/170/40 1305/172/40 1308/169/41
f 1326/173/110 1264/175/65 1266/174/67
f 1266/174/67 1327/176/111 1326/173/110
f 1309/177/42 1242/179/42 1241/178/41
f 1241/178/41 1308/180/41 1309/177/42
f 1327/181/111 1266/183/67 1265/182/66
f 1265/182/66 1328/184/112 1327/181/111
f 1277/185/75 1243/187/43 1242/186/42
f 1242/186/42 1309/188/42 1277/185/75
f 1328/189/112 1265/191/66 1267/190/68
f 1267/190/68 1329/192/113 1328/189/112
f 1275/193/44 1244/194/44 1243/65/43
f 1243/65/43 1277/195/75 1275/193/44
f 1329/196/113 1267/198/68 1269/197/70
f 1269/197/70 1330/199/114 1329/196/113
f 1272/200/45 1245/190/45 1244/201/44
f 1244/201/44 1275/202/44 1272/200/45
f 1330/203/114 1269/205/70 1268/204/69
f 1268/204/69 1311/206/95 1330/203/114
f 1273/207/46 1246/209/46 1245/208/45
f 1245/208/45 1272/210/45 1273/207/46
f 1314/211/98 1332/213/116 1331/212/115
f 1331/212/115 1313/214/97 1314/211/98
f 1313/215/97 1331/217/115 1333/216/117
f 1333/216/117 1312/218/96 1313/215/97
f 1312/219/96 1333/221/117 1334/220/142
f 1334/220/142 1311/222/95 1312/219/96
f 1311/223/95 1334/225/142 1335/224/119
f 1335/224/119 1330/226/114 1311/223/95
f 1330/223/114 1335/225/119 1336/224/120
f 1336/224/120 1329/226/113 1330/223/114
f 1329/227/113 1336/229/120 1337/228/121
f 1337/228/121 1328/230/112 1329/227/113
f 1328/231/112 1337/233/121 1338/232/122
f 1338/232/122 1327/234/111 1328/231/112
f 1327/235/111 1338/237/122 1339/236/123
f 1339/236/123 1326/238/110 1327/235/111
f 1326/223/110 1339/225/123 1340/224/124
f 1340/224/124 1325/226/109 1326/223/110
f 1325/223/109 1340/225/124 1341/224/125
f 1341/224/125 1324/226/108 1325/223/109
f 1324/239/108 1341/241/125 1342/240/143
f 1342/240/143 1323/242/107 1324/239/108
f 1323/243/107 1342/245/143 1343/244/127
f 1343/244/127 1322/246/106 1323/243/107
f 1322/247/106 1343/249/127 1344/248/144
f 1344/248/144 1321/250/105 1322/247/106
f 1321/223/105 1344/225/144 1345/224/129
f 1345/224/129 1320/226/104 1321/223/105
f 1320/223/104 1345/225/129 1346/224/130
f 1346/224/130 1319/226/103 1320/223/104
f 1319/251/103 1346/253/130 1347/252/131
f 1347/252/131 1318/254/102 1319/251/103
f 1318/255/102 1347/257/131 1348/256/132
f 1348/256/132 1317/258/101 1318/255/102
f 1317/259/101 1348/261/132 1349/260/133
f 1349/260/133 1316/262/100 1317/259/101
f 1316/223/100 1349/225/133 1350/224/134
f 1350/224/134 1315/226/99 1316/223/100
f 1315/223/99 1350/225/134 1332/224/116
f 1332/224/116 1314/226/98 1315/223/99
f 1350/263/134 1286/265/80 1279/264/77
f 1279/264/77 1332/266/116 1350/263/134
f 1332/263/116 1279/265/77 1282/264/78
f 1282/264/78 1331/266/115 1332/263/116
f 1331/263/115 1282/265/78 1271/264/72
f 1271/264/72 1333/266/117 1331/263/115
f 1333/263/117 1271/265/72 1274/264/73
f 1274/264/73 1334/266/142 1333/263/117
f 1334/263/142 1274/265/73 1276/264/74
f 1276/264/74 1335/266/119 1334/263/142
f 1335/263/119 1276/265/74 1278/264/76
f 1278/264/76 1336/266/120 1335/263/119
f 1336/263/120 1278/265/76 1310/264/94
f 1310/264/94 1337/266/121 1336/263/120
f 1337/263/121 1310/265/94 1307/264/93
f 1307/264/93 1338/266/122 1337/263/121
f 1338/263/122 1307/265/93 1303/264/91
f 1303/264/91 1339/266/123 1338/263/122
f 1339/263/123 1303/265/91 1306/264/92
f 1306/264/92 1340/266/124 1339/263/123
f 1340/263/124 1306/265/92 1301/264/90
f 1301/264/90 1341/266/125 1340/263/124
f 1341/263/125 1301/265/90 1297/264/88
f 1297/264/88 1342/266/143 1341/263/125
f 1342/263/143 1297/265/88 1300/264/89
f 1300/264/89 1343/266/127 1342/263/143
f 1343/263/127 1300/265/89 1295/264/87
f 1295/264/87 1344/266/144 1343/263/127
f 1344/263/144 1295/265/87 1291/264/84
f 1291/264/84 1345/266/129 1344/263/144
f 1345/263/129 1291/265/84 1294/264/86
f 1294/264/86 1346/266/130 1345/263/129
f 1346/263/130 1294/265/86 1287/264/81
f 1287/264/81 1347/266/131 1346/263/130
f 1347/263/131 1287/265/81 1290/264/83
f 1290/264/83 1348/266/132 1347/263/131
f 1348/263/132 1290/265/83 1283/264/79
f 1283/264/79 1349/266/133 1348/263/132
f 1349/263/133 1283/265/79 1286/264/80
f 1286/264/80 1350/266/134 1349/263/133
f 1358/9/8 1354/8/137 1355/11/138
f 1355/11/138 1359/10/9 1358/9/8
f 1370/14/20 1369/13/19 1367/16/17
f 1367/16/17 1399/12/50 1370/14/20
f 1373/10/23 1372/9/22 1356/17/6
f 1356/17/6 1374/11/139 1373/10/23
f 1376/10/26 1360/9/10 1355/11/138
f 1355/11/138 1356/11/6 1376/10/26
f 1377/18/27 1378/20/28 1369/19/19
f 1369/19/19 1370/21/20 1377/18/27
f 1379/22/29 1377/18/27 1370/21/20
f 1370/21/20 1380/23/30 1379/22/29
f 1381/24/31 1379/22/29 1380/23/30
f 1380/23/30 1366/25/16 1381/24/31
f 1382/26/32 1381/24/31 1366/25/16
f 1366/25/16 1363/27/13 1382/26/32
f 1383/28/33 1382/26/32 1363/27/13
f 1363/27/13 1364/29/14 1383/28/33
f 1384/30/34 1383/28/33 1364/29/14
f 1364/29/14 1365/31/15 1384/30/34
f 1385/32/35 1384/30/34 1365/31/15
f 1365/31/15 1361/33/11 1385/32/35
f 1386/34/82 1385/32/35 1361/33/11
f 1361/33/11 1362/35/12 1386/34/82
f 1387/36/37 1386/34/82 1362/35/12
f 1362/35/12 1388/37/38 1387/36/37
f 1389/38/39 1387/36/37 1388/37/38
f 1388/37/38 1357/39/7 1389/38/39
f 1368/37/18 1369/39/19 1378/38/28
f 1378/38/28 1390/36/40 1368/37/18
f 1375/35/140 1368/37/18 1390/36/40
f 1390/36/40 1391/34/41 1375/35/140
f 1373/33/23 1375/35/140 1391/34/41
f 1391/34/41 1392/32/42 1373/33/23
f 1372/31/22 1373/33/23 1392/32/42
f 1392/32/42 1393/30/43 1372/31/22
f 1371/29/21 1372/31/22 1393/30/43
f 1393/30/43 1394/28/44 1371/29/21
f 1376/27/26 1371/29/21 1394/28/44
f 1394/28/44 1395/26/45 1376/27/26
f 1360/25/10 1376/27/26 1395/26/45
f 1395/26/45 1396/24/46 1360/25/10
f 1359/23/9 1360/25/10 1396/24/46
f 1396/24/46 1397/22/47 1359/23/9
f 1358/21/8 1359/23/9 1397/22/47
f 1397/22/47 1398/18/48 1358/21/8
f 1357/19/7 1358/21/8 1398/18/48
f 1398/18/48 1389/20/39 1357/19/7
f 1403/3/54 1400/49/51 1401/44/52
f 1401/44/52 1418/53/69 1403/3/54
f 1415/52/66 1414/4/65 1413/41/64
f 1413/41/64 1403/3/54 1415/52/66
f 1354/8/137 1357/54/7 1388/13/38
f 1388/13/38 1352/8/141 1354/8/137
f 1352/12/141 1388/14/38 1362/13/12
f 1362/13/12 1352/11/2 1352/12/141
f 1352/12/2 1365/14/15 1364/13/14
f 1364/13/14 1351/11/1 1352/12/2
f 1351/12/1 1366/14/16 1380/13/30
f 1380/13/30 1399/11/50 1351/12/1
f 1367/11/17 1368/10/18 1375/9/140
f 1375/9/140 1374/17/139 1367/11/17
f 1421/55/72 1423/57/46 1422/56/45
f 1422/56/45 1424/58/73 1421/55/72
f 1424/55/73 1422/57/45 1425/56/44
f 1425/56/44 1426/58/74 1424/55/73
f 1426/55/74 1425/57/44 1427/56/75
f 1427/56/75 1428/58/76 1426/55/74
f 1429/55/77 1431/57/48 1430/56/47
f 1430/56/47 1432/58/78 1429/55/77
f 1432/55/78 1430/57/47 1423/56/46
f 1423/56/46 1421/58/72 1432/55/78
f 1433/55/79 1435/57/37 1434/56/39
f 1434/56/39 1436/58/80 1433/55/79
f 1436/55/80 1434/57/39 1431/56/48
f 1431/56/48 1429/58/77 1436/55/80
f 1437/55/81 1439/57/35 1438/56/82
f 1438/56/82 1440/58/83 1437/55/81
f 1440/55/83 1438/57/82 1435/56/37
f 1435/56/37 1433/58/79 1440/55/83
f 1441/55/84 1443/57/85 1442/56/34
f 1442/56/34 1444/58/86 1441/55/84
f 1444/55/86 1442/57/34 1439/56/35
f 1439/56/35 1437/58/81 1444/55/86
f 1445/55/87 1446/57/32 1443/56/85
f 1443/56/85 1441/58/84 1445/55/87
f 1447/55/88 1449/57/29 1448/56/31
f 1448/56/31 1450/58/89 1447/55/88
f 1450/55/89 1448/57/31 1446/56/32
f 1446/56/32 1445/58/87 1450/55/89
f 1451/55/90 1452/57/27 1449/56/29
f 1449/56/29 1447/58/88 1451/55/90
f 1453/55/91 1455/57/40 1454/56/28
f 1454/56/28 1456/58/92 1453/55/91
f 1456/55/92 1454/57/28 1452/56/27
f 1452/56/27 1451/58/90 1456/55/92
f 1457/55/93 1458/57/41 1455/56/40
f 1455/56/40 1453/58/91 1457/55/93
f 1428/55/76 1427/57/75 1459/56/42
f 1459/56/42 1460/58/94 1428/55/76
f 1460/55/94 1459/57/42 1458/56/41
f 1458/56/41 1457/58/93 1460/55/94
f 1430/59/47 1397/61/47 1396/60/46
f 1396/60/46 1423/62/46 1430/59/47
f 1461/63/95 1418/65/69 1420/64/71
f 1420/64/71 1462/66/96 1461/63/95
f 1462/67/96 1420/69/71 1401/68/52
f 1401/68/52 1463/70/97 1462/67/96
f 1431/71/48 1398/73/48 1397/72/47
f 1397/72/47 1430/74/47 1431/71/48
f 1463/75/97 1401/77/52 1402/76/53
f 1402/76/53 1464/78/98 1463/75/97
f 1434/79/39 1389/81/39 1398/80/48
f 1398/80/48 1431/82/48 1434/79/39
f 1464/83/98 1402/85/53 1400/84/51
f 1400/84/51 1465/86/99 1464/83/98
f 1435/87/37 1387/89/37 1389/88/39
f 1389/88/39 1434/90/39 1435/87/37
f 1465/91/99 1400/93/51 1404/92/55
f 1404/92/55 1466/94/100 1465/91/99
f 1438/95/82 1386/97/82 1387/96/37
f 1387/96/37 1435/98/37 1438/95/82
f 1466/99/100 1404/101/55 1405/100/56
f 1405/100/56 1467/102/101 1466/99/100
f 1439/103/35 1385/105/35 1386/104/82
f 1386/104/82 1438/106/82 1439/103/35
f 1467/107/101 1405/109/56 1406/108/57
f 1406/108/57 1468/110/102 1467/107/101
f 1442/111/34 1384/113/34 1385/112/35
f 1385/112/35 1439/114/35 1442/111/34
f 1468/115/102 1406/117/57 1407/116/58
f 1407/116/58 1469/118/103 1468/115/102
f 1443/119/85 1383/121/33 1384/120/34
f 1384/120/34 1442/122/34 1443/119/85
f 1469/123/103 1407/125/58 1408/124/59
f 1408/124/59 1470/126/104 1469/123/103
f 1446/127/32 1382/116/32 1383/128/33
f 1383/128/33 1443/129/85 1446/127/32
f 1470/130/104 1408/132/59 1409/131/60
f 1409/131/60 1471/133/105 1470/130/104
f 1448/134/31 1381/136/31 1382/135/32
f 1382/135/32 1446/137/32 1448/134/31
f 1471/138/105 1409/120/60 1410/139/61
f 1410/139/61 1472/140/106 1471/138/105
f 1449/141/29 1379/143/29 1381/142/31
f 1381/142/31 1448/144/31 1449/141/29
f 1472/145/106 1410/147/61 1411/146/62
f 1411/146/62 1473/148/107 1472/145/106
f 1452/149/27 1377/151/27 1379/150/29
f 1379/150/29 1449/152/29 1452/149/27
f 1473/153/107 1411/155/62 1412/154/63
f 1412/154/63 1474/156/108 1473/153/107
f 1454/157/28 1378/84/28 1377/158/27
f 1377/158/27 1452/159/27 1454/157/28
f 1474/160/108 1412/161/63 1413/81/64
f 1413/81/64 1475/162/109 1474/160/108
f 1455/163/40 1390/164/40 1378/93/28
f 1378/93/28 1454/165/28 1455/163/40
f 1475/166/109 1413/88/64 1414/167/65
f 1414/167/65 1476/168/110 1475/166/109
f 1458/169/41 1391/171/41 1390/170/40
f 1390/170/40 1455/172/40 1458/169/41
f 1476/173/110 1414/175/65 1416/174/67
f 1416/174/67 1477/176/111 1476/173/110
f 1459/177/42 1392/179/42 1391/178/41
f 1391/178/41 1458/180/41 1459/177/42
f 1477/181/111 1416/183/67 1415/182/66
f 1415/182/66 1478/184/112 1477/181/111
f 1427/185/75 1393/187/43 1392/186/42
f 1392/186/42 1459/188/42 1427/185/75
f 1478/189/112 1415/191/66 1417/190/68
f 1417/190/68 1479/192/113 1478/189/112
f 1425/193/44 1394/194/44 1393/65/43
f 1393/65/43 1427/195/75 1425/193/44
f 1479/196/113 1417/198/68 1419/197/70
f 1419/197/70 1480/199/114 1479/196/113
f 1422/200/45 1395/190/45 1394/201/44
f 1394/201/44 1425/202/44 1422/200/45
f 1480/203/114 1419/205/70 1418/204/69
f 1418/204/69 1461/206/95 1480/203/114
f 1423/207/46 1396/209/46 1395/208/45
f 1395/208/45 1422/210/45 1423/207/46
f 1464/211/98 1482/213/116 1481/212/115
f 1481/212/115 1463/214/97 1464/211/98
f 1463/215/97 1481/217/115 1483/216/117
f 1483/216/117 1462/218/96 1463/215/97
f 1462/219/96 1483/221/117 1484/220/142
f 1484/220/142 1461/222/95 1462/219/96
f 1461/223/95 1484/225/142 1485/224/119
f 1485/224/119 1480/226/114 1461/223/95
f 1480/223/114 1485/225/119 1486/224/120
f 1486/224/120 1479/226/113 1480/223/114
f 1479/227/113 1486/229/120 1487/228/121
f 1487/228/121 1478/230/112 1479/227/113
f 1478/231/112 1487/233/121 1488/232/122
f 1488/232/122 1477/234/111 1478/231/112
f 1477/235/111 1488/237/122 1489/236/123
f 1489/236/123 1476/238/110 1477/235/111
f 1476/223/110 1489/225/123 1490/224/124
f 1490/224/124 1475/226/109 1476/223/110
f 1475/223/109 1490/225/124 1491/224/125
f 1491/224/125 1474/226/108 1475/223/109
f 1474/239/108 1491/241/125 1492/240/143
f 1492/240/143 1473/242/107 1474/239/108
f 1473/243/107 1492/245/143 1493/244/127
f 1493/244/127 1472/246/106 1473/243/107
f 1472/247/106 1493/249/127 1494/248/144
f 1494/248/144 1471/250/105 1472/247/106
f 1471/223/105 1494/225/144 1495/224/129
f 1495/224/129 1470/226/104 1471/223/105
f 1470/223/104 1495/225/129 1496/224/130
f 1496/224/130 1469/226/103 1470/223/104
f 1469/251/103 1496/253/130 1497/252/131
f 1497/252/131 1468/254/102 1469/251/103
f 1468/255/102 1497/257/131 1498/256/132
f 1498/256/132 1467/258/101 1468/255/102
f 1467/259/101 1498/261/132 1499/260/133
f 1499/260/133 1466/262/100 1467/259/101
f 1466/223/100 1499/225/133 1500/224/134
f 1500/224/134 1465/226/99 1466/223/100
f 1465/223/99 1500/225/134 1482/224/116
f 1482/224/116 1464/226/98 1465/223/99
f 1500/263/134 1436/265/80 1429/264/77
f 1429/264/77 1482/266/116 1500/263/134
f 1482/263/116 1429/265/77 1432/264/78
f 1432/264/78 1481/266/115 1482/263/116
f 1481/263/115 1432/265/78 1421/264/72
f 1421/264/72 1483/266/117 1481/263/115
f 1483/263/117 1421/265/72 1424/264/73
f 1424/264/73 1484/266/142 1483/263/117
f 1484/263/142 1424/265/73 1426/264/74
f 1426/264/74 1485/266/119 1484/263/142
f 1485/263/119 1426/265/74 1428/264/76
f 1428/264/76 1486/266/120 1485/263/119
f 1486/263/120 1428/265/76 1460/264/94
f 1460/264/94 1487/266/121 1486/263/120
f 1487/263/121 1460/265/94 1457/264/93
f 1457/264/93 1488/266/122 1487/263/121
f 1488/263/122 1457/265/93 1453/264/91
f 1453/264/91 1489/266/123 1488/263/122
f 1489/263/123 1453/265/91 1456/264/92
f 1456/264/92 1490/266/124 1489/263/123
f 1490/263/124 1456/265/92 1451/264/90
f 1451/264/90 1491/266/125 1490/263/124
f 1491/263/125 1451/265/90 1447/264/88
f 1447/264/88 1492/266/143 1491/263/125
f 1492/263/143 1447/265/88 1450/264/89
f 1450/264/89 1493/266/127 1492/263/143
f 1493/263/127 1450/265/89 1445/264/87
f 1445/264/87 1494/266/144 1493/263/127
f 1494/263/144 1445/265/87 1441/264/84
f 1441/264/84 1495/266/129 1494/263/144
f 1495/263/129 1441/265/84 1444/264/86
f 1444/264/86 1496/266/130 1495/263/129
f 1496/263/130 1444/265/86 1437/264/81
f 1437/264/81 1497/266/131 1496/263/130
f 1497/263/131 1437/265/81 1440/264/83
f 1440/264/83 1498/266/132 1497/263/131
f 1498/263/132 1440/265/83 1433/264/79
f 1433/264/79 1499/266/133 1498/263/132
f 1499/263/133 1433/265/79 1436/264/80
f 1436/264/80 1500/266/134 1499/263/133
f 1508/9/8 1504/8/4 1505/11/5
f 1505/11/5 1509/10/9 1508/9/8
f 1520/14/20 1519/13/19 1517/16/17
f 1517/16/17 1549/12/50 1520/14/20
f 1523/10/23 1522/9/22 1506/17/6
f 1506/17/6 1524/11/24 1523/10/23
f 1526/10/26 1510/9/10 1505/11/5
f 1505/11/5 1506/11/6 1526/10/26
f 1527/18/27 1528/20/28 1519/19/19
f 1519/19/19 1520/21/20 1527/18/27
f 1529/22/29 1527/18/27 1520/21/20
f 1520/21/20 1530/23/30 1529/22/29
f 1531/24/31 1529/22/29 1530/23/30
f 1530/23/30 1516/25/16 1531/24/31
f 1532/26/32 1531/24/31 1516/25/16
f 1516/25/16 1513/27/13 1532/26/32
f 1533/28/33 1532/26/32 1513/27/13
f 1513/27/13 1514/29/14 1533/28/33
f 1534/30/34 1533/28/33 1514/29/14
f 1514/29/14 1515/31/15 1534/30/34
f 1535/32/35 1534/30/34 1515/31/15
f 1515/31/15 1511/33/11 1535/32/35
f 1536/34/36 1535/32/35 1511/33/11
f 1511/33/11 1512/35/12 1536/34/36
f 1537/36/37 1536/34/36 1512/35/12
f 1512/35/12 1538/37/38 1537/36/37
f 1539/38/39 1537/36/37 1538/37/38
f 1538/37/38 1507/39/7 1539/38/39
f 1518/37/18 1519/39/19 1528/38/28
f 1528/38/28 1540/36/40 1518/37/18
f 1525/35/25 1518/37/18 1540/36/40
f 1540/36/40 1541/34/41 1525/35/25
f 1523/33/23 1525/35/25 1541/34/41
f 1541/34/41 1542/32/42 1523/33/23
f 1522/31/22 1523/33/23 1542/32/42
f 1542/32/42 1543/30/43 1522/31/22
f 1521/29/21 1522/31/22 1543/30/43
f 1543/30/43 1544/28/44 1521/29/21
f 1526/27/26 1521/29/21 1544/28/44
f 1544/28/44 1545/26/45 1526/27/26
f 1510/25/10 1526/27/26 1545/26/45
f 1545/26/45 1546/24/46 1510/25/10
f 1509/23/9 1510/25/10 1546/24/46
f 1546/24/46 1547/22/47 1509/23/9
f 1508/21/8 1509/23/9 1547/22/47
f 1547/22/47 1548/18/48 1508/21/8
f 1507/19/7 1508/21/8 1548/18/48
f 1548/18/48 1539/20/39 1507/19/7
f 1553/3/54 1550/49/51 1551/44/52
f 1551/44/52 1568/53/69 1553/3/54
f 1565/52/66 1564/4/65 1563/41/64
f 1563/41/64 1553/3/54 1565/52/66
f 1504/8/4 1507/54/7 1538/13/38
f 1538/13/38 1502/8/49 1504/8/4
f 1502/12/49 1538/14/38 1512/13/12
f 1512/13/12 1502/11/2 1502/12/49
f 1502/12/2 1515/14/15 1514/13/14
f 1514/13/14 1501/11/1 1502/12/2
f 1501/12/1 1516/14/16 1530/13/30
f 1530/13/30 1549/11/50 1501/12/1
f 1517/11/17 1518/10/18 1525/9/25
f 1525/9/25 1524/17/24 1517/11/17
f 1571/55/72 1573/57/46 1572/56/45
f 1572/56/45 1574/58/73 1571/55/72
f 1574/55/73 1572/57/45 1575/56/44
f 1575/56/44 1576/58/74 1574/55/73
f 1576/55/74 1575/57/44 1577/56/75
f 1577/56/75 1578/58/76 1576/55/74
f 1579/55/77 1581/57/48 1580/56/47
f 1580/56/47 1582/58/78 1579/55/77
f 1582/55/78 1580/57/47 1573/56/46
f 1573/56/46 1571/58/72 1582/55/78
f 1583/55/79 1585/57/37 1584/56/39
f 1584/56/39 1586/58/80 1583/55/79
f 1586/55/80 1584/57/39 1581/56/48
f 1581/56/48 1579/58/77 1586/55/80
f 1587/55/81 1589/57/35 1588/56/82
f 1588/56/82 1590/58/83 1587/55/81
f 1590/55/83 1588/57/82 1585/56/37
f 1585/56/37 1583/58/79 1590/55/83
f 1591/55/84 1593/57/85 1592/56/34
f 1592/56/34 1594/58/86 1591/55/84
f 1594/55/86 1592/57/34 1589/56/35
f 1589/56/35 1587/58/81 1594/55/86
f 1595/55/87 1596/57/32 1593/56/85
f 1593/56/85 1591/58/84 1595/55/87
f 1597/55/88 1599/57/29 1598/56/31
f 1598/56/31 1600/58/89 1597/55/88
f 1600/55/89 1598/57/31 1596/56/32
f 1596/56/32 1595/58/87 1600/55/89
f 1601/55/90 1602/57/27 1599/56/29
f 1599/56/29 1597/58/88 1601/55/90
f 1603/55/91 1605/57/40 1604/56/28
f 1604/56/28 1606/58/92 1603/55/91
f 1606/55/92 1604/57/28 1602/56/27
f 1602/56/27 1601/58/90 1606/55/92
f 1607/55/93 1608/57/41 1605/56/40
f 1605/56/40 1603/58/91 1607/55/93
f 1578/55/76 1577/57/75 1609/56/42
f 1609/56/42 1610/58/94 1578/55/76
f 1610/55/94 1609/57/42 1608/56/41
f 1608/56/41 1607/58/93 1610/55/94
f 1580/59/47 1547/61/47 1546/60/46
f 1546/60/46 1573/62/46 1580/59/47
f 1611/63/95 1568/65/69 1570/64/71
f 1570/64/71 1612/66/96 1611/63/95
f 1612/67/96 1570/69/71 1551/68/52
f 1551/68/52 1613/70/97 1612/67/96
f 1581/71/48 1548/73/48 1547/72/47
f 1547/72/47 1580/74/47 1581/71/48
f 1613/75/97 1551/77/52 1552/76/53
f 1552/76/53 1614/78/98 1613/75/97
f 1584/79/39 1539/81/39 1548/80/48
f 1548/80/48 1581/82/48 1584/79/39
f 1614/83/98 1552/85/53 1550/84/51
f 1550/84/51 1615/86/99 1614/83/98
f 1585/87/37 1537/89/37 1539/88/39
f 1539/88/39 1584/90/39 1585/87/37
f 1615/91/99 1550/93/51 1554/92/55
f 1554/92/55 1616/94/100 1615/91/99
f 1588/95/82 1536/97/36 1537/96/37
f 1537/96/37 1585/98/37 1588/95/82
f 1616/99/100 1554/101/55 1555/100/56
f 1555/100/56 1617/102/101 1616/99/100
f 1589/103/35 1535/105/35 1536/104/36
f 1536/104/36 1588/106/82 1589/103/35
f 1617/107/101 1555/109/56 1556/108/57
f 1556/108/57 1618/110/102 1617/107/101
f 1592/111/34 1534/113/34 1535/112/35
f 1535/112/35 1589/114/35 1592/111/34
f 1618/115/102 1556/117/57 1557/116/58
f 1557/116/58 1619/118/103 1618/115/102
f 1593/119/85 1533/121/33 1534/120/34
f 1534/120/34 1592/122/34 1593/119/85
f 1619/123/103 1557/125/58 1558/124/59
f 1558/124/59 1620/126/104 1619/123/103
f 1596/127/32 1532/116/32 1533/128/33
f 1533/128/33 1593/129/85 1596/127/32
f 1620/130/104 1558/132/59 1559/131/60
f 1559/131/60 1621/133/105 1620/130/104
f 1598/134/31 1531/136/31 1532/135/32
f 1532/135/32 1596/137/32 1598/134/31
f 1621/138/105 1559/120/60 1560/139/61
f 1560/139/61 1622/140/106 1621/138/105
f 1599/141/29 1529/143/29 1531/142/31
f 1531/142/31 1598/144/31 1599/141/29
f 1622/145/106 1560/147/61 1561/146/62
f 1561/146/62 1623/148/107 1622/145/106
f 1602/149/27 1527/151/27 1529/150/29
f 1529/150/29 1599/152/29 1602/149/27
f 1623/153/107 1561/155/62 1562/154/63
f 1562/154/63 1624/156/108 1623/153/107
f 1604/157/28 1528/84/28 1527/158/27
f 1527/158/27 1602/159/27 1604/157/28
f 1624/160/108 1562/161/63 1563/81/64
f 1563/81/64 1625/162/109 1624/160/108
f 1605/163/40 1540/164/40 1528/93/28
f 1528/93/28 1604/165/28 1605/163/40
f 1625/166/109 1563/88/64 1564/167/65
f 1564/167/65 1626/168/110 1625/166/109
f 1608/169/41 1541/171/41 1540/170/40
f 1540/170/40 1605/172/40 1608/169/41
f 1626/173/110 1564/175/65 1566/174/67
f 1566/174/67 1627/176/111 1626/173/110
f 1609/177/42 1542/179/42 1541/178/41
f 1541/178/41 1608/180/41 1609/177/42
f 1627/181/111 1566/183/67 1565/182/66
f 1565/182/66 1628/184/112 1627/181/111
f 1577/185/75 1543/187/43 1542/186/42
f 1542/186/42 1609/188/42 1577/185/75
f 1628/189/112 1565/191/66 1567/190/68
f 1567/190/68 1629/192/113 1628/189/112
f 1575/193/44 1544/194/44 1543/65/43
f 1543/65/43 1577/195/75 1575/193/44
f 1629/196/113 1567/198/68 1569/197/70
f 1569/197/70 1630/199/114 1629/196/113
f 1572/200/45 1545/190/45 1544/201/44
f 1544/201/44 1575/202/44 1572/200/45
f 1630/203/114 1569/205/70 1568/204/69
f 1568/204/69 1611/206/95 1630/203/114
f 1573/207/46 1546/209/46 1545/208/45
f 1545/208/45 1572/210/45 1573/207/46
f 1614/211/98 1632/213/116 1631/212/115
f 1631/212/115 1613/214/97 1614/211/98
f 1613/215/97 1631/217/115 1633/216/117
f 1633/216/117 1612/218/96 1613/215/97
f 1612/219/96 1633/221/117 1634/220/118
f 1634/220/118 1611/222/95 1612/219/96
f 1611/223/95 1634/225/118 1635/224/119
f 1635/224/119 1630/226/114 1611/223/95
f 1630/223/114 1635/225/119 1636/224/120
f 1636/224/120 1629/226/113 1630/223/114
f 1629/227/113 1636/229/120 1637/228/121
f 1637/228/121 1628/230/112 1629/227/113
f 1628/231/112 1637/233/121 1638/232/122
f 1638/232/122 1627/234/111 1628/231/112
f 1627/235/111 1638/237/122 1639/236/123
f 1639/236/123 1626/238/110 1627/235/111
f 1626/223/110 1639/225/123 1640/224/124
f 1640/224/124 1625/226/109 1626/223/110
f 1625/223/109 1640/225/124 1641/224/125
f 1641/224/125 1624/226/108 1625/223/109
f 1624/239/108 1641/241/125 1642/240/126
f 1642/240/126 1623/242/107 1624/239/108
f 1623/243/107 1642/245/126 1643/244/127
f 1643/244/127 1622/246/106 1623/243/107
f 1622/247/106 1643/249/127 1644/248/128
f 1644/248/128 1621/250/105 1622/247/106
f 1621/223/105 1644/225/128 1645/224/129
f 1645/224/129 1620/226/104 1621/223/105
f 1620/223/104 1645/225/129 1646/224/130
f 1646/224/130 1619/226/103 1620/223/104
f 1619/251/103 1646/253/130 1647/252/131
f 1647/252/131 1618/254/102 1619/251/103
f 1618/255/102 1647/257/131 1648/256/132
f 1648/256/132 1617/258/101 1618/255/102
f 1617/259/101 1648/261/132 1649/260/133
f 1649/260/133 1616/262/100 1617/259/101
f 1616/223/100 1649/225/133 1650/224/134
f 1650/224/134 1615/226/99 1616/223/100
f 1615/223/99 1650/225/134 1632/224/116
f 1632/224/116 1614/226/98 1615/223/99
f 1650/263/134 1586/265/80 1579/264/77
f 1579/264/77 1632/266/116 1650/263/134
f 1632/263/116 1579/265/77 1582/264/78
f 1582/264/78 1631/266/115 1632/263/116
f 1631/263/115 1582/265/78 1571/264/72
f 1571/264/72 1633/266/117 1631/263/115
f 1633/263/117 1571/265/72 1574/264/73
f 1574/264/73 1634/266/118 1633/263/117
f 1634/263/118 1574/265/73 1576/264/74
f 1576/264/74 1635/266/119 1634/263/118
f 1635/263/119 1576/265/74 1578/264/76
f 1578/264/76 1636/266/120 1635/263/119
f 1636/263/120 1578/265/76 1610/264/94
f 1610/264/94 1637/266/121 1636/263/120
f 1637/263/121 1610/265/94 1607/264/93
f 1607/264/93 1638/266/122 1637/263/121
f 1638/263/122 1607/265/93 1603/264/91
f 1603/264/91 1639/266/123 1638/263/122
f 1639/263/123 1603/265/91 1606/264/92
f 1606/264/92 1640/266/124 1639/263/123
f 1640/263/124 1606/265/92 1601/264/90
f 1601/264/90 1641/266/125 1640/263/124
f 1641/263/125 1601/265/90 1597/264/88
f 1597/264/88 1642/266/126 1641/263/125
f 1642/263/126 1597/265/88 1600/264/89
f 1600/264/89 1643/266/127 1642/263/126
f 1643/263/127 1600/265/89 1595/264/87
f 1595/264/87 1644/266/128 1643/263/127
f 1644/263/128 1595/265/87 1591/264/84
f 1591/264/84 1645/266/129 1644/263/128
f 1645/263/129 1591/265/84 1594/264/86
f 1594/264/86 1646/266/130 1645/263/129
f 1646/263/130 1594/265/86 1587/264/81
f 1587/264/81 1647/266/131 1646/263/130
f 1647/263/131 1587/265/81 1590/264/83
f 1590/264/83 1648/266/132 1647/263/131
f 1648/263/132 1590/265/83 1583/264/79
f 1583/264/79 1649/266/133 1648/263/132
f 1649/263/133 1583/265/79 1586/264/80
f 1586/264/80 1650/266/134 1649/263/133
f 1658/9/8 1654/8/4 1655/11/5
f 1655/11/5 1659/10/9 1658/9/8
f 1670/14/20 1669/13/19 1667/16/17
f 1667/16/17 1699/12/50 1670/14/20
f 1673/10/23 1672/9/22 1656/17/6
f 1656/17/6 1674/11/136 1673/10/23
f 1676/10/26 1660/9/10 1655/11/5
f 1655/11/5 1656/11/6 1676/10/26
f 1677/18/27 1678/20/28 1669/19/19
f 1669/19/19 1670/21/20 1677/18/27
f 1679/22/29 1677/18/27 1670/21/20
f 1670/21/20 1680/23/30 1679/22/29
f 1681/24/31 1679/22/29 1680/23/30
f 1680/23/30 1666/25/16 1681/24/31
f 1682/26/32 1681/24/31 1666/25/16
f 1666/25/16 1663/27/13 1682/26/32
f 1683/28/33 1682/26/32 1663/27/13
f 1663/27/13 1664/29/14 1683/28/33
f 1684/30/34 1683/28/33 1664/29/14
f 1664/29/14 1665/31/15 1684/30/34
f 1685/32/35 1684/30/34 1665/31/15
f 1665/31/15 1661/33/11 1685/32/35
f 1686/34/36 1685/32/35 1661/33/11
f 1661/33/11 1662/35/12 1686/34/36
f 1687/36/37 1686/34/36 1662/35/12
f 1662/35/12 1688/37/38 1687/36/37
f 1689/38/39 1687/36/37 1688/37/38
f 1688/37/38 1657/39/7 1689/38/39
f 1668/37/18 1669/39/19 1678/38/28
f 1678/38/28 1690/36/40 1668/37/18
f 1675/35/25 1668/37/18 1690/36/40
f 1690/36/40 1691/34/41 1675/35/25
f 1673/33/23 1675/35/25 1691/34/41
f 1691/34/41 1692/32/42 1673/33/23
f 1672/31/22 1673/33/23 1692/32/42
f 1692/32/42 1693/30/43 1672/31/22
f 1671/29/21 1672/31/22 1693/30/43
f 1693/30/43 1694/28/44 1671/29/21
f 1676/27/26 1671/29/21 1694/28/44
f 1694/28/44 1695/26/45 1676/27/26
f 1660/25/10 1676/27/26 1695/26/45
f 1695/26/45 1696/24/46 1660/25/10
f 1659/23/9 1660/25/10 1696/24/46
f 1696/24/46 1697/22/47 1659/23/9
f 1658/21/8 1659/23/9 1697/22/47
f 1697/22/47 1698/18/48 1658/21/8
f 1657/19/7 1658/21/8 1698/18/48
f 1698/18/48 1689/20/39 1657/19/7
f 1703/3/54 1700/49/51 1701/44/52
f 1701/44/52 1718/53/69 1703/3/54
f 1715/52/66 1714/4/65 1713/41/64
f 1713/41/64 1703/3/54 1715/52/66
f 1654/8/4 1657/54/7 1688/13/38
f 1688/13/38 1652/8/49 1654/8/4
f 1652/12/49 1688/14/38 1662/13/12
f 1662/13/12 1652/11/135 1652/12/49
f 1652/12/135 1665/14/15 1664/13/14
f 1664/13/14 1651/11/1 1652/12/135
f 1651/12/1 1666/14/16 1680/13/30
f 1680/13/30 1699/11/50 1651/12/1
f 1667/11/17 1668/10/18 1675/9/25
f 1675/9/25 1674/17/136 1667/11/17
f 1721/55/72 1723/57/46 1722/56/45
f 1722/56/45 1724/58/73 1721/55/72
f 1724/55/73 1722/57/45 1725/56/44
f 1725/56/44 1726/58/74 1724/55/73
f 1726/55/74 1725/57/44 1727/56/75
f 1727/56/75 1728/58/76 1726/55/74
f 1729/55/77 1731/57/48 1730/56/47
f 1730/56/47 1732/58/78 1729/55/77
f 1732/55/78 1730/57/47 1723/56/46
f 1723/56/46 1721/58/72 1732/55/78
f 1733/55/79 1735/57/37 1734/56/39
f 1734/56/39 1736/58/80 1733/55/79
f 1736/55/80 1734/57/39 1731/56/48
f 1731/56/48 1729/58/77 1736/55/80
f 1737/55/81 1739/57/35 1738/56/82
f 1738/56/82 1740/58/83 1737/55/81
f 1740/55/83 1738/57/82 1735/56/37
f 1735/56/37 1733/58/79 1740/55/83
f 1741/55/84 1743/57/85 1742/56/34
f 1742/56/34 1744/58/86 1741/55/84
f 1744/55/86 1742/57/34 1739/56/35
f 1739/56/35 1737/58/81 1744/55/86
f 1745/55/87 1746/57/32 1743/56/85
f 1743/56/85 1741/58/84 1745/55/87
f 1747/55/88 1749/57/29 1748/56/31
f 1748/56/31 1750/58/89 1747/55/88
f 1750/55/89 1748/57/31 1746/56/32
f 1746/56/32 1745/58/87 1750/55/89
f 1751/55/90 1752/57/27 1749/56/29
f 1749/56/29 1747/58/88 1751/55/90
f 1753/55/91 1755/57/40 1754/56/28
f 1754/56/28 1756/58/92 1753/55/91
f 1756/55/92 1754/57/28 1752/56/27
f 1752/56/27 1751/58/90 1756/55/92
f 1757/55/93 1758/57/41 1755/56/40
f 1755/56/40 1753/58/91 1757/55/93
f 1728/55/76 1727/57/75 1759/56/42
f 1759/56/42 1760/58/94 1728/55/76
f 1760/55/94 1759/57/42 1758/56/41
f 1758/56/41 1757/58/93 1760/55/94
f 1730/59/47 1697/61/47 1696/60/46
f 1696/60/46 1723/62/46 1730/59/47
f 1761/63/95 1718/65/69 1720/64/71
f 1720/64/71 1762/66/96 1761/63/95
f 1762/67/96 1720/69/71 1701/68/52
f 1701/68/52 1763/70/97 1762/67/96
f 1731/71/48 1698/73/48 1697/72/47
f 1697/72/47 1730/74/47 1731/71/48
f 1763/75/97 1701/77/52 1702/76/53
f 1702/76/53 1764/78/98 1763/75/97
f 1734/79/39 1689/81/39 1698/80/48
f 1698/80/48 1731/82/48 1734/79/39
f 1764/83/98 1702/85/53 1700/84/51
f 1700/84/51 1765/86/99 1764/83/98
f 1735/87/37 1687/89/37 1689/88/39
f 1689/88/39 1734/90/39 1735/87/37
f 1765/91/99 1700/93/51 1704/92/55
f 1704/92/55 1766/94/100 1765/91/99
f 1738/95/82 1686/97/36 1687/96/37
f 1687/96/37 1735/98/37 1738/95/82
f 1766/99/100 1704/101/55 1705/100/56
f 1705/100/56 1767/102/101 1766/99/100
f 1739/103/35 1685/105/35 1686/104/36
f 1686/104/36 1738/106/82 1739/103/35
f 1767/107/101 1705/109/56 1706/108/57
f 1706/108/57 1768/110/102 1767/107/101
f 1742/111/34 1684/113/34 1685/112/35
f 1685/112/35 1739/114/35 1742/111/34
f 1768/115/102 1706/117/57 1707/116/58
f 1707/116/58 1769/118/103 1768/115/102
f 1743/119/85 1683/121/33 1684/120/34
f 1684/120/34 1742/122/34 1743/119/85
f 1769/123/103 1707/125/58 1708/124/59
f 1708/124/59 1770/126/104 1769/123/103
f 1746/127/32 1682/116/32 1683/128/33
f 1683/128/33 1743/129/85 1746/127/32
f 1770/130/104 1708/132/59 1709/131/60
f 1709/131/60 1771/133/105 1770/130/104
f 1748/134/31 1681/136/31 1682/135/32
f 1682/135/32 1746/137/32 1748/134/31
f 1771/138/105 1709/120/60 1710/139/61
f 1710/139/61 1772/140/106 1771/138/105
f 1749/141/29 1679/143/29 1681/142/31
f 1681/142/31 1748/144/31 1749/141/29
f 1772/145/106 1710/147/61 1711/146/62
f 1711/146/62 1773/148/107 1772/145/106
f 1752/149/27 1677/151/27 1679/150/29
f 1679/150/29 1749/152/29 1752/149/27
f 1773/153/107 1711/155/62 1712/154/63
f 1712/154/63 1774/156/108 1773/153/107
f 1754/157/28 1678/84/28 1677/158/27
f 1677/158/27 1752/159/27 1754/157/28
f 1774/160/108 1712/161/63 1713/81/64
f 1713/81/64 1775/162/109 1774/160/108
f 1755/163/40 1690/164/40 1678/93/28
f 1678/93/28 1754/165/28 1755/163/40
f 1775/166/109 1713/88/64 1714/167/65
f 1714/167/65 1776/168/110 1775/166/109
f 1758/169/41 1691/171/41 1690/170/40
f 1690/170/40 1755/172/40 1758/169/41
f 1776/173/110 1714/175/65 1716/174/67
f 1716/174/67 1777/176/111 1776/173/110
f 1759/177/42 1692/179/42 1691/178/41
f 1691/178/41 1758/180/41 1759/177/42
f 1777/181/111 1716/183/67 1715/182/66
f 1715/182/66 1778/184/112 1777/181/111
f 1727/185/75 1693/187/43 1692/186/42
f 1692/186/42 1759/188/42 1727/185/75
f 1778/189/112 1715/191/66 1717/190/68
f 1717/190/68 1779/192/113 1778/189/112
f 1725/193/44 1694/194/44 1693/65/43
f 1693/65/43 1727/195/75 1725/193/44
f 1779/196/113 1717/198/68 1719/197/70
f 1719/197/70 1780/199/114 1779/196/113
f 1722/200/45 1695/190/45 1694/201/44
f 1694/201/44 1725/202/44 1722/200/45
f 1780/203/114 1719/205/70 1718/204/69
f 1718/204/69 1761/206/95 1780/203/114
f 1723/207/46 1696/209/46 1695/208/45
f 1695/208/45 1722/210/45 1723/207/46
f 1764/211/98 1782/213/116 1781/212/115
f 1781/212/115 1763/214/97 1764/211/98
f 1763/215/97 1781/217/115 1783/216/117
f 1783/216/117 1762/218/96 1763/215/97
f 1762/219/96 1783/221/117 1784/220/118
f 1784/220/118 1761/222/95 1762/219/96
f 1761/223/95 1784/225/118 1785/224/119
f 1785/224/119 1780/226/114 1761/223/95
f 1780/223/114 1785/225/119 1786/224/120
f 1786/224/120 1779/226/113 1780/223/114
f 1779/227/113 1786/229/120 1787/228/121
f 1787/228/121 1778/230/112 1779/227/113
f 1778/231/112 1787/233/121 1788/232/122
f 1788/232/122 1777/234/111 1778/231/112
f 1777/235/111 1788/237/122 1789/236/123
f 1789/236/123 1776/238/110 1777/235/111
f 1776/223/110 1789/225/123 1790/224/124
f 1790/224/124 1775/226/109 1776/223/110
f 1775/223/109 1790/225/124 1791/224/125
f 1791/224/125 1774/226/108 1775/223/109
f 1774/239/108 1791/241/125 1792/240/126
f 1792/240/126 1773/242/107 1774/239/108
f 1773/243/107 1792/245/126 1793/244/127
f 1793/244/127 1772/246/106 1773/243/107
f 1772/247/106 1793/249/127 1794/248/128
f 1794/248/128 1771/250/105 1772/247/106
f 1771/223/105 1794/225/128 1795/224/129
f 1795/224/129 1770/226/104 1771/223/105
f 1770/223/104 1795/225/129 1796/224/130
f 1796/224/130 1769/226/103 1770/223/104
f 1769/251/103 1796/253/130 1797/252/131
f 1797/252/131 1768/254/102 1769/251/103
f 1768/255/102 1797/257/131 1798/256/132
f 1798/256/132 1767/258/101 1768/255/102
f 1767/259/101 1798/261/132 1799/260/133
f 1799/260/133 1766/262/100 1767/259/101
f 1766/223/100 1799/225/133 1800/224/134
f 1800/224/134 1765/226/99 1766/223/100
f 1765/223/99 1800/225/134 1782/224/116
f 1782/224/116 1764/226/98 1765/223/99
f 1800/263/134 1736/265/80 1729/264/77
f 1729/264/77 1782/266/116 1800/263/134
f 1782/263/116 1729/265/77 1732/264/78
f 1732/264/78 1781/266/115 1782/263/116
f 1781/263/115 1732/265/78 1721/264/72
f 1721/264/72 1783/266/117 1781/263/115
f 1783/263/117 1721/265/72 1724/264/73
f 1724/264/73 1784/266/118 1783/263/117
f 1784/263/118 1724/265/73 1726/264/74
f 1726/264/74 1785/266/119 1784/263/118
f 1785/263/119 1726/265/74 1728/264/76
f 1728/264/76 1786/266/120 1785/263/119
f 1786/263/120 1728/265/76 1760/264/94
f 1760/264/94 1787/266/121 1786/263/120
f 1787/263/121 1760/265/94 1757/264/93
f 1757/264/93 1788/266/122 1787/263/121
f 1788/263/122 1757/265/93 1753/264/91
f 1753/264/91 1789/266/123 1788/263/122
f 1789/263/123 1753/265/91 1756/264/92
f 1756/264/92 1790/266/124 1789/263/123
f 1790/263/124 1756/265/92 1751/264/90
f 1751/264/90 1791/266/125 1790/263/124
f 1791/263/125 1751/265/90 1747/264/88
f 1747/264/88 1792/266/126 1791/263/125
f 1792/263/126 1747/265/88 1750/264/89
f 1750/264/89 1793/266/127 1792/263/126
f 1793/263/127 1750/265/89 1745/264/87
f 1745/264/87 1794/266/128 1793/263/127
f 1794/263/128 1745/265/87 1741/264/84
f 1741/264/84 1795/266/129 1794/263/128
f 1795/263/129 1741/265/84 1744/264/86
f 1744/264/86 1796/266/130 1795/263/129
f 1796/263/130 1744/265/86 1737/264/81
f 1737/264/81 1797/266/131 1796/263/130
f 1797/263/131 1737/265/81 1740/264/83
f 1740/264/83 1798/266/132 1797/263/131
f 1798/263/132 1740/265/83 1733/264/79
f 1733/264/79 1799/266/133 1798/263/132
f 1799/263/133 1733/265/79 1736/264/80
f 1736/264/80 1800/266/134 1799/263/133
f 1808/9/8 1804/8/4 1805/11/5
f 1805/11/5 1809/10/9 1808/9/8
f 1820/14/20 1819/13/19 1817/16/17
f 1817/16/17 1849/12/50 1820/14/20
f 1823/10/23 1822/9/22 1806/17/6
f 1806/17/6 1824/11/24 1823/10/23
f 1826/10/26 1810/9/10 1805/11/5
f 1805/11/5 1806/11/6 1826/10/26
f 1827/18/27 1828/20/28 1819/19/19
f 1819/19/19 1820/21/20 1827/18/27
f 1829/22/29 1827/18/27 1820/21/20
f 1820/21/20 1830/23/30 1829/22/29
f 1831/24/31 1829/22/29 1830/23/30
f 1830/23/30 1816/25/16 1831/24/31
f 1832/26/32 1831/24/31 1816/25/16
f 1816/25/16 1813/27/13 1832/26/32
f 1833/28/33 1832/26/32 1813/27/13
f 1813/27/13 1814/29/14 1833/28/33
f 1834/30/34 1833/28/33 1814/29/14
f 1814/29/14 1815/31/15 1834/30/34
f 1835/32/35 1834/30/34 1815/31/15
f 1815/31/15 1811/33/11 1835/32/35
f 1836/34/36 1835/32/35 1811/33/11
f 1811/33/11 1812/35/12 1836/34/36
f 1837/36/37 1836/34/36 1812/35/12
f 1812/35/12 1838/37/38 1837/36/37
f 1839/38/39 1837/36/37 1838/37/38
f 1838/37/38 1807/39/7 1839/38/39
f 1818/37/18 1819/39/19 1828/38/28
f 1828/38/28 1840/36/40 1818/37/18
f 1825/35/25 1818/37/18 1840/36/40
f 1840/36/40 1841/34/41 1825/35/25
f 1823/33/23 1825/35/25 1841/34/41
f 1841/34/41 1842/32/42 1823/33/23
f 1822/31/22 1823/33/23 1842/32/42
f 1842/32/42 1843/30/43 1822/31/22
f 1821/29/21 1822/31/22 1843/30/43
f 1843/30/43 1844/28/44 1821/29/21
f 1826/27/26 1821/29/21 1844/28/44
f 1844/28/44 1845/26/45 1826/27/26
f 1810/25/10 1826/27/26 1845/26/45
f 1845/26/45 1846/24/46 1810/25/10
f 1809/23/9 1810/25/10 1846/24/46
f 1846/24/46 1847/22/47 1809/23/9
f 1808/21/8 1809/23/9 1847/22/47
f 1847/22/47 1848/18/48 1808/21/8
f 1807/19/7 1808/21/8 1848/18/48
f 1848/18/48 1839/20/39 1807/19/7
f 1853/3/54 1850/49/51 1851/44/52
f 1851/44/52 1868/53/69 1853/3/54
f 1865/52/66 1864/4/65 1863/41/64
f 1863/41/64 1853/3/54 1865/52/66
f 1804/8/4 1807/54/7 1838/13/38
f 1838/13/38 1802/8/49 1804/8/4
f 1802/12/49 1838/14/38 1812/13/12
f 1812/13/12 1802/11/2 1802/12/49
f 1802/12/2 1815/14/15 1814/13/14
f 1814/13/14 1801/11/1 1802/12/2
f 1801/12/1 1816/14/16 1830/13/30
f 1830/13/30 1849/11/50 1801/12/1
f 1817/11/17 1818/10/18 1825/9/25
f 1825/9/25 1824/17/24 1817/11/17
f 1871/55/72 1873/57/46 1872/56/45
f 1872/56/45 1874/58/73 1871/55/72
f 1874/55/73 1872/57/45 1875/56/44
f 1875/56/44 1876/58/74 1874/55/73
f 1876/55/74 1875/57/44 1877/56/75
f 1877/56/75 1878/58/76 1876/55/74
f 1879/55/77 1881/57/48 1880/56/47
f 1880/56/47 1882/58/78 1879/55/77
f 1882/55/78 1880/57/47 1873/56/46
f 1873/56/46 1871/58/72 1882/55/78
f 1883/55/79 1885/57/37 1884/56/39
f 1884/56/39 1886/58/80 1883/55/79
f 1886/55/80 1884/57/39 1881/56/48
f 1881/56/48 1879/58/77 1886/55/80
f 1887/55/81 1889/57/35 1888/56/82
f 1888/56/82 1890/58/83 1887/55/81
f 1890/55/83 1888/57/82 1885/56/37
f 1885/56/37 1883/58/79 1890/55/83
f 1891/55/84 1893/57/85 1892/56/34
f 1892/56/34 1894/58/86 1891/55/84
f 1894/55/86 1892/57/34 1889/56/35
f 1889/56/35 1887/58/81 1894/55/86
f 1895/55/87 1896/57/32 1893/56/85
f 1893/56/85 1891/58/84 1895/55/87
f 1897/55/88 1899/57/29 1898/56/31
f 1898/56/31 1900/58/89 1897/55/88
f 1900/55/89 1898/57/31 1896/56/32
f 1896/56/32 1895/58/87 1900/55/89
f 1901/55/90 1902/57/27 1899/56/29
f 1899/56/29 1897/58/88 1901/55/90
f 1903/55/91 1905/57/40 1904/56/28
f 1904/56/28 1906/58/92 1903/55/91
f 1906/55/92 1904/57/28 1902/56/27
f 1902/56/27 1901/58/90 1906/55/92
f 1907/55/93 1908/57/41 1905/56/40
f 1905/56/40 1903/58/91 1907/55/93
f 1878/55/76 1877/57/75 1909/56/42
f 1909/56/42 1910/58/94 1878/55/76
f 1910/55/94 1909/57/42 1908/56/41
f 1908/56/41 1907/58/93 1910/55/94
f 1880/59/47 1847/61/47 1846/60/46
f 1846/60/46 1873/62/46 1880/59/47
f 1911/63/95 1868/65/69 1870/64/71
f 1870/64/71 1912/66/96 1911/63/95
f 1912/67/96 1870/69/71 1851/68/52
f 1851/68/52 1913/70/97 1912/67/96
f 1881/71/48 1848/73/48 1847/72/47
f 1847/72/47 1880/74/47 1881/71/48
f 1913/75/97 1851/77/52 1852/76/53
f 1852/76/53 1914/78/98 1913/75/97
f 1884/79/39 1839/81/39 1848/80/48
f 1848/80/48 1881/82/48 1884/79/39
f 1914/83/98 1852/85/53 1850/84/51
f 1850/84/51 1915/86/99 1914/83/98
f 1885/87/37 1837/89/37 1839/88/39
f 1839/88/39 1884/90/39 1885/87/37
f 1915/91/99 1850/93/51 1854/92/55
f 1854/92/55 1916/94/100 1915/91/99
f 1888/95/82 1836/97/36 1837/96/37
f 1837/96/37 1885/98/37 1888/95/82
f 1916/99/100 1854/101/55 1855/100/56
f 1855/100/56 1917/102/101 1916/99/100
f 1889/103/35 1835/105/35 1836/104/36
f 1836/104/36 1888/106/82 1889/103/35
f 1917/107/101 1855/109/56 1856/108/57
f 1856/108/57 1918/110/102 1917/107/101
f 1892/111/34 1834/113/34 1835/112/35
f 1835/112/35 1889/114/35 1892/111/34
f 1918/115/102 1856/117/57 1857/116/58
f 1857/116/58 1919/118/103 1918/115/102
f 1893/119/85 1833/121/33 1834/120/34
f 1834/120/34 1892/122/34 1893/119/85
f 1919/123/103 1857/125/58 1858/124/59
f 1858/124/59 1920/126/104 1919/123/103
f 1896/127/32 1832/116/32 1833/128/33
f 1833/128/33 1893/129/85 1896/127/32
f 1920/130/104 1858/132/59 1859/131/60
f 1859/131/60 1921/133/105 1920/130/104
f 1898/134/31 1831/136/31 1832/135/32
f 1832/135/32 1896/137/32 1898/134/31
f 1921/138/105 1859/120/60 1860/139/61
f 1860/139/61 1922/140/106 1921/138/105
f 1899/141/29 1829/143/29 1831/142/31
f 1831/142/31 1898/144/31 1899/141/29
f 1922/145/106 1860/147/61 1861/146/62
f 1861/146/62 1923/148/107 1922/145/106
f 1902/149/27 1827/151/27 1829/150/29
f 1829/150/29 1899/152/29 1902/149/27
f 1923/153/107 1861/155/62 1862/154/63
f 1862/154/63 1924/156/108 1923/153/107
f 1904/157/28 1828/84/28 1827/158/27
f 1827/158/27 1902/159/27 1904/157/28
f 1924/160/108 1862/161/63 1863/81/64
f 1863/81/64 1925/162/109 1924/160/108
f 1905/163/40 1840/164/40 1828/93/28
f 1828/93/28 1904/165/28 1905/163/40
f 1925/166/109 1863/88/64 1864/167/65
f 1864/167/65 1926/168/110 1925/166/109
f 1908/169/41 1841/171/41 1840/170/40
f 1840/170/40 1905/172/40 1908/169/41
f 1926/173/110 1864/175/65 1866/174/67
f 1866/174/67 1927/176/111 1926/173/110
f 1909/177/42 1842/179/42 1841/178/41
f 1841/178/41 1908/180/41 1909/177/42
f 1927/181/111 1866/183/67 1865/182/66
f 1865/182/66 1928/184/112 1927/181/111
f 1877/185/75 1843/187/43 1842/186/42
f 1842/186/42 1909/188/42 1877/185/75
f 1928/189/112 1865/191/66 1867/190/68
f 1867/190/68 1929/192/113 1928/189/112
f 1875/193/44 1844/194/44 1843/65/43
f 1843/65/43 1877/195/75 1875/193/44
f 1929/196/113 1867/198/68 1869/197/70
f 1869/197/70 1930/199/114 1929/196/113
f 1872/200/45 1845/190/45 1844/201/44
f 1844/201/44 1875/202/44 1872/200/45
f 1930/203/114 1869/205/70 1868/204/69
f 1868/204/69 1911/206/95 1930/203/114
f 1873/207/46 1846/209/46 1845/208/45
f 1845/208/45 1872/210/45 1873/207/46
f 1914/211/98 1932/213/116 1931/212/115
f 1931/212/115 1913/214/97 1914/211/98
f 1913/215/97 1931/217/115 1933/216/117
f 1933/216/117 1912/218/96 1913/215/97
f 1912/219/96 1933/221/117 1934/220/118
f 1934/220/118 1911/222/95 1912/219/96
f 1911/223/95 1934/225/118 1935/224/119
f 1935/224/119 1930/226/114 1911/223/95
f 1930/223/114 1935/225/119 1936/224/120
f 1936/224/120 1929/226/113 1930/223/114
f 1929/227/113 1936/229/120 1937/228/121
f 1937/228/121 1928/230/112 1929/227/113
f 1928/231/112 1937/233/121 1938/232/122
f 1938/232/122 1927/234/111 1928/231/112
f 1927/235/111 1938/237/122 1939/236/123
f 1939/236/123 1926/238/110 1927/235/111
f 1926/223/110 1939/225/123 1940/224/124
f 1940/224/124 1925/226/109 1926/223/110
f 1925/223/109 1940/225/124 1941/224/125
f 1941/224/125 1924/226/108 1925/223/109
f 1924/239/108 1941/241/125 1942/240/126
f 1942/240/126 1923/242/107 1924/239/108
f 1923/243/107 1942/245/126 1943/244/127
f 1943/244/127 1922/246/106 1923/243/107
f 1922/247/106 1943/249/127 1944/248/128
f 1944/248/128 1921/250/105 1922/247/106
f 1921/223/105 1944/225/128 1945/224/129
f 1945/224/129 1920/226/104 1921/223/105
f 1920/223/104 1945/225/129 1946/224/130
f 1946/224/130 1919/226/103 1920/223/104
f 1919/251/103 1946/253/130 1947/252/131
f 1947/252/131 1918/254/102 1919/251/103
f 1918/255/102 1947/257/131 1948/256/132
f 1948/256/132 1917/258/101 1918/255/102
f 1917/259/101 1948/261/132 1949/260/133
f 1949/260/133 1916/262/100 1917/259/101
f 1916/223/100 1949/225/133 1950/224/134
f 1950/224/134 1915/226/99 1916/223/100
f 1915/223/99 1950/225/134 1932/224/116
f 1932/224/116 1914/226/98 1915/223/99
f 1950/263/134 1886/265/80 1879/264/77
f 1879/264/77 1932/266/116 1950/263/134
f 1932/263/116 1879/265/77 1882/264/78
f 1882/264/78 1931/266/115 1932/263/116
f 1931/263/115 1882/265/78 1871/264/72
f 1871/264/72 1933/266/117 1931/263/115
f 1933/263/117 1871/265/72 1874/264/73
f 1874/264/73 1934/266/118 1933/263/117
f 1934/263/118 1874/265/73 1876/264/74
f 1876/264/74 1935/266/119 1934/263/118
f 1935/263/119 1876/265/74 1878/264/76
f 1878/264/76 1936/266/120 1935/263/119
f 1936/263/120 1878/265/76 1910/264/94
f 1910/264/94 1937/266/121 1936/263/120
f 1937/263/121 1910/265/94 1907/264/93
f 1907/264/93 1938/266/122 1937/263/121
f 1938/263/122 1907/265/93 1903/264/91
f 1903/264/91 1939/266/123 1938/263/122
f 1939/263/123 1903/265/91 1906/264/92
f 1906/264/92 1940/266/124 1939/263/123
f 1940/263/124 1906/265/92 1901/264/90
f 1901/264/90 1941/266/125 1940/263/124
f 1941/263/125 1901/265/90 1897/264/88
f 1897/264/88 1942/266/126 1941/263/125
f 1942/263/126 1897/265/88 1900/264/89
f 1900/264/89 1943/266/127 1942/263/126
f 1943/263/127 1900/265/89 1895/264/87
f 1895/264/87 1944/266/128 1943/263/127
f 1944/263/128 1895/265/87 1891/264/84
f 1891/264/84 1945/266/129 1944/263/128
f 1945/263/129 1891/265/84 1894/264/86
f 1894/264/86 1946/266/130 1945/263/129
f 1946/263/130 1894/265/86 1887/264/81
f 1887/264/81 1947/266/131 1946/263/130
f 1947/263/131 1887/265/81 1890/264/83
f 1890/264/83 1948/266/132 1947/263/131
f 1948/263/132 1890/265/83 1883/264/79
f 1883/264/79 1949/266/133 1948/263/132
f 1949/263/133 1883/265/79 1886/264/80
f 1886/264/80 1950/266/134 1949/263/133
f 1958/9/8 1954/8/4 1955/11/5
f 1955/11/5 1959/10/9 1958/9/8
f 1970/14/20 1969/13/19 1967/16/17
f 1967/16/17 1999/12/50 1970/14/20
f 1973/10/23 1972/9/22 1956/17/6
f 1956/17/6 1974/11/24 1973/10/23
f 1976/10/26 1960/9/10 1955/11/5
f 1955/11/5 1956/11/6 1976/10/26
f 1977/18/27 1978/20/28 1969/19/19
f 1969/19/19 1970/21/20 1977/18/27
f 1979/22/29 1977/18/27 1970/21/20
f 1970/21/20 1980/23/30 1979/22/29
f 1981/24/31 1979/22/29 1980/23/30
f 1980/23/30 1966/25/16 1981/24/31
f 1982/26/32 1981/24/31 1966/25/16
f 1966/25/16 1963/27/13 1982/26/32
f 1983/28/33 1982/26/32 1963/27/13
f 1963/27/13 1964/29/14 1983/28/33
f 1984/30/34 1983/28/33 1964/29/14
f 1964/29/14 1965/31/15 1984/30/34
f 1985/32/35 1984/30/34 1965/31/15
f 1965/31/15 1961/33/11 1985/32/35
f 1986/34/36 1985/32/35 1961/33/11
f 1961/33/11 1962/35/12 1986/34/36
f 1987/36/37 1986/34/36 1962/35/12
f 1962/35/12 1988/37/38 1987/36/37
f 1989/38/39 1987/36/37 1988/37/38
f 1988/37/38 1957/39/7 1989/38/39
f 1968/37/18 1969/39/19 1978/38/28
f 1978/38/28 1990/36/40 1968/37/18
f 1975/35/25 1968/37/18 1990/36/40
f 1990/36/40 1991/34/41 1975/35/25
f 1973/33/23 1975/35/25 1991/34/41
f 1991/34/41 1992/32/42 1973/33/23
f 1972/31/22 1973/33/23 1992/32/42
f 1992/32/42 1993/30/43 1972/31/22
f 1971/29/21 1972/31/22 1993/30/43
f 1993/30/43 1994/28/44 1971/29/21
f 1976/27/26 1971/29/21 1994/28/44
f 1994/28/44 1995/26/45 1976/27/26
f 1960/25/10 1976/27/26 1995/26/45
f 1995/26/45 1996/24/46 1960/25/10
f 1959/23/9 1960/25/10 1996/24/46
f 1996/24/46 1997/22/47 1959/23/9
f 1958/21/8 1959/23/9 1997/22/47
f 1997/22/47 1998/18/48 1958/21/8
f 1957/19/7 1958/21/8 1998/18/48
f 1998/18/48 1989/20/39 1957/19/7
f 2003/3/54 2000/49/51 2001/44/52
f 2001/44/52 2018/53/69 2003/3/54
f 2015/52/66 2014/4/65 2013/41/64
f 2013/41/64 2003/3/54 2015/52/66
f 1954/8/4 1957/54/7 1988/13/38
f 1988/13/38 1952/8/49 1954/8/4
f 1952/12/49 1988/14/38 1962/13/12
f 1962/13/12 1952/11/2 1952/12/49
f 1952/12/2 1965/14/15 1964/13/14
f 1964/13/14 1951/11/1 1952/12/2
f 1951/12/1 1966/14/16 1980/13/30
f 1980/13/30 1999/11/50 1951/12/1
f 1967/11/17 1968/10/18 1975/9/25
f 1975/9/25 1974/17/24 1967/11/17
f 2021/55/72 2023/57/46 2022/56/45
f 2022/56/45 2024/58/73 2021/55/72
f 2024/55/73 2022/57/45 2025/56/44
f 2025/56/44 2026/58/74 2024/55/73
f 2026/55/74 2025/57/44 2027/56/75
f 2027/56/75 2028/58/76 2026/55/74
f 2029/55/77 2031/57/48 2030/56/47
f 2030/56/47 2032/58/78 2029/55/77
f 2032/55/78 2030/57/47 2023/56/46
f 2023/56/46 2021/58/72 2032/55/78
f 2033/55/79 2035/57/37 2034/56/39
f 2034/56/39 2036/58/80 2033/55/79
f 2036/55/80 2034/57/39 2031/56/48
f 2031/56/48 2029/58/77 2036/55/80
f 2037/55/81 2039/57/35 2038/56/82
f 2038/56/82 2040/58/83 2037/55/81
f 2040/55/83 2038/57/82 2035/56/37
f 2035/56/37 2033/58/79 2040/55/83
f 2041/55/84 2043/57/85 2042/56/34
f 2042/56/34 2044/58/86 2041/55/84
f 2044/55/86 2042/57/34 2039/56/35
f 2039/56/35 2037/58/81 2044/55/86
f 2045/55/87 2046/57/32 2043/56/85
f 2043/56/85 2041/58/84 2045/55/87
f 2047/55/88 2049/57/29 2048/56/31
f 2048/56/31 2050/58/89 2047/55/88
f 2050/55/89 2048/57/31 2046/56/32
f 2046/56/32 2045/58/87 2050/55/89
f 2051/55/90 2052/57/27 2049/56/29
f 2049/56/29 2047/58/88 2051/55/90
f 2053/55/91 2055/57/40 2054/56/28
f 2054/56/28 2056/58/92 2053/55/91
f 2056/55/92 2054/57/28 2052/56/27
f 2052/56/27 2051/58/90 2056/55/92
f 2057/55/93 2058/57/41 2055/56/40
f 2055/56/40 2053/58/91 2057/55/93
f 2028/55/76 2027/57/75 2059/56/42
f 2059/56/42 2060/58/94 2028/55/76
f 2060/55/94 2059/57/42 2058/56/41
f 2058/56/41 2057/58/93 2060/55/94
f 2030/59/47 1997/61/47 1996/60/46
f 1996/60/46 2023/62/46 2030/59/47
f 2061/63/95 2018/65/69 2020/64/71
f 2020/64/71 2062/66/96 2061/63/95
f 2062/67/96 2020/69/71 2001/68/52
f 2001/68/52 2063/70/97 2062/67/96
f 2031/71/48 1998/73/48 1997/72/47
f 1997/72/47 2030/74/47 2031/71/48
f 2063/75/97 2001/77/52 2002/76/53
f 2002/76/53 2064/78/98 2063/75/97
f 2034/79/39 1989/81/39 1998/80/48
f 1998/80/48 2031/82/48 2034/79/39
f 2064/83/98 2002/85/53 2000/84/51
f 2000/84/51 2065/86/99 2064/83/98
f 2035/87/37 1987/89/37 1989/88/39
f 1989/88/39 2034/90/39 2035/87/37
f 2065/91/99 2000/93/51 2004/92/55
f 2004/92/55 2066/94/100 2065/91/99
f 2038/95/82 1986/97/36 1987/96/37
f 1987/96/37 2035/98/37 2038/95/82
f 2066/99/100 2004/101/55 2005/100/56
f 2005/100/56 2067/102/101 2066/99/100
f 2039/103/35 1985/105/35 1986/104/36
f 1986/104/36 2038/106/82 2039/103/35
f 2067/107/101 2005/109/56 2006/108/57
f 2006/108/57 2068/110/102 2067/107/101
f 2042/111/34 1984/113/34 1985/112/35
f 1985/112/35 2039/114/35 2042/111/34
f 2068/115/102 2006/117/57 2007/116/58
f 2007/116/58 2069/118/103 2068/115/102
f 2043/119/85 1983/121/33 1984/120/34
f 1984/120/34 2042/122/34 2043/119/85
f 2069/123/103 2007/125/58 2008/124/59
f 2008/124/59 2070/126/104 2069/123/103
f 2046/127/32 1982/116/32 1983/128/33
f 1983/128/33 2043/129/85 2046/127/32
f 2070/130/104 2008/132/59 2009/131/60
f 2009/131/60 2071/133/105 2070/130/104
f 2048/134/31 1981/136/31 1982/135/32
f 1982/135/32 2046/137/32 2048/134/31
f 2071/138/105 2009/120/60 2010/139/61
f 2010/139/61 2072/140/106 2071/138/105
f 2049/141/29 1979/143/29 1981/142/31
f 1981/142/31 2048/144/31 2049/141/29
f 2072/145/106 2010/147/61 2011/146/62
f 2011/146/62 2073/148/107 2072/145/106
f 2052/149/27 1977/151/27 1979/150/29
f 1979/150/29 2049/152/29 2052/149/27
f 2073/153/107 2011/155/62 2012/154/63
f 2012/154/63 2074/156/108 2073/153/107
f 2054/157/28 1978/84/28 1977/158/27
f 1977/158/27 2052/159/27 2054/157/28
f 2074/160/108 2012/161/63 2013/81/64
f 2013/81/64 2075/162/109 2074/160/108
f 2055/163/40 1990/164/40 1978/93/28
f 1978/93/28 2054/165/28 2055/163/40
f 2075/166/109 2013/88/64 2014/167/65
f 2014/167/65 2076/168/110 2075/166/109
f 2058/169/41 1991/171/41 1990/170/40
f 1990/170/40 2055/172/40 2058/169/41
f 2076/173/110 2014/175/65 2016/174/67
f 2016/174/67 2077/176/111 2076/173/110
f 2059/177/42 1992/179/42 1991/178/41
f 1991/178/41 2058/180/41 2059/177/42
f 2077/181/111 2016/183/67 2015/182/66
f 2015/182/66 2078/184/112 2077/181/111
f 2027/185/75 1993/187/43 1992/186/42
f 1992/186/42 2059/188/42 2027/185/75
f 2078/189/112 2015/191/66 2017/190/68
f 2017/190/68 2079/192/113 2078/189/112
f 2025/193/44 1994/194/44 1993/65/43
f 1993/65/43 2027/195/75 2025/193/44
f 2079/196/113 2017/198/68 2019/197/70
f 2019/197/70 2080/199/114 2079/196/113
f 2022/200/45 1995/190/45 1994/201/44
f 1994/201/44 2025/202/44 2022/200/45
f 2080/203/114 2019/205/70 2018/204/69
f 2018/204/69 2061/206/95 2080/203/114
f 2023/207/46 1996/209/46 1995/208/45
f 1995/208/45 2022/210/45 2023/207/46
f 2064/211/98 2082/213/116 2081/212/115
f 2081/212/115 2063/214/97 2064/211/98
f 2063/215/97 2081/217/115 2083/216/117
f 2083/216/117 2062/218/96 2063/215/97
f 2062/219/96 2083/221/117 2084/220/118
f 2084/220/118 2061/222/95 2062/219/96
f 2061/223/95 2084/225/118 2085/224/119
f 2085/224/119 2080/226/114 2061/223/95
f 2080/223/114 2085/225/119 2086/224/120
f 2086/224/120 2079/226/113 2080/223/114
f 2079/227/113 2086/229/120 2087/228/121
f 2087/228/121 2078/230/112 2079/227/113
f 2078/231/112 2087/233/121 2088/232/122
f 2088/232/122 2077/234/111 2078/231/112
f 2077/235/111 2088/237/122 2089/236/123
f 2089/236/123 2076/238/110 2077/235/111
f 2076/223/110 2089/225/123 2090/224/124
f 2090/224/124 2075/226/109 2076/223/110
f 2075/223/109 2090/225/124 2091/224/125
f 2091/224/125 2074/226/108 2075/223/109
f 2074/239/108 2091/241/125 2092/240/126
f 2092/240/126 2073/242/107 2074/239/108
f 2073/243/107 2092/245/126 2093/244/127
f 2093/244/127 2072/246/106 2073/243/107
f 2072/247/106 2093/249/127 2094/248/128
f 2094/248/128 2071/250/105 2072/247/106
f 2071/223/105 2094/225/128 2095/224/129
f 2095/224/129 2070/226/104 2071/223/105
f 2070/223/104 2095/225/129 2096/224/130
f 2096/224/130 2069/226/103 2070/223/104
f 2069/251/103 2096/253/130 2097/252/131
f 2097/252/131 2068/254/102 2069/251/103
f 2068/255/102 2097/257/131 2098/256/132
f 2098/256/132 2067/258/101 2068/255/102
f 2067/259/101 2098/261/132 2099/260/133
f 2099/260/133 2066/262/100 2067/259/101
f 2066/223/100 2099/225/133 2100/224/134
f 2100/224/134 2065/226/99 2066/223/100
f 2065/223/99 2100/225/134 2082/224/116
f 2082/224/116 2064/226/98 2065/223/99
f 2100/263/134 2036/265/80 2029/264/77
f 2029/264/77 2082/266/116 2100/263/134
f 2082/263/116 2029/265/77 2032/264/78
f 2032/264/78 2081/266/115 2082/263/116
f 2081/263/115 2032/265/78 2021/264/72
f 2021/264/72 2083/266/117 2081/263/115
f 2083/263/117 2021/265/72 2024/264/73
f 2024/264/73 2084/266/118 2083/263/117
f 2084/263/118 2024/265/73 2026/264/74
f 2026/264/74 2085/266/119 2084/263/118
f 2085/263/119 2026/265/74 2028/264/76
f 2028/264/76 2086/266/120 2085/263/119
f 2086/263/120 2028/265/76 2060/264/94
f 2060/264/94 2087/266/121 2086/263/120
f 2087/263/121 2060/265/94 2057/264/93
f 2057/264/93 2088/266/122 2087/263/121
f 2088/263/122 2057/265/93 2053/264/91
f 2053/264/91 2089/266/123 2088/263/122
f 2089/263/123 2053/265/91 2056/264/92
f 2056/264/92 2090/266/124 2089/263/123
f 2090/263/124 2056/265/92 2051/264/90
f 2051/264/90 2091/266/125 2090/263/124
f 2091/263/125 2051/265/90 2047/264/88
f 2047/264/88 2092/266/126 2091/263/125
f 2092/263/126 2047/265/88 2050/264/89
f 2050/264/89 2093/266/127 2092/263/126
f 2093/263/127 2050/265/89 2045/264/87
f 2045/264/87 2094/266/128 2093/263/127
f 2094/263/128 2045/265/87 2041/264/84
f 2041/264/84 2095/266/129 2094/263/128
f 2095/263/129 2041/265/84 2044/264/86
f 2044/264/86 2096/266/130 2095/263/129
f 2096/263/130 2044/265/86 2037/264/81
f 2037/264/81 2097/266/131 2096/263/130
f 2097/263/131 2037/265/81 2040/264/83
f 2040/264/83 2098/266/132 2097/263/131
f 2098/263/132 2040/265/83 2033/264/79
f 2033/264/79 2099/266/133 2098/263/132
f 2099/263/133 2033/265/79 2036/264/80
f 2036/264/80 2100/266/134 2099/263/133
f 2108/9/8 2104/8/4 2105/11/5
f 2105/11/5 2109/10/9 2108/9/8
f 2120/14/20 2119/13/19 2117/16/17
f 2117/16/17 2149/12/50 2120/14/20
f 2123/10/23 2122/9/22 2106/17/6
f 2106/17/6 2124/11/24 2123/10/23
f 2126/10/26 2110/9/10 2105/11/5
f 2105/11/5 2106/11/6 2126/10/26
f 2127/18/27 2128/20/28 2119/19/19
f 2119/19/19 2120/21/20 2127/18/27
f 2129/22/29 2127/18/27 2120/21/20
f 2120/21/20 2130/23/30 2129/22/29
f 2131/24/31 2129/22/29 2130/23/30
f 2130/23/30 2116/25/16 2131/24/31
f 2132/26/32 2131/24/31 2116/25/16
f 2116/25/16 2113/27/13 2132/26/32
f 2133/28/33 2132/26/32 2113/27/13
f 2113/27/13 2114/29/14 2133/28/33
f 2134/30/34 2133/28/33 2114/29/14
f 2114/29/14 2115/31/15 2134/30/34
f 2135/32/35 2134/30/34 2115/31/15
f 2115/31/15 2111/33/11 2135/32/35
f 2136/34/36 2135/32/35 2111/33/11
f 2111/33/11 2112/35/12 2136/34/36
f 2137/36/37 2136/34/36 2112/35/12
f 2112/35/12 2138/37/38 2137/36/37
f 2139/38/39 2137/36/37 2138/37/38
f 2138/37/38 2107/39/7 2139/38/39
f 2118/37/18 2119/39/19 2128/38/28
f 2128/38/28 2140/36/40 2118/37/18
f 2125/35/25 2118/37/18 2140/36/40
f 2140/36/40 2141/34/41 2125/35/25
f 2123/33/23 2125/35/25 2141/34/41
f 2141/34/41 2142/32/42 2123/33/23
f 2122/31/22 2123/33/23 2142/32/42
f 2142/32/42 2143/30/43 2122/31/22
f 2121/29/21 2122/31/22 2143/30/43
f 2143/30/43 2144/28/44 2121/29/21
f 2126/27/26 2121/29/21 2144/28/44
f 2144/28/44 2145/26/45 2126/27/26
f 2110/25/10 2126/27/26 2145/26/45
f 2145/26/45 2146/24/46 2110/25/10
f 2109/23/9 2110/25/10 2146/24/46
f 2146/24/46 2147/22/47 2109/23/9
f 2108/21/8 2109/23/9 2147/22/47
f 2147/22/47 2148/18/48 2108/21/8
f 2107/19/7 2108/21/8 2148/18/48
f 2148/18/48 2139/20/39 2107/19/7
f 2153/3/54 2150/49/51 2151/44/52
f 2151/44/52 2168/53/69 2153/3/54
f 2165/52/66 2164/4/65 2163/41/64
f 2163/41/64 2153/3/54 2165/52/66
f 2104/8/4 2107/54/7 2138/13/38
f 2138/13/38 2102/8/49 2104/8/4
f 2102/12/49 2138/14/38 2112/13/12
f 2112/13/12 2102/11/2 2102/12/49
f 2102/12/2 2115/14/15 2114/13/14
f 2114/13/14 2101/11/1 2102/12/2
f 2101/12/1 2116/14/16 2130/13/30
f 2130/13/30 2149/11/50 2101/12/1
f 2117/11/17 2118/10/18 2125/9/25
f 2125/9/25 2124/17/24 2117/11/17
f 2171/55/72 2173/57/46 2172/56/45
f 2172/56/45 2174/58/73 2171/55/72
f 2174/55/73 2172/57/45 2175/56/44
f 2175/56/44 2176/58/74 2174/55/73
f 2176/55/74 2175/57/44 2177/56/75
f 2177/56/75 2178/58/76 2176/55/74
f 2179/55/77 2181/57/48 2180/56/47
f 2180/56/47 2182/58/78 2179/55/77
f 2182/55/78 2180/57/47 2173/56/46
f 2173/56/46 2171/58/72 2182/55/78
f 2183/55/79 2185/57/37 2184/56/39
f 2184/56/39 2186/58/80 2183/55/79
f 2186/55/80 2184/57/39 2181/56/48
f 2181/56/48 2179/58/77 2186/55/80
f 2187/55/81 2189/57/35 2188/56/82
f 2188/56/82 2190/58/83 2187/55/81
f 2190/55/83 2188/57/82 2185/56/37
f 2185/56/37 2183/58/79 2190/55/83
f 2191/55/84 2193/57/85 2192/56/34
f 2192/56/34 2194/58/86 2191/55/84
f 2194/55/86 2192/57/34 2189/56/35
f 2189/56/35 2187/58/81 2194/55/86
f 2195/55/87 2196/57/32 2193/56/85
f 2193/56/85 2191/58/84 2195/55/87
f 2197/55/88 2199/57/29 2198/56/31
f 2198/56/31 2200/58/89 2197/55/88
f 2200/55/89 2198/57/31 2196/56/32
f 2196/56/32 2195/58/87 2200/55/89
f 2201/55/90 2202/57/27 2199/56/29
f 2199/56/29 2197/58/88 2201/55/90
f 2203/55/91 2205/57/40 2204/56/28
f 2204/56/28 2206/58/92 2203/55/91
f 2206/55/92 2204/57/28 2202/56/27
f 2202/56/27 2201/58/90 2206/55/92
f 2207/55/93 2208/57/41 2205/56/40
f 2205/56/40 2203/58/91 2207/55/93
f 2178/55/76 2177/57/75 2209/56/42
f 2209/56/42 2210/58/94 2178/55/76
f 2210/55/94 2209/57/42 2208/56/41
f 2208/56/41 2207/58/93 2210/55/94
f 2180/59/47 2147/61/47 2146/60/46
f 2146/60/46 2173/62/46 2180/59/47
f 2211/63/95 2168/65/69 2170/64/71
f 2170/64/71 2212/66/96 2211/63/95
f 2212/67/96 2170/69/71 2151/68/52
f 2151/68/52 2213/70/97 2212/67/96
f 2181/71/48 2148/73/48 2147/72/47
f 2147/72/47 2180/74/47 2181/71/48
f 2213/75/97 2151/77/52 2152/76/53
f 2152/76/53 2214/78/98 2213/75/97
f 2184/79/39 2139/81/39 2148/80/48
f 2148/80/48 2181/82/48 2184/79/39
f 2214/83/98 2152/85/53 2150/84/51
f 2150/84/51 2215/86/99 2214/83/98
f 2185/87/37 2137/89/37 2139/88/39
f 2139/88/39 2184/90/39 2185/87/37
f 2215/91/99 2150/93/51 2154/92/55
f 2154/92/55 2216/94/100 2215/91/99
f 2188/95/82 2136/97/36 2137/96/37
f 2137/96/37 2185/98/37 2188/95/82
f 2216/99/100 2154/101/55 2155/100/56
f 2155/100/56 2217/102/101 2216/99/100
f 2189/103/35 2135/105/35 2136/104/36
f 2136/104/36 2188/106/82 2189/103/35
f 2217/107/101 2155/109/56 2156/108/57
f 2156/108/57 2218/110/102 2217/107/101
f 2192/111/34 2134/113/34 2135/112/35
f 2135/112/35 2189/114/35 2192/111/34
f 2218/115/102 2156/117/57 2157/116/58
f 2157/116/58 2219/118/103 2218/115/102
f 2193/119/85 2133/121/33 2134/120/34
f 2134/120/34 2192/122/34 2193/119/85
f 2219/123/103 2157/125/58 2158/124/59
f 2158/124/59 2220/126/104 2219/123/103
f 2196/127/32 2132/116/32 2133/128/33
f 2133/128/33 2193/129/85 2196/127/32
f 2220/130/104 2158/132/59 2159/131/60
f 2159/131/60 2221/133/105 2220/130/104
f 2198/134/31 2131/136/31 2132/135/32
f 2132/135/32 2196/137/32 2198/134/31
f 2221/138/105 2159/120/60 2160/139/61
f 2160/139/61 2222/140/106 2221/138/105
f 2199/141/29 2129/143/29 2131/142/31
f 2131/142/31 2198/144/31 2199/141/29
f 2222/145/106 2160/147/61 2161/146/62
f 2161/146/62 2223/148/107 2222/145/106
f 2202/149/27 2127/151/27 2129/150/29
f 2129/150/29 2199/152/29 2202/149/27
f 2223/153/107 2161/155/62 2162/154/63
f 2162/154/63 2224/156/108 2223/153/107
f 2204/157/28 2128/84/28 2127/158/27
f 2127/158/27 2202/159/27 2204/157/28
f 2224/160/108 2162/161/63 2163/81/64
f 2163/81/64 2225/162/109 2224/160/108
f 2205/163/40 2140/164/40 2128/93/28
f 2128/93/28 2204/165/28 2205/163/40
f 2225/166/109 2163/88/64 2164/167/65
f 2164/167/65 2226/168/110 2225/166/109
f 2208/169/41 2141/171/41 2140/170/40
f 2140/170/40 2205/172/40 2208/169/41
f 2226/173/110 2164/175/65 2166/174/67
f 2166/174/67 2227/176/111 2226/173/110
f 2209/177/42 2142/179/42 2141/178/41
f 2141/178/41 2208/180/41 2209/177/42
f 2227/181/111 2166/183/67 2165/182/66
f 2165/182/66 2228/184/112 2227/181/111
f 2177/185/75 2143/187/43 2142/186/42
f 2142/186/42 2209/188/42 2177/185/75
f 2228/189/112 2165/191/66 2167/190/68
f 2167/190/68 2229/192/113 2228/189/112
f 2175/193/44 2144/194/44 2143/65/43
f 2143/65/43 2177/195/75 2175/193/44
f 2229/196/113 2167/198/68 2169/197/70
f 2169/197/70 2230/199/114 2229/196/113
f 2172/200/45 2145/190/45 2144/201/44
f 2144/201/44 2175/202/44 2172/200/45
f 2230/203/114 2169/205/70 2168/204/69
f 2168/204/69 2211/206/95 2230/203/114
f 2173/207/46 2146/209/46 2145/208/45
f 2145/208/45 2172/210/45 2173/207/46
f 2214/211/98 2232/213/116 2231/212/115
f 2231/212/115 2213/214/97 2214/211/98
f 2213/215/97 2231/217/115 2233/216/117
f 2233/216/117 2212/218/96 2213/215/97
f 2212/219/96 2233/221/117 2234/220/118
f 2234/220/118 2211/222/95 2212/219/96
f 2211/223/95 2234/225/118 2235/224/119
f 2235/224/119 2230/226/114 2211/223/95
f 2230/223/114 2235/225/119 2236/224/120
f 2236/224/120 2229/226/113 2230/223/114
f 2229/227/113 2236/229/120 2237/228/121
f 2237/228/121 2228/230/112 2229/227/113
f 2228/231/112 2237/233/121 2238/232/122
f 2238/232/122 2227/234/111 2228/231/112
f 2227/235/111 2238/237/122 2239/236/123
f 2239/236/123 2226/238/110 2227/235/111
f 2226/223/110 2239/225/123 2240/224/124
f 2240/224/124 2225/226/109 2226/223/110
f 2225/223/109 2240/225/124 2241/224/125
f 2241/224/125 2224/226/108 2225/223/109
f 2224/239/108 2241/241/125 2242/240/126
f 2242/240/126 2223/242/107 2224/239/108
f 2223/243/107 2242/245/126 2243/244/127
f 2243/244/127 2222/246/106 2223/243/107
f 2222/247/106 2243/249/127 2244/248/128
f 2244/248/128 2221/250/105 2222/247/106
f 2221/223/105 2244/225/128 2245/224/129
f 2245/224/129 2220/226/104 2221/223/105
f 2220/223/104 2245/225/129 2246/224/130
f 2246/224/130 2219/226/103 2220/223/104
f 2219/251/103 2246/253/130 2247/252/131
f 2247/252/131 2218/254/102 2219/251/103
f 2218/255/102 2247/257/131 2248/256/132
f 2248/256/132 2217/258/101 2218/255/102
f 2217/259/101 2248/261/132 2249/260/133
f 2249/260/133 2216/262/100 2217/259/101
f 2216/223/100 2249/225/133 2250/224/134
f 2250/224/134 2215/226/99 2216/223/100
f 2215/223/99 2250/225/134 2232/224/116
f 2232/224/116 2214/226/98 2215/223/99
f 2250/263/134 2186/265/80 2179/264/77
f 2179/264/77 2232/266/116 2250/263/134
f 2232/263/116 2179/265/77 2182/264/78
f 2182/264/78 2231/266/115 2232/263/116
f 2231/263/115 2182/265/78 2171/264/72
f 2171/264/72 2233/266/117 2231/263/115
f 2233/263/117 2171/265/72 2174/264/73
f 2174/264/73 2234/266/118 2233/263/117
f 2234/263/118 2174/265/73 2176/264/74
f 2176/264/74 2235/266/119 2234/263/118
f 2235/263/119 2176/265/74 2178/264/76
f 2178/264/76 2236/266/120 2235/263/119
f 2236/263/120 2178/265/76 2210/264/94
f 2210/264/94 2237/266/121 2236/263/120
f 2237/263/121 2210/265/94 2207/264/93
f 2207/264/93 2238/266/122 2237/263/121
f 2238/263/122 2207/265/93 2203/264/91
f 2203/264/91 2239/266/123 2238/263/122
f 2239/263/123 2203/265/91 2206/264/92
f 2206/264/92 2240/266/124 2239/263/123
f 2240/263/124 2206/265/92 2201/264/90
f 2201/264/90 2241/266/125 2240/263/124
f 2241/263/125 2201/265/90 2197/264/88
f 2197/264/88 2242/266/126 2241/263/125
f 2242/263/126 2197/265/88 2200/264/89
f 2200/264/89 2243/266/127 2242/263/126
f 2243/263/127 2200/265/89 2195/264/87
f 2195/264/87 2244/266/128 2243/263/127
f 2244/263/128 2195/265/87 2191/264/84
f 2191/264/84 2245/266/129 2244/263/128
f 2245/263/129 2191/265/84 2194/264/86
f 2194/264/86 2246/266/130 2245/263/129
f 2246/263/130 2194/265/86 2187/264/81
f 2187/264/81 2247/266/131 2246/263/130
f 2247/263/131 2187/265/81 2190/264/83
f 2190/264/83 2248/266/132 2247/263/131
f 2248/263/132 2190/265/83 2183/264/79
f 2183/264/79 2249/266/133 2248/263/132
f 2249/263/133 2183/265/79 2186/264/80
f 2186/264/80 2250/266/134 2249/263/133
f 2258/9/8 2254/8/4 2255/11/5
f 2255/11/5 2259/10/9 2258/9/8
f 2270/14/20 2269/13/19 2267/16/17
f 2267/16/17 2299/12/50 2270/14/20
f 2273/10/23 2272/9/22 2256/17/6
f 2256/17/6 2274/11/24 2273/10/23
f 2276/10/26 2260/9/10 2255/11/5
f 2255/11/5 2256/11/6 2276/10/26
f 2277/18/27 2278/20/28 2269/19/19
f 2269/19/19 2270/21/20 2277/18/27
f 2279/22/29 2277/18/27 2270/21/20
f 2270/21/20 2280/23/30 2279/22/29
f 2281/24/31 2279/22/29 2280/23/30
f 2280/23/30 2266/25/16 2281/24/31
f 2282/26/32 2281/24/31 2266/25/16
f 2266/25/16 2263/27/13 2282/26/32
f 2283/28/33 2282/26/32 2263/27/13
f 2263/27/13 2264/29/14 2283/28/33
f 2284/30/34 2283/28/33 2264/29/14
f 2264/29/14 2265/31/15 2284/30/34
f 2285/32/35 2284/30/34 2265/31/15
f 2265/31/15 2261/33/11 2285/32/35
f 2286/34/36 2285/32/35 2261/33/11
f 2261/33/11 2262/35/12 2286/34/36
f 2287/36/37 2286/34/36 2262/35/12
f 2262/35/12 2288/37/38 2287/36/37
f 2289/38/39 2287/36/37 2288/37/38
f 2288/37/38 2257/39/7 2289/38/39
f 2268/37/18 2269/39/19 2278/38/28
f 2278/38/28 2290/36/40 2268/37/18
f 2275/35/25 2268/37/18 2290/36/40
f 2290/36/40 2291/34/41 2275/35/25
f 2273/33/23 2275/35/25 2291/34/41
f 2291/34/41 2292/32/42 2273/33/23
f 2272/31/22 2273/33/23 2292/32/42
f 2292/32/42 2293/30/43 2272/31/22
f 2271/29/21 2272/31/22 2293/30/43
f 2293/30/43 2294/28/44 2271/29/21
f 2276/27/26 2271/29/21 2294/28/44
f 2294/28/44 2295/26/45 2276/27/26
f 2260/25/10 2276/27/26 2295/26/45
f 2295/26/45 2296/24/46 2260/25/10
f 2259/23/9 2260/25/10 2296/24/46
f 2296/24/46 2297/22/47 2259/23/9
f 2258/21/8 2259/23/9 2297/22/47
f 2297/22/47 2298/18/48 2258/21/8
f 2257/19/7 2258/21/8 2298/18/48
f 2298/18/48 2289/20/39 2257/19/7
f 2303/3/54 2300/49/51 2301/44/52
f 2301/44/52 2318/53/69 2303/3/54
f 2315/52/66 2314/4/65 2313/41/64
f 2313/41/64 2303/3/54 2315/52/66
f 2254/8/4 2257/54/7 2288/13/38
f 2288/13/38 2252/8/49 2254/8/4
f 2252/12/49 2288/14/38 2262/13/12
f 2262/13/12 2252/11/2 2252/12/49
f 2252/12/2 2265/14/15 2264/13/14
f 2264/13/14 2251/11/1 2252/12/2
f 2251/12/1 2266/14/16 2280/13/30
f 2280/13/30 2299/11/50 2251/12/1
f 2267/11/17 2268/10/18 2275/9/25
f 2275/9/25 2274/17/24 2267/11/17
f 2321/55/72 2323/57/46 2322/56/45
f 2322/56/45 2324/58/73 2321/55/72
f 2324/55/73 2322/57/45 2325/56/44
f 2325/56/44 2326/58/74 2324/55/73
f 2326/55/74 2325/57/44 2327/56/75
f 2327/56/75 2328/58/76 2326/55/74
f 2329/55/77 2331/57/48 2330/56/47
f 2330/56/47 2332/58/78 2329/55/77
f 2332/55/78 2330/57/47 2323/56/46
f 2323/56/46 2321/58/72 2332/55/78
f 2333/55/79 2335/57/37 2334/56/39
f 2334/56/39 2336/58/80 2333/55/79
f 2336/55/80 2334/57/39 2331/56/48
f 2331/56/48 2329/58/77 2336/55/80
f 2337/55/81 2339/57/35 2338/56/82
f 2338/56/82 2340/58/83 2337/55/81
f 2340/55/83 2338/57/82 2335/56/37
f 2335/56/37 2333/58/79 2340/55/83
f 2341/55/84 2343/57/85 2342/56/34
f 2342/56/34 2344/58/86 2341/55/84
f 2344/55/86 2342/57/34 2339/56/35
f 2339/56/35 2337/58/81 2344/55/86
f 2345/55/87 2346/57/32 2343/56/85
f 2343/56/85 2341/58/84 2345/55/87
f 2347/55/88 2349/57/29 2348/56/31
f 2348/56/31 2350/58/89 2347/55/88
f 2350/55/89 2348/57/31 2346/56/32
f 2346/56/32 2345/58/87 2350/55/89
f 2351/55/90 2352/57/27 2349/56/29
f 2349/56/29 2347/58/88 2351/55/90
f 2353/55/91 2355/57/40 2354/56/28
f 2354/56/28 2356/58/92 2353/55/91
f 2356/55/92 2354/57/28 2352/56/27
f 2352/56/27 2351/58/90 2356/55/92
f 2357/55/93 2358/57/41 2355/56/40
f 2355/56/40 2353/58/91 2357/55/93
f 2328/55/76 2327/57/75 2359/56/42
f 2359/56/42 2360/58/94 2328/55/76
f 2360/55/94 2359/57/42 2358/56/41
f 2358/56/41 2357/58/93 2360/55/94
f 2330/59/47 2297/61/47 2296/60/46
f 2296/60/46 2323/62/46 2330/59/47
f 2361/63/95 2318/65/69 2320/64/71
f 2320/64/71 2362/66/96 2361/63/95
f 2362/67/96 2320/69/71 2301/68/52
f 2301/68/52 2363/70/97 2362/67/96
f 2331/71/48 2298/73/48 2297/72/47
f 2297/72/47 2330/74/47 2331/71/48
f 2363/75/97 2301/77/52 2302/76/53
f 2302/76/53 2364/78/98 2363/75/97
f 2334/79/39 2289/81/39 2298/80/48
f 2298/80/48 2331/82/48 2334/79/39
f 2364/83/98 2302/85/53 2300/84/51
f 2300/84/51 2365/86/99 2364/83/98
f 2335/87/37 2287/89/37 2289/88/39
f 2289/88/39 2334/90/39 2335/87/37
f 2365/91/99 2300/93/51 2304/92/55
f 2304/92/55 2366/94/100 2365/91/99
f 2338/95/82 2286/97/36 2287/96/37
f 2287/96/37 2335/98/37 2338/95/82
f 2366/99/100 2304/101/55 2305/100/56
f 2305/100/56 2367/102/101 2366/99/100
f 2339/103/35 2285/105/35 2286/104/36
f 2286/104/36 2338/106/82 2339/103/35
f 2367/107/101 2305/109/56 2306/108/57
f 2306/108/57 2368/110/102 2367/107/101
f 2342/111/34 2284/113/34 2285/112/35
f 2285/112/35 2339/114/35 2342/111/34
f 2368/115/102 2306/117/57 2307/116/58
f 2307/116/58 2369/118/103 2368/115/102
f 2343/119/85 2283/121/33 2284/120/34
f 2284/120/34 2342/122/34 2343/119/85
f 2369/123/103 2307/125/58 2308/124/59
f 2308/124/59 2370/126/104 2369/123/103
f 2346/127/32 2282/116/32 2283/128/33
f 2283/128/33 2343/129/85 2346/127/32
f 2370/130/104 2308/132/59 2309/131/60
f 2309/131/60 2371/133/105 2370/130/104
f 2348/134/31 2281/136/31 2282/135/32
f 2282/135/32 2346/137/32 2348/134/31
f 2371/138/105 2309/120/60 2310/139/61
f 2310/139/61 2372/140/106 2371/138/105
f 2349/141/29 2279/143/29 2281/142/31
f 2281/142/31 2348/144/31 2349/141/29
f 2372/145/106 2310/147/61 2311/146/62
f 2311/146/62 2373/148/107 2372/145/106
f 2352/149/27 2277/151/27 2279/150/29
f 2279/150/29 2349/152/29 2352/149/27
f 2373/153/107 2311/155/62 2312/154/63
f 2312/154/63 2374/156/108 2373/153/107
f 2354/157/28 2278/84/28 2277/158/27
f 2277/158/27 2352/159/27 2354/157/28
f 2374/160/108 2312/161/63 2313/81/64
f 2313/81/64 2375/162/109 2374/160/108
f 2355/163/40 2290/164/40 2278/93/28
f 2278/93/28 2354/165/28 2355/163/40
f 2375/166/109 2313/88/64 2314/167/65
f 2314/167/65 2376/168/110 2375/166/109
f 2358/169/41 2291/171/41 2290/170/40
f 2290/170/40 2355/172/40 2358/169/41
f 2376/173/110 2314/175/65 2316/174/67
f 2316/174/67 2377/176/111 2376/173/110
f 2359/177/42 2292/179/42 2291/178/41
f 2291/178/41 2358/180/41 2359/177/42
f 2377/181/111 2316/183/67 2315/182/66
f 2315/182/66 2378/184/112 2377/181/111
f 2327/185/75 2293/187/43 2292/186/42
f 2292/186/42 2359/188/42 2327/185/75
f 2378/189/112 2315/191/66 2317/190/68
f 2317/190/68 2379/192/113 2378/189/112
f 2325/193/44 2294/194/44 2293/65/43
f 2293/65/43 2327/195/75 2325/193/44
f 2379/196/113 2317/198/68 2319/197/70
f 2319/197/70 2380/199/114 2379/196/113
f 2322/200/45 2295/190/45 2294/201/44
f 2294/201/44 2325/202/44 2322/200/45
f 2380/203/114 2319/205/70 2318/204/69
f 2318/204/69 2361/206/95 2380/203/114
f 2323/207/46 2296/209/46 2295/208/45
f 2295/208/45 2322/210/45 2323/207/46
f 2364/211/98 2382/213/116 2381/212/115
f 2381/212/115 2363/214/97 2364/211/98
f 2363/215/97 2381/217/115 2383/216/117
f 2383/216/117 2362/218/96 2363/215/97
f 2362/219/96 2383/221/117 2384/220/118
f 2384/220/118 2361/222/95 2362/219/96
f 2361/223/95 2384/225/118 2385/224/119
f 2385/224/119 2380/226/114 2361/223/95
f 2380/223/114 2385/225/119 2386/224/120
f 2386/224/120 2379/226/113 2380/223/114
f 2379/227/113 2386/229/120 2387/228/121
f 2387/228/121 2378/230/112 2379/227/113
f 2378/231/112 2387/233/121 2388/232/122
f 2388/232/122 2377/234/111 2378/231/112
f 2377/235/111 2388/237/122 2389/236/123
f 2389/236/123 2376/238/110 2377/235/111
f 2376/223/110 2389/225/123 2390/224/124
f 2390/224/124 2375/226/109 2376/223/110
f 2375/223/109 2390/225/124 2391/224/125
f 2391/224/125 2374/226/108 2375/223/109
f 2374/239/108 2391/241/125 2392/240/126
f 2392/240/126 2373/242/107 2374/239/108
f 2373/243/107 2392/245/126 2393/244/127
f 2393/244/127 2372/246/106 2373/243/107
f 2372/247/106 2393/249/127 2394/248/128
f 2394/248/128 2371/250/105 2372/247/106
f 2371/223/105 2394/225/128 2395/224/129
f 2395/224/129 2370/226/104 2371/223/105
f 2370/223/104 2395/225/129 2396/224/130
f 2396/224/130 2369/226/103 2370/223/104
f 2369/251/103 2396/253/130 2397/252/131
f 2397/252/131 2368/254/102 2369/251/103
f 2368/255/102 2397/257/131 2398/256/132
f 2398/256/132 2367/258/101 2368/255/102
f 2367/259/101 2398/261/132 2399/260/133
f 2399/260/133 2366/262/100 2367/259/101
f 2366/223/100 2399/225/133 2400/224/134
f 2400/224/134 2365/226/99 2366/223/100
f 2365/223/99 2400/225/134 2382/224/116
f 2382/224/116 2364/226/98 2365/223/99
f 2400/263/134 2336/265/80 2329/264/77
f 2329/264/77 2382/266/116 2400/263/134
f 2382/263/116 2329/265/77 2332/264/78
f 2332/264/78 2381/266/115 2382/263/116
f 2381/263/115 2332/265/78 2321/264/72
f 2321/264/72 2383/266/117 2381/263/115
f 2383/263/117 2321/265/72 2324/264/73
f 2324/264/73 2384/266/118 2383/263/117
f 2384/263/118 2324/265/73 2326/264/74
f 2326/264/74 2385/266/119 2384/263/118
f 2385/263/119 2326/265/74 2328/264/76
f 2328/264/76 2386/266/120 2385/263/119
f 2386/263/120 2328/265/76 2360/264/94
f 2360/264/94 2387/266/121 2386/263/120
f 2387/263/121 2360/265/94 2357/264/93
f 2357/264/93 2388/266/122 2387/263/121
f 2388/263/122 2357/265/93 2353/264/91
f 2353/264/91 2389/266/123 2388/263/122
f 2389/263/123 2353/265/91 2356/264/92
f 2356/264/92 2390/266/124 2389/263/123
f 2390/263/124 2356/265/92 2351/264/90
f 2351/264/90 2391/266/125 2390/263/124
f 2391/263/125 2351/265/90 2347/264/88
f 2347/264/88 2392/266/126 2391/263/125
f 2392/263/126 2347/265/88 2350/264/89
f 2350/264/89 2393/266/127 2392/263/126
f 2393/263/127 2350/265/89 2345/264/87
f 2345/264/87 2394/266/128 2393/263/127
f 2394/263/128 2345/265/87 2341/264/84
f 2341/264/84 2395/266/129 2394/263/128
f 2395/263/129 2341/265/84 2344/264/86
f 2344/264/86 2396/266/130 2395/263/129
f 2396/263/130 2344/265/86 2337/264/81
f 2337/264/81 2397/266/131 2396/263/130
f 2397/263/131 2337/265/81 2340/264/83
f 2340/264/83 2398/266/132 2397/263/131
f 2398/263/132 2340/265/83 2333/264/79
f 2333/264/79 2399/266/133 2398/263/132
f 2399/263/133 2333/265/79 2336/264/80
f 2336/264/80 2400/266/134 2399/263/133
f 2408/9/8 2404/8/4 2405/11/5
f 2405/11/5 2409/10/9 2408/9/8
f 2420/14/20 2419/13/19 2417/16/17
f 2417/16/17 2449/12/50 2420/14/20
f 2423/10/23 2422/9/22 2406/17/6
f 2406/17/6 2424/11/24 2423/10/23
f 2426/10/26 2410/9/10 2405/11/5
f 2405/11/5 2406/11/6 2426/10/26
f 2427/18/27 2428/20/28 2419/19/19
f 2419/19/19 2420/21/20 2427/18/27
f 2429/22/29 2427/18/27 2420/21/20
f 2420/21/20 2430/23/30 2429/22/29
f 2431/24/31 2429/22/29 2430/23/30
f 2430/23/30 2416/25/16 2431/24/31
f 2432/26/32 2431/24/31 2416/25/16
f 2416/25/16 2413/27/13 2432/26/32
f 2433/28/33 2432/26/32 2413/27/13
f 2413/27/13 2414/29/14 2433/28/33
f 2434/30/34 2433/28/33 2414/29/14
f 2414/29/14 2415/31/15 2434/30/34
f 2435/32/35 2434/30/34 2415/31/15
f 2415/31/15 2411/33/11 2435/32/35
f 2436/34/36 2435/32/35 2411/33/11
f 2411/33/11 2412/35/12 2436/34/36
f 2437/36/37 2436/34/36 2412/35/12
f 2412/35/12 2438/37/38 2437/36/37
f 2439/38/39 2437/36/37 2438/37/38
f 2438/37/38 2407/39/7 2439/38/39
f 2418/37/18 2419/39/19 2428/38/28
f 2428/38/28 2440/36/40 2418/37/18
f 2425/35/25 2418/37/18 2440/36/40
f 2440/36/40 2441/34/41 2425/35/25
f 2423/33/23 2425/35/25 2441/34/41
f 2441/34/41 2442/32/42 2423/33/23
f 2422/31/22 2423/33/23 2442/32/42
f 2442/32/42 2443/30/43 2422/31/22
f 2421/29/21 2422/31/22 2443/30/43
f 2443/30/43 2444/28/44 2421/29/21
f 2426/27/26 2421/29/21 2444/28/44
f 2444/28/44 2445/26/45 2426/27/26
f 2410/25/10 2426/27/26 2445/26/45
f 2445/26/45 2446/24/46 2410/25/10
f 2409/23/9 2410/25/10 2446/24/46
f 2446/24/46 2447/22/47 2409/23/9
f 2408/21/8 2409/23/9 2447/22/47
f 2447/22/47 2448/18/48 2408/21/8
f 2407/19/7 2408/21/8 2448/18/48
f 2448/18/48 2439/20/39 2407/19/7
f 2453/3/54 2450/49/51 2451/44/52
f 2451/44/52 2468/53/69 2453/3/54
f 2465/52/66 2464/4/65 2463/41/64
f 2463/41/64 2453/3/54 2465/52/66
f 2404/8/4 2407/54/7 2438/13/38
f 2438/13/38 2402/8/49 2404/8/4
f 2402/12/49 2438/14/38 2412/13/12
f 2412/13/12 2402/11/2 2402/12/49
f 2402/12/2 2415/14/15 2414/13/14
f 2414/13/14 2401/11/1 2402/12/2
f 2401/12/1 2416/14/16 2430/13/30
f 2430/13/30 2449/11/50 2401/12/1
f 2417/11/17 2418/10/18 2425/9/25
f 2425/9/25 2424/17/24 2417/11/17
f 2471/55/72 2473/57/46 2472/56/45
f 2472/56/45 2474/58/73 2471/55/72
f 2474/55/73 2472/57/45 2475/56/44
f 2475/56/44 2476/58/74 2474/55/73
f 2476/55/74 2475/57/44 2477/56/75
f 2477/56/75 2478/58/76 2476/55/74
f 2479/55/77 2481/57/48 2480/56/47
f 2480/56/47 2482/58/78 2479/55/77
f 2482/55/78 2480/57/47 2473/56/46
f 2473/56/46 2471/58/72 2482/55/78
f 2483/55/79 2485/57/37 2484/56/39
f 2484/56/39 2486/58/80 2483/55/79
f 2486/55/80 2484/57/39 2481/56/48
f 2481/56/48 2479/58/77 2486/55/80
f 2487/55/81 2489/57/35 2488/56/82
f 2488/56/82 2490/58/83 2487/55/81
f 2490/55/83 2488/57/82 2485/56/37
f 2485/56/37 2483/58/79 2490/55/83
f 2491/55/84 2493/57/85 2492/56/34
f 2492/56/34 2494/58/86 2491/55/84
f 2494/55/86 2492/57/34 2489/56/35
f 2489/56/35 2487/58/81 2494/55/86
f 2495/55/87 2496/57/32 2493/56/85
f 2493/56/85 2491/58/84 2495/55/87
f 2497/55/88 2499/57/29 2498/56/31
f 2498/56/31 2500/58/89 2497/55/88
f 2500/55/89 2498/57/31 2496/56/32
f 2496/56/32 2495/58/87 2500/55/89
f 2501/55/90 2502/57/27 2499/56/29
f 2499/56/29 2497/58/88 2501/55/90
f 2503/55/91 2505/57/40 2504/56/28
f 2504/56/28 2506/58/92 2503/55/91
f 2506/55/92 2504/57/28 2502/56/27
f 2502/56/27 2501/58/90 2506/55/92
f 2507/55/93 2508/57/41 2505/56/40
f 2505/56/40 2503/58/91 2507/55/93
f 2478/55/76 2477/57/75 2509/56/42
f 2509/56/42 2510/58/94 2478/55/76
f 2510/55/94 2509/57/42 2508/56/41
f 2508/56/41 2507/58/93 2510/55/94
f 2480/59/47 2447/61/47 2446/60/46
f 2446/60/46 2473/62/46 2480/59/47
f 2511/63/95 2468/65/69 2470/64/71
f 2470/64/71 2512/66/96 2511/63/95
f 2512/67/96 2470/69/71 2451/68/52
f 2451/68/52 2513/70/97 2512/67/96
f 2481/71/48 2448/73/48 2447/72/47
f 2447/72/47 2480/74/47 2481/71/48
f 2513/75/97 2451/77/52 2452/76/53
f 2452/76/53 2514/78/98 2513/75/97
f 2484/79/39 2439/81/39 2448/80/48
f 2448/80/48 2481/82/48 2484/79/39
f 2514/83/98 2452/85/53 2450/84/51
f 2450/84/51 2515/86/99 2514/83/98
f 2485/87/37 2437/89/37 2439/88/39
f 2439/88/39 2484/90/39 2485/87/37
f 2515/91/99 2450/93/51 2454/92/55
f 2454/92/55 2516/94/100 2515/91/99
f 2488/95/82 2436/97/36 2437/96/37
f 2437/96/37 2485/98/37 2488/95/82
f 2516/99/100 2454/101/55 2455/100/56
f 2455/100/56 2517/102/101 2516/99/100
f 2489/103/35 2435/105/35 2436/104/36
f 2436/104/36 2488/106/82 2489/103/35
f 2517/107/101 2455/109/56 2456/108/57
f 2456/108/57 2518/110/102 2517/107/101
f 2492/111/34 2434/113/34 2435/112/35
f 2435/112/35 2489/114/35 2492/111/34
f 2518/115/102 2456/117/57 2457/116/58
f 2457/116/58 2519/118/103 2518/115/102
f 2493/119/85 2433/121/33 2434/120/34
f 2434/120/34 2492/122/34 2493/119/85
f 2519/123/103 2457/125/58 2458/124/59
f 2458/124/59 2520/126/104 2519/123/103
f 2496/127/32 2432/116/32 2433/128/33
f 2433/128/33 2493/129/85 2496/127/32
f 2520/130/104 2458/132/59 2459/131/60
f 2459/131/60 2521/133/105 2520/130/104
f 2498/134/31 2431/136/31 2432/135/32
f 2432/135/32 2496/137/32 2498/134/31
f 2521/138/105 2459/120/60 2460/139/61
f 2460/139/61 2522/140/106 2521/138/105
f 2499/141/29 2429/143/29 2431/142/31
f 2431/142/31 2498/144/31 2499/141/29
f 2522/145/106 2460/147/61 2461/146/62
f 2461/146/62 2523/148/107 2522/145/106
f 2502/149/27 2427/151/27 2429/150/29
f 2429/150/29 2499/152/29 2502/149/27
f 2523/153/107 2461/155/62 2462/154/63
f 2462/154/63 2524/156/108 2523/153/107
f 2504/157/28 2428/84/28 2427/158/27
f 2427/158/27 2502/159/27 2504/157/28
f 2524/160/108 2462/161/63 2463/81/64
f 2463/81/64 2525/162/109 2524/160/108
f 2505/163/40 2440/164/40 2428/93/28
f 2428/93/28 2504/165/28 2505/163/40
f 2525/166/109 2463/88/64 2464/167/65
f 2464/167/65 2526/168/110 2525/166/109
f 2508/169/41 2441/171/41 2440/170/40
f 2440/170/40 2505/172/40 2508/169/41
f 2526/173/110 2464/175/65 2466/174/67
f 2466/174/67 2527/176/111 2526/173/110
f 2509/177/42 2442/179/42 2441/178/41
f 2441/178/41 2508/180/41 2509/177/42
f 2527/181/111 2466/183/67 2465/182/66
f 2465/182/66 2528/184/112 2527/181/111
f 2477/185/75 2443/187/43 2442/186/42
f 2442/186/42 2509/188/42 2477/185/75
f 2528/189/112 2465/191/66 2467/190/68
f 2467/190/68 2529/192/113 2528/189/112
f 2475/193/44 2444/194/44 2443/65/43
f 2443/65/43 2477/195/75 2475/193/44
f 2529/196/113 2467/198/68 2469/197/70
f 2469/197/70 2530/199/114 2529/196/113
f 2472/200/45 2445/190/45 2444/201/44
f 2444/201/44 2475/202/44 2472/200/45
f 2530/203/114 2469/205/70 2468/204/69
f 2468/204/69 2511/206/95 2530/203/114
f 2473/207/46 2446/209/46 2445/208/45
f 2445/208/45 2472/210/45 2473/207/46
f 2514/211/98 2532/213/116 2531/212/115
f 2531/212/115 2513/214/97 2514/211/98
f 2513/215/97 2531/217/115 2533/216/117
f 2533/216/117 2512/218/96 2513/215/97
f 2512/219/96 2533/221/117 2534/220/118
f 2534/220/118 2511/222/95 2512/219/96
f 2511/223/95 2534/225/118 2535/224/119
f 2535/224/119 2530/226/114 2511/223/95
f 2530/223/114 2535/225/119 2536/224/120
f 2536/224/120 2529/226/113 2530/223/114
f 2529/227/113 2536/229/120 2537/228/121
f 2537/228/121 2528/230/112 2529/227/113
f 2528/231/112 2537/233/121 2538/232/122
f 2538/232/122 2527/234/111 2528/231/112
f 2527/235/111 2538/237/122 2539/236/123
f 2539/236/123 2526/238/110 2527/235/111
f 2526/223/110 2539/225/123 2540/224/124
f 2540/224/124 2525/226/109 2526/223/110
f 2525/223/109 2540/225/124 2541/224/125
f 2541/224/125 2524/226/108 2525/223/109
f 2524/239/108 2541/241/125 2542/240/126
f 2542/240/126 2523/242/107 2524/239/108
f 2523/243/107 2542/245/126 2543/244/127
f 2543/244/127 2522/246/106 2523/243/107
f 2522/247/106 2543/249/127 2544/248/128
f 2544/248/128 2521/250/105 2522/247/106
f 2521/223/105 2544/225/128 2545/224/129
f 2545/224/129 2520/226/104 2521/223/105
f 2520/223/104 2545/225/129 2546/224/130
f 2546/224/130 2519/226/103 2520/223/104
f 2519/251/103 2546/253/130 2547/252/131
f 2547/252/131 2518/254/102 2519/251/103
f 2518/255/102 2547/257/131 2548/256/132
f 2548/256/132 2517/258/101 2518/255/102
f 2517/259/101 2548/261/132 2549/260/133
f 2549/260/133 2516/262/100 2517/259/101
f 2516/223/100 2549/225/133 2550/224/134
f 2550/224/134 2515/226/99 2516/223/100
f 2515/223/99 2550/225/134 2532/224/116
f 2532/224/116 2514/226/98 2515/223/99
f 2550/263/134 2486/265/80 2479/264/77
f 2479/264/77 2532/266/116 2550/263/134
f 2532/263/116 2479/265/77 2482/264/78
f 2482/264/78 2531/266/115 2532/263/116
f 2531/263/115 2482/265/78 2471/264/72
f 2471/264/72 2533/266/117 2531/263/115
f 2533/263/117 2471/265/72 2474/264/73
f 2474/264/73 2534/266/118 2533/263/117
f 2534/263/118 2474/265/73 2476/264/74
f 2476/264/74 2535/266/119 2534/263/118
f 2535/263/119 2476/265/74 2478/264/76
f 2478/264/76 2536/266/120 2535/263/119
f 2536/263/120 2478/265/76 2510/264/94
f 2510/264/94 2537/266/121 2536/263/120
f 2537/263/121 2510/265/94 2507/264/93
f 2507/264/93 2538/266/122 2537/263/121
f 2538/263/122 2507/265/93 2503/264/91
f 2503/264/91 2539/266/123 2538/263/122
f 2539/263/123 2503/265/91 2506/264/92
f 2506/264/92 2540/266/124 2539/263/123
f 2540/263/124 2506/265/92 2501/264/90
f 2501/264/90 2541/266/125 2540/263/124
f 2541/263/125 2501/265/90 2497/264/88
f 2497/264/88 2542/266/126 2541/263/125
f 2542/263/126 2497/265/88 2500/264/89
f 2500/264/89 2543/266/127 2542/263/126
f 2543/263/127 2500/265/89 2495/264/87
f 2495/264/87 2544/266/128 2543/263/127
f 2544/263/128 2495/265/87 2491/264/84
f 2491/264/84 2545/266/129 2544/263/128
f 2545/263/129 2491/265/84 2494/264/86
f 2494/264/86 2546/266/130 2545/263/129
f 2546/263/130 2494/265/86 2487/264/81
f 2487/264/81 2547/266/131 2546/263/130
f 2547/263/131 2487/265/81 2490/264/83
f 2490/264/83 2548/266/132 2547/263/131
f 2548/263/132 2490/265/83 2483/264/79
f 2483/264/79 2549/266/133 2548/263/132
f 2549/263/133 2483/265/79 2486/264/80
f 2486/264/80 2550/266/134 2549/263/133
f 2558/9/8 2554/8/4 2555/11/5
f 2555/11/5 2559/10/9 2558/9/8
f 2570/14/20 2569/13/19 2567/16/17
f 2567/16/17 2599/12/50 2570/14/20
f 2573/10/23 2572/9/22 2556/17/6
f 2556/17/6 2574/11/24 2573/10/23
f 2576/10/26 2560/9/10 2555/11/5
f 2555/11/5 2556/11/6 2576/10/26
f 2577/18/27 2578/20/28 2569/19/19
f 2569/19/19 2570/21/20 2577/18/27
f 2579/22/29 2577/18/27 2570/21/20
f 2570/21/20 2580/23/30 2579/22/29
f 2581/24/31 2579/22/29 2580/23/30
f 2580/23/30 2566/25/16 2581/24/31
f 2582/26/32 2581/24/31 2566/25/16
f 2566/25/16 2563/27/13 2582/26/32
f 2583/28/33 2582/26/32 2563/27/13
f 2563/27/13 2564/29/14 2583/28/33
f 2584/30/34 2583/28/33 2564/29/14
f 2564/29/14 2565/31/15 2584/30/34
f 2585/32/35 2584/30/34 2565/31/15
f 2565/31/15 2561/33/11 2585/32/35
f 2586/34/36 2585/32/35 2561/33/11
f 2561/33/11 2562/35/12 2586/34/36
f 2587/36/37 2586/34/36 2562/35/12
f 2562/35/12 2588/37/38 2587/36/37
f 2589/38/39 2587/36/37 2588/37/38
f 2588/37/38 2557/39/7 2589/38/39
f 2568/37/18 2569/39/19 2578/38/28
f 2578/38/28 2590/36/40 2568/37/18
f 2575/35/25 2568/37/18 2590/36/40
f 2590/36/40 2591/34/41 2575/35/25
f 2573/33/23 2575/35/25 2591/34/41
f 2591/34/41 2592/32/42 2573/33/23
f 2572/31/22 2573/33/23 2592/32/42
f 2592/32/42 2593/30/43 2572/31/22
f 2571/29/21 2572/31/22 2593/30/43
f 2593/30/43 2594/28/44 2571/29/21
f 2576/27/26 2571/29/21 2594/28/44
f 2594/28/44 2595/26/45 2576/27/26
f 2560/25/10 2576/27/26 2595/26/45
f 2595/26/45 2596/24/46 2560/25/10
f 2559/23/9 2560/25/10 2596/24/46
f 2596/24/46 2597/22/47 2559/23/9
f 2558/21/8 2559/23/9 2597/22/47
f 2597/22/47 2598/18/48 2558/21/8
f 2557/19/7 2558/21/8 2598/18/48
f 2598/18/48 2589/20/39 2557/19/7
f 2603/3/54 2600/49/51 2601/44/52
f 2601/44/52 2618/53/69 2603/3/54
f 2615/52/66 2614/4/65 2613/41/64
f 2613/41/64 2603/3/54 2615/52/66
f 2554/8/4 2557/54/7 2588/13/38
f 2588/13/38 2552/8/49 2554/8/4
f 2552/12/49 2588/14/38 2562/13/12
f 2562/13/12 2552/11/2 2552/12/49
f 2552/12/2 2565/14/15 2564/13/14
f 2564/13/14 2551/11/1 2552/12/2
f 2551/12/1 2566/14/16 2580/13/30
f 2580/13/30 2599/11/50 2551/12/1
f 2567/11/17 2568/10/18 2575/9/25
f 2575/9/25 2574/17/24 2567/11/17
f 2621/55/72 2623/57/46 2622/56/45
f 2622/56/45 2624/58/73 2621/55/72
f 2624/55/73 2622/57/45 2625/56/44
f 2625/56/44 2626/58/74 2624/55/73
f 2626/55/74 2625/57/44 2627/56/75
f 2627/56/75 2628/58/76 2626/55/74
f 2629/55/77 2631/57/48 2630/56/47
f 2630/56/47 2632/58/78 2629/55/77
f 2632/55/78 2630/57/47 2623/56/46
f 2623/56/46 2621/58/72 2632/55/78
f 2633/55/79 2635/57/37 2634/56/39
f 2634/56/39 2636/58/80 2633/55/79
f 2636/55/80 2634/57/39 2631/56/48
f 2631/56/48 2629/58/77 2636/55/80
f 2637/55/81 2639/57/35 2638/56/82
f 2638/56/82 2640/58/83 2637/55/81
f 2640/55/83 2638/57/82 2635/56/37
f 2635/56/37 2633/58/79 2640/55/83
f 2641/55/84 2643/57/85 2642/56/34
f 2642/56/34 2644/58/86 2641/55/84
f 2644/55/86 2642/57/34 2639/56/35
f 2639/56/35 2637/58/81 2644/55/86
f 2645/55/87 2646/57/32 2643/56/85
f 2643/56/85 2641/58/84 2645/55/87
f 2647/55/88 2649/57/29 2648/56/31
f 2648/56/31 2650/58/89 2647/55/88
f 2650/55/89 2648/57/31 2646/56/32
f 2646/56/32 2645/58/87 2650/55/89
f 2651/55/90 2652/57/27 2649/56/29
f 2649/56/29 2647/58/88 2651/55/90
f 2653/55/91 2655/57/40 2654/56/28
f 2654/56/28 2656/58/92 2653/55/91
f 2656/55/92 2654/57/28 2652/56/27
f 2652/56/27 2651/58/90 2656/55/92
f 2657/55/93 2658/57/41 2655/56/40
f 2655/56/40 2653/58/91 2657/55/93
f 2628/55/76 2627/57/75 2659/56/42
f 2659/56/42 2660/58/94 2628/55/76
f 2660/55/94 2659/57/42 2658/56/41
f 2658/56/41 2657/58/93 2660/55/94
f 2630/59/47 2597/61/47 2596/60/46
f 2596/60/46 2623/62/46 2630/59/47
f 2661/63/95 2618/65/69 2620/64/71
f 2620/64/71 2662/66/96 2661/63/95
f 2662/67/96 2620/69/71 2601/68/52
f 2601/68/52 2663/70/97 2662/67/96
f 2631/71/48 2598/73/48 2597/72/47
f 2597/72/47 2630/74/47 2631/71/48
f 2663/75/97 2601/77/52 2602/76/53
f 2602/76/53 2664/78/98 2663/75/97
f 2634/79/39 2589/81/39 2598/80/48
f 2598/80/48 2631/82/48 2634/79/39
f 2664/83/98 2602/85/53 2600/84/51
f 2600/84/51 2665/86/99 2664/83/98
f 2635/87/37 2587/89/37 2589/88/39
f 2589/88/39 2634/90/39 2635/87/37
f 2665/91/99 2600/93/51 2604/92/55
f 2604/92/55 2666/94/100 2665/91/99
f 2638/95/82 2586/97/36 2587/96/37
f 2587/96/37 2635/98/37 2638/95/82
f 2666/99/100 2604/101/55 2605/100/56
f 2605/100/56 2667/102/101 2666/99/100
f 2639/103/35 2585/105/35 2586/104/36
f 2586/104/36 2638/106/82 2639/103/35
f 2667/107/101 2605/109/56 2606/108/57
f 2606/108/57 2668/110/102 2667/107/101
f 2642/111/34 2584/113/34 2585/112/35
f 2585/112/35 2639/114/35 2642/111/34
f 2668/115/102 2606/117/57 2607/116/58
f 2607/116/58 2669/118/103 2668/115/102
f 2643/119/85 2583/121/33 2584/120/34
f 2584/120/34 2642/122/34 2643/119/85
f 2669/123/103 2607/125/58 2608/124/59
f 2608/124/59 2670/126/104 2669/123/103
f 2646/127/32 2582/116/32 2583/128/33
f 2583/128/33 2643/129/85 2646/127/32
f 2670/130/104 2608/132/59 2609/131/60
f 2609/131/60 2671/133/105 2670/130/104
f 2648/134/31 2581/136/31 2582/135/32
f 2582/135/32 2646/137/32 2648/134/31
f 2671/138/105 2609/120/60 2610/139/61
f 2610/139/61 2672/140/106 2671/138/105
f 2649/141/29 2579/143/29 2581/142/31
f 2581/142/31 2648/144/31 2649/141/29
f 2672/145/106 2610/147/61 2611/146/62
f 2611/146/62 2673/148/107 2672/145/106
f 2652/149/27 2577/151/27 2579/150/29
f 2579/150/29 2649/152/29 2652/149/27
f 2673/153/107 2611/155/62 2612/154/63
f 2612/154/63 2674/156/108 2673/153/107
f 2654/157/28 2578/84/28 2577/158/27
f 2577/158/27 2652/159/27 2654/157/28
f 2674/160/108 2612/161/63 2613/81/64
f 2613/81/64 2675/162/109 2674/160/108
f 2655/163/40 2590/164/40 2578/93/28
f 2578/93/28 2654/165/28 2655/163/40
f 2675/166/109 2613/88/64 2614/167/65
f 2614/167/65 2676/168/110 2675/166/109
f 2658/169/41 2591/171/41 2590/170/40
f 2590/170/40 2655/172/40 2658/169/41
f 2676/173/110 2614/175/65 2616/174/67
f 2616/174/67 2677/176/111 2676/173/110
f 2659/177/42 2592/179/42 2591/178/41
f 2591/178/41 2658/180/41 2659/177/42
f 2677/181/111 2616/183/67 2615/182/66
f 2615/182/66 2678/184/112 2677/181/111
f 2627/185/75 2593/187/43 2592/186/42
f 2592/186/42 2659/188/42 2627/185/75
f 2678/189/112 2615/191/66 2617/190/68
f 2617/190/68 2679/192/113 2678/189/112
f 2625/193/44 2594/194/44 2593/65/43
f 2593/65/43 2627/195/75 2625/193/44
f 2679/196/113 2617/198/68 2619/197/70
f 2619/197/70 2680/199/114 2679/196/113
f 2622/200/45 2595/190/45 2594/201/44
f 2594/201/44 2625/202/44 2622/200/45
f 2680/203/114 2619/205/70 2618/204/69
f 2618/204/69 2661/206/95 2680/203/114
f 2623/207/46 2596/209/46 2595/208/45
f 2595/208/45 2622/210/45 2623/207/46
f 2664/211/98 2682/213/116 2681/212/115
f 2681/212/115 2663/214/97 2664/211/98
f 2663/215/97 2681/217/115 2683/216/117
f 2683/216/117 2662/218/96 2663/215/97
f 2662/219/96 2683/221/117 2684/220/118
f 2684/220/118 2661/222/95 2662/219/96
f 2661/223/95 2684/225/118 2685/224/119
f 2685/224/119 2680/226/114 2661/223/95
f 2680/223/114 2685/225/119 2686/224/120
f 2686/224/120 2679/226/113 2680/223/114
f 2679/227/113 2686/229/120 2687/228/121
f 2687/228/121 2678/230/112 2679/227/113
f 2678/231/112 2687/233/121 2688/232/122
f 2688/232/122 2677/234/111 2678/231/112
f 2677/235/111 2688/237/122 2689/236/123
f 2689/236/123 2676/238/110 2677/235/111
f 2676/223/110 2689/225/123 2690/224/124
f 2690/224/124 2675/226/109 2676/223/110
f 2675/223/109 2690/225/124 2691/224/125
f 2691/224/125 2674/226/108 2675/223/109
f 2674/239/108 2691/241/125 2692/240/126
f 2692/240/126 2673/242/107 2674/239/108
f 2673/243/107 2692/245/126 2693/244/127
f 2693/244/127 2672/246/106 2673/243/107
f 2672/247/106 2693/249/127 2694/248/128
f 2694/248/128 2671/250/105 2672/247/106
f 2671/223/105 2694/225/128 2695/224/129
f 2695/224/129 2670/226/104 2671/223/105
f 2670/223/104 2695/225/129 2696/224/130
f 2696/224/130 2669/226/103 2670/223/104
f 2669/251/103 2696/253/130 2697/252/131
f 2697/252/131 2668/254/102 2669/251/103
f 2668/255/102 2697/257/131 2698/256/132
f 2698/256/132 2667/258/101 2668/255/102
f 2667/259/101 2698/261/132 2699/260/133
f 2699/260/133 2666/262/100 2667/259/101
f 2666/223/100 2699/225/133 2700/224/134
f 2700/224/134 2665/226/99 2666/223/100
f 2665/223/99 2700/225/134 2682/224/116
f 2682/224/116 2664/226/98 2665/223/99
f 2700/263/134 2636/265/80 2629/264/77
f 2629/264/77 2682/266/116 2700/263/134
f 2682/263/116 2629/265/77 2632/264/78
f 2632/264/78 2681/266/115 2682/263/116
f 2681/263/115 2632/265/78 2621/264/72
f 2621/264/72 2683/266/117 2681/263/115
f 2683/263/117 2621/265/72 2624/264/73
f 2624/264/73 2684/266/118 2683/263/117
f 2684/263/118 2624/265/73 2626/264/74
f 2626/264/74 2685/266/119 2684/263/118
f 2685/263/119 2626/265/74 2628/264/76
f 2628/264/76 2686/266/120 2685/263/119
f 2686/263/120 2628/265/76 2660/264/94
f 2660/264/94 2687/266/121 2686/263/120
f 2687/263/121 2660/265/94 2657/264/93
f 2657/264/93 2688/266/122 2687/263/121
f 2688/263/122 2657/265/93 2653/264/91
f 2653/264/91 2689/266/123 2688/263/122
f 2689/263/123 2653/265/91 2656/264/92
f 2656/264/92 2690/266/124 2689/263/123
f 2690/263/124 2656/265/92 2651/264/90
f 2651/264/90 2691/266/125 2690/263/124
f 2691/263/125 2651/265/90 2647/264/88
f 2647/264/88 2692/266/126 2691/263/125
f 2692/263/126 2647/265/88 2650/264/89
f 2650/264/89 2693/266/127 2692/263/126
f 2693/263/127 2650/265/89 2645/264/87
f 2645/264/87 2694/266/128 2693/263/127
f 2694/263/128 2645/265/87 2641/264/84
f 2641/264/84 2695/266/129 2694/263/128
f 2695/263/129 2641/265/84 2644/264/86
f 2644/264/86 2696/266/130 2695/263/129
f 2696/263/130 2644/265/86 2637/264/81
f 2637/264/81 2697/266/131 2696/263/130
f 2697/263/131 2637/265/81 2640/264/83
f 2640/264/83 2698/266/132 2697/263/131
f 2698/263/132 2640/265/83 2633/264/79
f 2633/264/79 2699/266/133 2698/263/132
f 2699/263/133 2633/265/79 2636/264/80
f 2636/264/80 2700/266/134 2699/263/133
f 2708/9/8 2704/8/4 2705/11/5
f 2705/11/5 2709/10/9 2708/9/8
f 2720/14/20 2719/13/19 2717/16/17
f 2717/16/17 2749/12/50 2720/14/20
f 2723/10/23 2722/9/22 2706/17/6
f 2706/17/6 2724/11/24 2723/10/23
f 2726/10/26 2710/9/10 2705/11/5
f 2705/11/5 2706/11/6 2726/10/26
f 2727/18/27 2728/20/28 2719/19/19
f 2719/19/19 2720/21/20 2727/18/27
f 2729/22/29 2727/18/27 2720/21/20
f 2720/21/20 2730/23/30 2729/22/29
f 2731/24/31 2729/22/29 2730/23/30
f 2730/23/30 2716/25/16 2731/24/31
f 2732/26/32 2731/24/31 2716/25/16
f 2716/25/16 2713/27/13 2732/26/32
f 2733/28/33 2732/26/32 2713/27/13
f 2713/27/13 2714/29/14 2733/28/33
f 2734/30/34 2733/28/33 2714/29/14
f 2714/29/14 2715/31/15 2734/30/34
f 2735/32/35 2734/30/34 2715/31/15
f 2715/31/15 2711/33/11 2735/32/35
f 2736/34/36 2735/32/35 2711/33/11
f 2711/33/11 2712/35/12 2736/34/36
f 2737/36/37 2736/34/36 2712/35/12
f 2712/35/12 2738/37/38 2737/36/37
f 2739/38/39 2737/36/37 2738/37/38
f 2738/37/38 2707/39/7 2739/38/39
f 2718/37/18 2719/39/19 2728/38/28
f 2728/38/28 2740/36/40 2718/37/18
f 2725/35/25 2718/37/18 2740/36/40
f 2740/36/40 2741/34/41 2725/35/25
f 2723/33/23 2725/35/25 2741/34/41
f 2741/34/41 2742/32/42 2723/33/23
f 2722/31/22 2723/33/23 2742/32/42
f 2742/32/42 2743/30/43 2722/31/22
f 2721/29/21 2722/31/22 2743/30/43
f 2743/30/43 2744/28/44 2721/29/21
f 2726/27/26 2721/29/21 2744/28/44
f 2744/28/44 2745/26/45 2726/27/26
f 2710/25/10 2726/27/26 2745/26/45
f 2745/26/45 2746/24/46 2710/25/10
f 2709/23/9 2710/25/10 2746/24/46
f 2746/24/46 2747/22/47 2709/23/9
f 2708/21/8 2709/23/9 2747/22/47
f 2747/22/47 2748/18/48 2708/21/8
f 2707/19/7 2708/21/8 2748/18/48
f 2748/18/48 2739/20/39 2707/19/7
f 2753/3/54 2750/49/51 2751/44/52
f 2751/44/52 2768/53/69 2753/3/54
f 2765/52/66 2764/4/65 2763/41/64
f 2763/41/64 2753/3/54 2765/52/66
f 2704/8/4 2707/54/7 2738/13/38
f 2738/13/38 2702/8/49 2704/8/4
f 2702/12/49 2738/14/38 2712/13/12
f 2712/13/12 2702/11/2 2702/12/49
f 2702/12/2 2715/14/15 2714/13/14
f 2714/13/14 2701/11/1 2702/12/2
f 2701/12/1 2716/14/16 2730/13/30
f 2730/13/30 2749/11/50 2701/12/1
f 2717/11/17 2718/10/18 2725/9/25
f 2725/9/25 2724/17/24 2717/11/17
f 2771/55/72 2773/57/46 2772/56/45
f 2772/56/45 2774/58/73 2771/55/72
f 2774/55/73 2772/57/45 2775/56/44
f 2775/56/44 2776/58/74 2774/55/73
f 2776/55/74 2775/57/44 2777/56/75
f 2777/56/75 2778/58/76 2776/55/74
f 2779/55/77 2781/57/48 2780/56/47
f 2780/56/47 2782/58/78 2779/55/77
f 2782/55/78 2780/57/47 2773/56/46
f 2773/56/46 2771/58/72 2782/55/78
f 2783/55/79 2785/57/37 2784/56/39
f 2784/56/39 2786/58/80 2783/55/79
f 2786/55/80 2784/57/39 2781/56/48
f 2781/56/48 2779/58/77 2786/55/80
f 2787/55/81 2789/57/35 2788/56/82
f 2788/56/82 2790/58/83 2787/55/81
f 2790/55/83 2788/57/82 2785/56/37
f 2785/56/37 2783/58/79 2790/55/83
f 2791/55/84 2793/57/85 2792/56/34
f 2792/56/34 2794/58/86 2791/55/84
f 2794/55/86 2792/57/34 2789/56/35
f 2789/56/35 2787/58/81 2794/55/86
f 2795/55/87 2796/57/32 2793/56/85
f 2793/56/85 2791/58/84 2795/55/87
f 2797/55/88 2799/57/29 2798/56/31
f 2798/56/31 2800/58/89 2797/55/88
f 2800/55/89 2798/57/31 2796/56/32
f 2796/56/32 2795/58/87 2800/55/89
f 2801/55/90 2802/57/27 2799/56/29
f 2799/56/29 2797/58/88 2801/55/90
f 2803/55/91 2805/57/40 2804/56/28
f 2804/56/28 2806/58/92 2803/55/91
f 2806/55/92 2804/57/28 2802/56/27
f 2802/56/27 2801/58/90 2806/55/92
f 2807/55/93 2808/57/41 2805/56/40
f 2805/56/40 2803/58/91 2807/55/93
f 2778/55/76 2777/57/75 2809/56/42
f 2809/56/42 2810/58/94 2778/55/76
f 2810/55/94 2809/57/42 2808/56/41
f 2808/56/41 2807/58/93 2810/55/94
f 2780/59/47 2747/61/47 2746/60/46
f 2746/60/46 2773/62/46 2780/59/47
f 2811/63/95 2768/65/69 2770/64/71
f 2770/64/71 2812/66/96 2811/63/95
f 2812/67/96 2770/69/71 2751/68/52
f 2751/68/52 2813/70/97 2812/67/96
f 2781/71/48 2748/73/48 2747/72/47
f 2747/72/47 2780/74/47 2781/71/48
f 2813/75/97 2751/77/52 2752/76/53
f 2752/76/53 2814/78/98 2813/75/97
f 2784/79/39 2739/81/39 2748/80/48
f 2748/80/48 2781/82/48 2784/79/39
f 2814/83/98 2752/85/53 2750/84/51
f 2750/84/51 2815/86/99 2814/83/98
f 2785/87/37 2737/89/37 2739/88/39
f 2739/88/39 2784/90/39 2785/87/37
f 2815/91/99 2750/93/51 2754/92/55
f 2754/92/55 2816/94/100 2815/91/99
f 2788/95/82 2736/97/36 2737/96/37
f 2737/96/37 2785/98/37 2788/95/82
f 2816/99/100 2754/101/55 2755/100/56
f 2755/100/56 2817/102/101 2816/99/100
f 2789/103/35 2735/105/35 2736/104/36
f 2736/104/36 2788/106/82 2789/103/35
f 2817/107/101 2755/109/56 2756/108/57
f 2756/108/57 2818/110/102 2817/107/101
f 2792/111/34 2734/113/34 2735/112/35
f 2735/112/35 2789/114/35 2792/111/34
f 2818/115/102 2756/117/57 2757/116/58
f 2757/116/58 2819/118/103 2818/115/102
f 2793/119/85 2733/121/33 2734/120/34
f 2734/120/34 2792/122/34 2793/119/85
f 2819/123/103 2757/125/58 2758/124/59
f 2758/124/59 2820/126/104 2819/123/103
f 2796/127/32 2732/116/32 2733/128/33
f 2733/128/33 2793/129/85 2796/127/32
f 2820/130/104 2758/132/59 2759/131/60
f 2759/131/60 2821/133/105 2820/130/104
f 2798/134/31 2731/136/31 2732/135/32
f 2732/135/32 2796/137/32 2798/134/31
f 2821/138/105 2759/120/60 2760/139/61
f 2760/139/61 2822/140/106 2821/138/105
f 2799/141/29 2729/143/29 2731/142/31
f 2731/142/31 2798/144/31 2799/141/29
f 2822/145/106 2760/147/61 2761/146/62
f 2761/146/62 2823/148/107 2822/145/106
f 2802/149/27 2727/151/27 2729/150/29
f 2729/150/29 2799/152/29 2802/149/27
f 2823/153/107 2761/155/62 2762/154/63
f 2762/154/63 2824/156/108 2823/153/107
f 2804/157/28 2728/84/28 2727/158/27
f 2727/158/27 2802/159/27 2804/157/28
f 2824/160/108 2762/161/63 2763/81/64
f 2763/81/64 2825/162/109 2824/160/108
f 2805/163/40 2740/164/40 2728/93/28
f 2728/93/28 2804/165/28 2805/163/40
f 2825/166/109 2763/88/64 2764/167/65
f 2764/167/65 2826/168/110 2825/166/109
f 2808/169/41 2741/171/41 2740/170/40
f 2740/170/40 2805/172/40 2808/169/41
f 2826/173/110 2764/175/65 2766/174/67
f 2766/174/67 2827/176/111 2826/173/110
f 2809/177/42 2742/179/42 2741/178/41
f 2741/178/41 2808/180/41 2809/177/42
f 2827/181/111 2766/183/67 2765/182/66
f 2765/182/66 2828/184/112 2827/181/111
f 2777/185/75 2743/187/43 2742/186/42
f 2742/186/42 2809/188/42 2777/185/75
f 2828/189/112 2765/191/66 2767/190/68
f 2767/190/68 2829/192/113 2828/189/112
f 2775/193/44 2744/194/44 2743/65/43
f 2743/65/43 2777/195/75 2775/193/44
f 2829/196/113 2767/198/68 2769/197/70
f 2769/197/70 2830/199/114 2829/196/113
f 2772/200/45 2745/190/45 2744/201/44
f 2744/201/44 2775/202/44 2772/200/45
f 2830/203/114 2769/205/70 2768/204/69
f 2768/204/69 2811/206/95 2830/203/114
f 2773/207/46 2746/209/46 2745/208/45
f 2745/208/45 2772/210/45 2773/207/46
f 2814/211/98 2832/213/116 2831/212/115
f 2831/212/115 2813/214/97 2814/211/98
f 2813/215/97 2831/217/115 2833/216/117
f 2833/216/117 2812/218/96 2813/215/97
f 2812/219/96 2833/221/117 2834/220/118
f 2834/220/118 2811/222/95 2812/219/96
f 2811/223/95 2834/225/118 2835/224/119
f 2835/224/119 2830/226/114 2811/223/95
f 2830/223/114 2835/225/119 2836/224/120
f 2836/224/120 2829/226/113 2830/223/114
f 2829/227/113 2836/229/120 2837/228/121
f 2837/228/121 2828/230/112 2829/227/113
f 2828/231/112 2837/233/121 2838/232/122
f 2838/232/122 2827/234/111 2828/231/112
f 2827/235/111 2838/237/122 2839/236/123
f 2839/236/123 2826/238/110 2827/235/111
f 2826/223/110 2839/225/123 2840/224/124
f 2840/224/124 2825/226/109 2826/223/110
f 2825/223/109 2840/225/124 2841/224/125
f 2841/224/125 2824/226/108 2825/223/109
f 2824/239/108 2841/241/125 2842/240/126
f 2842/240/126 2823/242/107 2824/239/108
f 2823/243/107 2842/245/126 2843/244/127
f 2843/244/127 2822/246/106 2823/243/107
f 2822/247/106 2843/249/127 2844/248/128
f 2844/248/128 2821/250/105 2822/247/106
f 2821/223/105 2844/225/128 2845/224/129
f 2845/224/129 2820/226/104 2821/223/105
f 2820/223/104 2845/225/129 2846/224/130
f 2846/224/130 2819/226/103 2820/223/104
f 2819/251/103 2846/253/130 2847/252/131
f 2847/252/131 2818/254/102 2819/251/103
f 2818/255/102 2847/257/131 2848/256/132
f 2848/256/132 2817/258/101 2818/255/102
f 2817/259/101 2848/261/132 2849/260/133
f 2849/260/133 2816/262/100 2817/259/101
f 2816/223/100 2849/225/133 2850/224/134
f 2850/224/134 2815/226/99 2816/223/100
f 2815/223/99 2850/225/134 2832/224/116
f 2832/224/116 2814/226/98 2815/223/99
f 2850/263/134 2786/265/80 2779/264/77
f 2779/264/77 2832/266/116 2850/263/134
f 2832/263/116 2779/265/77 2782/264/78
f 2782/264/78 2831/266/115 2832/263/116
f 2831/263/115 2782/265/78 2771/264/72
f 2771/264/72 2833/266/117 2831/263/115
f 2833/263/117 2771/265/72 2774/264/73
f 2774/264/73 2834/266/118 2833/263/117
f 2834/263/118 2774/265/73 2776/264/74
f 2776/264/74 2835/266/119 2834/263/118
f 2835/263/119 2776/265/74 2778/264/76
f 2778/264/76 2836/266/120 2835/263/119
f 2836/263/120 2778/265/76 2810/264/94
f 2810/264/94 2837/266/121 2836/263/120
f 2837/263/121 2810/265/94 2807/264/93
f 2807/264/93 2838/266/122 2837/263/121
f 2838/263/122 2807/265/93 2803/264/91
f 2803/264/91 2839/266/123 2838/263/122
f 2839/263/123 2803/265/91 2806/264/92
f 2806/264/92 2840/266/124 2839/263/123
f 2840/263/124 2806/265/92 2801/264/90
f 2801/264/90 2841/266/125 2840/263/124
f 2841/263/125 2801/265/90 2797/264/88
f 2797/264/88 2842/266/126 2841/263/125
f 2842/263/126 2797/265/88 2800/264/89
f 2800/264/89 2843/266/127 2842/263/126
f 2843/263/127 2800/265/89 2795/264/87
f 2795/264/87 2844/266/128 2843/263/127
f 2844/263/128 2795/265/87 2791/264/84
f 2791/264/84 2845/266/129 2844/263/128
f 2845/263/129 2791/265/84 2794/264/86
f 2794/264/86 2846/266/130 2845/263/129
f 2846/263/130 2794/265/86 2787/264/81
f 2787/264/81 2847/266/131 2846/263/130
f 2847/263/131 2787/265/81 2790/264/83
f 2790/264/83 2848/266/132 2847/263/131
f 2848/263/132 2790/265/83 2783/264/79
f 2783/264/79 2849/266/133 2848/263/132
f 2849/263/133 2783/265/79 2786/264/80
f 2786/264/80 2850/266/134 2849/263/133
f 2858/9/8 2854/8/4 2855/11/5
f 2855/11/5 2859/10/9 2858/9/8
f 2870/14/20 2869/13/19 2867/16/17
f 2867/16/17 2899/12/50 2870/14/20
f 2873/10/23 2872/9/22 2856/17/6
f 2856/17/6 2874/11/24 2873/10/23
f 2876/10/26 2860/9/10 2855/11/5
f 2855/11/5 2856/11/6 2876/10/26
f 2877/18/27 2878/20/28 2869/19/19
f 2869/19/19 2870/21/20 2877/18/27
f 2879/22/29 2877/18/27 2870/21/20
f 2870/21/20 2880/23/30 2879/22/29
f 2881/24/31 2879/22/29 2880/23/30
f 2880/23/30 2866/25/16 2881/24/31
f 2882/26/32 2881/24/31 2866/25/16
f 2866/25/16 2863/27/13 2882/26/32
f 2883/28/33 2882/26/32 2863/27/13
f 2863/27/13 2864/29/14 2883/28/33
f 2884/30/34 2883/28/33 2864/29/14
f 2864/29/14 2865/31/15 2884/30/34
f 2885/32/35 2884/30/34 2865/31/15
f 2865/31/15 2861/33/11 2885/32/35
f 2886/34/36 2885/32/35 2861/33/11
f 2861/33/11 2862/35/12 2886/34/36
f 2887/36/37 2886/34/36 2862/35/12
f 2862/35/12 2888/37/38 2887/36/37
f 2889/38/39 2887/36/37 2888/37/38
f 2888/37/38 2857/39/7 2889/38/39
f 2868/37/18 2869/39/19 2878/38/28
f 2878/38/28 2890/36/40 2868/37/18
f 2875/35/25 2868/37/18 2890/36/40
f 2890/36/40 2891/34/41 2875/35/25
f 2873/33/23 2875/35/25 2891/34/41
f 2891/34/41 2892/32/42 2873/33/23
f 2872/31/22 2873/33/23 2892/32/42
f 2892/32/42 2893/30/43 2872/31/22
f 2871/29/21 2872/31/22 2893/30/43
f 2893/30/43 2894/28/44 2871/29/21
f 2876/27/26 2871/29/21 2894/28/44
f 2894/28/44 2895/26/45 2876/27/26
f 2860/25/10 2876/27/26 2895/26/45
f 2895/26/45 2896/24/46 2860/25/10
f 2859/23/9 2860/25/10 2896/24/46
f 2896/24/46 2897/22/47 2859/23/9
f 2858/21/8 2859/23/9 2897/22/47
f 2897/22/47 2898/18/48 2858/21/8
f 2857/19/7 2858/21/8 2898/18/48
f 2898/18/48 2889/20/39 2857/19/7
f 2903/3/54 2900/49/51 2901/44/52
f 2901/44/52 2918/53/69 2903/3/54
f 2915/52/66 2914/4/65 2913/41/64
f 2913/41/64 2903/3/54 2915/52/66
f 2854/8/4 2857/54/7 2888/13/38
f 2888/13/38 2852/8/49 2854/8/4
f 2852/12/49 2888/14/38 2862/13/12
f 2862/13/12 2852/11/2 2852/12/49
f 2852/12/2 2865/14/15 2864/13/14
f 2864/13/14 2851/11/1 2852/12/2
f 2851/12/1 2866/14/16 2880/13/30
f 2880/13/30 2899/11/50 2851/12/1
f 2867/11/17 2868/10/18 2875/9/25
f 2875/9/25 2874/17/24 2867/11/17
f 2921/55/72 2923/57/46 2922/56/45
f 2922/56/45 2924/58/73 2921/55/72
f 2924/55/73 2922/57/45 2925/56/44
f 2925/56/44 2926/58/74 2924/55/73
f 2926/55/74 2925/57/44 2927/56/75
f 2927/56/75 2928/58/76 2926/55/74
f 2929/55/77 2931/57/48 2930/56/47
f 2930/56/47 2932/58/78 2929/55/77
f 2932/55/78 2930/57/47 2923/56/46
f 2923/56/46 2921/58/72 2932/55/78
f 2933/55/79 2935/57/37 2934/56/39
f 2934/56/39 2936/58/80 2933/55/79
f 2936/55/80 2934/57/39 2931/56/48
f 2931/56/48 2929/58/77 2936/55/80
f 2937/55/81 2939/57/35 2938/56/82
f 2938/56/82 2940/58/83 2937/55/81
f 2940/55/83 2938/57/82 2935/56/37
f 2935/56/37 2933/58/79 2940/55/83
f 2941/55/84 2943/57/85 2942/56/34
f 2942/56/34 2944/58/86 2941/55/84
f 2944/55/86 2942/57/34 2939/56/35
f 2939/56/35 2937/58/81 2944/55/86
f 2945/55/87 2946/57/32 2943/56/85
f 2943/56/85 2941/58/84 2945/55/87
f 2947/55/88 2949/57/29 2948/56/31
f 2948/56/31 2950/58/89 2947/55/88
f 2950/55/89 2948/57/31 2946/56/32
f 2946/56/32 2945/58/87 2950/55/89
f 2951/55/90 2952/57/27 2949/56/29
f 2949/56/29 2947/58/88 2951/55/90
f 2953/55/91 2955/57/40 2954/56/28
f 2954/56/28 2956/58/92 2953/55/91
f 2956/55/92 2954/57/28 2952/56/27
f 2952/56/27 2951/58/90 2956/55/92
f 2957/55/93 2958/57/41 2955/56/40
f 2955/56/40 2953/58/91 2957/55/93
f 2928/55/76 2927/57/75 2959/56/42
f 2959/56/42 2960/58/94 2928/55/76
f 2960/55/94 2959/57/42 2958/56/41
f 2958/56/41 2957/58/93 2960/55/94
f 2930/59/47 2897/61/47 2896/60/46
f 2896/60/46 2923/62/46 2930/59/47
f 2961/63/95 2918/65/69 2920/64/71
f 2920/64/71 2962/66/96 2961/63/95
f 2962/67/96 2920/69/71 2901/68/52
f 2901/68/52 2963/70/97 2962/67/96
f 2931/71/48 2898/73/48 2897/72/47
f 2897/72/47 2930/74/47 2931/71/48
f 2963/75/97 2901/77/52 2902/76/53
f 2902/76/53 2964/78/98 2963/75/97
f 2934/79/39 2889/81/39 2898/80/48
f 2898/80/48 2931/82/48 2934/79/39
f 2964/83/98 2902/85/53 2900/84/51
f 2900/84/51 2965/86/99 2964/83/98
f 2935/87/37 2887/89/37 2889/88/39
f 2889/88/39 2934/90/39 2935/87/37
f 2965/91/99 2900/93/51 2904/92/55
f 2904/92/55 2966/94/100 2965/91/99
f 2938/95/82 2886/97/36 2887/96/37
f 2887/96/37 2935/98/37 2938/95/82
f 2966/99/100 2904/101/55 2905/100/56
f 2905/100/56 2967/102/101 2966/99/100
f 2939/103/35 2885/105/35 2886/104/36
f 2886/104/36 2938/106/82 2939/103/35
f 2967/107/101 2905/109/56 2906/108/57
f 2906/108/57 2968/110/102 2967/107/101
f 2942/111/34 2884/113/34 2885/112/35
f 2885/112/35 2939/114/35 2942/111/34
f 2968/115/102 2906/117/57 2907/116/58
f 2907/116/58 2969/118/103 2968/115/102
f 2943/119/85 2883/121/33 2884/120/34
f 2884/120/34 2942/122/34 2943/119/85
f 2969/123/103 2907/125/58 2908/124/59
f 2908/124/59 2970/126/104 2969/123/103
f 2946/127/32 2882/116/32 2883/128/33
f 2883/128/33 2943/129/85 2946/127/32
f 2970/130/104 2908/132/59 2909/131/60
f 2909/131/60 2971/133/105 2970/130/104
f 2948/134/31 2881/136/31 2882/135/32
f 2882/135/32 2946/137/32 2948/134/31
f 2971/138/105 2909/120/60 2910/139/61
f 2910/139/61 2972/140/106 2971/138/105
f 2949/141/29 2879/143/29 2881/142/31
f 2881/142/31 2948/144/31 2949/141/29
f 2972/145/106 2910/147/61 2911/146/62
f 2911/146/62 2973/148/107 2972/145/106
f 2952/149/27 2877/151/27 2879/150/29
f 2879/150/29 2949/152/29 2952/149/27
f 2973/153/107 2911/155/62 2912/154/63
f 2912/154/63 2974/156/108 2973/153/107
f 2954/157/28 2878/84/28 2877/158/27
f 2877/158/27 2952/159/27 2954/157/28
f 2974/160/108 2912/161/63 2913/81/64
f 2913/81/64 2975/162/109 2974/160/108
f 2955/163/40 2890/164/40 2878/93/28
f 2878/93/28 2954/165/28 2955/163/40
f 2975/166/109 2913/88/64 2914/167/65
f 2914/167/65 2976/168/110 2975/166/109
f 2958/169/41 2891/171/41 2890/170/40
f 2890/170/40 2955/172/40 2958/169/41
f 2976/173/110 2914/175/65 2916/174/67
f 2916/174/67 2977/176/111 2976/173/110
f 2959/177/42 2892/179/42 2891/178/41
f 2891/178/41 2958/180/41 2959/177/42
f 2977/181/111 2916/183/67 2915/182/66
f 2915/182/66 2978/184/112 2977/181/111
f 2927/185/75 2893/187/43 2892/186/42
f 2892/186/42 2959/188/42 2927/185/75
f 2978/189/112 2915/191/66 2917/190/68
f 2917/190/68 2979/192/113 2978/189/112
f 2925/193/44 2894/194/44 2893/65/43
f 2893/65/43 2927/195/75 2925/193/44
f 2979/196/113 2917/198/68 2919/197/70
f 2919/197/70 2980/199/114 2979/196/113
f 2922/200/45 2895/190/45 2894/201/44
f 2894/201/44 2925/202/44 2922/200/45
f 2980/203/114 2919/205/70 2918/204/69
f 2918/204/69 2961/206/95 2980/203/114
f 2923/207/46 2896/209/46 2895/208/45
f 2895/208/45 2922/210/45 2923/207/46
f 2964/211/98 2982/213/116 2981/212/115
f 2981/212/115 2963/214/97 2964/211/98
f 2963/215/97 2981/217/115 2983/216/117
f 2983/216/117 2962/218/96 2963/215/97
f 2962/219/96 2983/221/117 2984/220/118
f 2984/220/118 2961/222/95 2962/219/96
f 2961/223/95 2984/225/118 2985/224/119
f 2985/224/119 2980/226/114 2961/223/95
f 2980/223/114 2985/225/119 2986/224/120
f 2986/224/120 2979/226/113 2980/223/114
f 2979/227/113 2986/229/120 2987/228/121
f 2987/228/121 2978/230/112 2979/227/113
f 2978/231/112 2987/233/121 2988/232/122
f 2988/232/122 2977/234/111 2978/231/112
f 2977/235/111 2988/237/122 2989/236/123
f 2989/236/123 2976/238/110 2977/235/111
f 2976/223/110 2989/225/123 2990/224/124
f 2990/224/124 2975/226/109 2976/223/110
f 2975/223/109 2990/225/124 2991/224/125
f 2991/224/125 2974/226/108 2975/223/109
f 2974/239/108 2991/241/125 2992/240/126
f 2992/240/126 2973/242/107 2974/239/108
f 2973/243/107 2992/245/126 2993/244/127
f 2993/244/127 2972/246/106 2973/243/107
f 2972/247/106 2993/249/127 2994/248/128
f 2994/248/128 2971/250/105 2972/247/106
f 2971/223/105 2994/225/128 2995/224/129
f 2995/224/129 2970/226/104 2971/223/105
f 2970/223/104 2995/225/129 2996/224/130
f 2996/224/130 2969/226/103 2970/223/104
f 2969/251/103 2996/253/130 2997/252/131
f 2997/252/131 2968/254/102 2969/251/103
f 2968/255/102 2997/257/131 2998/256/132
f 2998/256/132 2967/258/101 2968/255/102
f 2967/259/101 2998/261/132 2999/260/133
f 2999/260/133 2966/262/100 2967/259/101
f 2966/223/100 2999/225/133 3000/224/134
f 3000/224/134 2965/226/99 2966/223/100
f 2965/223/99 3000/225/134 2982/224/116
f 2982/224/116 2964/226/98 2965/223/99
f 3000/263/134 2936/265/80 2929/264/77
f 2929/264/77 2982/266/116 3000/263/134
f 2982/263/116 2929/265/77 2932/264/78
f 2932/264/78 2981/266/115 2982/263/116
f 2981/263/115 2932/265/78 2921/264/72
f 2921/264/72 2983/266/117 2981/263/115
f 2983/263/117 2921/265/72 2924/264/73
f 2924/264/73 2984/266/118 2983/263/117
f 2984/263/118 2924/265/73 2926/264/74
f 2926/264/74 2985/266/119 2984/263/118
f 2985/263/119 2926/265/74 2928/264/76
f 2928/264/76 2986/266/120 2985/263/119
f 2986/263/120 2928/265/76 2960/264/94
f 2960/264/94 2987/266/121 2986/263/120
f 2987/263/121 2960/265/94 2957/264/93
f 2957/264/93 2988/266/122 2987/263/121
f 2988/263/122 2957/265/93 2953/264/91
f 2953/264/91 2989/266/123 2988/263/122
f 2989/263/123 2953/265/91 2956/264/92
f 2956/264/92 2990/266/124 2989/263/123
f 2990/263/124 2956/265/92 2951/264/90
f 2951/264/90 2991/266/125 2990/263/124
f 2991/263/125 2951/265/90 2947/264/88
f 2947/264/88 2992/266/126 2991/263/125
f 2992/263/126 2947/265/88 2950/264/89
f 2950/264/89 2993/266/127 2992/263/126
f 2993/263/127 2950/265/89 2945/264/87
f 2945/264/87 2994/266/128 2993/263/127
f 2994/263/128 2945/265/87 2941/264/84
f 2941/264/84 2995/266/129 2994/263/128
f 2995/263/129 2941/265/84 2944/264/86
f 2944/264/86 2996/266/130 2995/263/129
f 2996/263/130 2944/265/86 2937/264/81
f 2937/264/81 2997/266/131 2996/263/130
f 2997/263/131 2937/265/81 2940/264/83
f 2940/264/83 2998/266/132 2997/263/131
f 2998/263/132 2940/265/83 2933/264/79
f 2933/264/79 2999/266/133 2998/263/132
f 2999/263/133 2933/265/79 2936/264/80
f 2936/264/80 3000/266/134 2999/263/133
f 3008/9/8 3004/8/4 3005/11/5
f 3005/11/5 3009/10/9 3008/9/8
f 3020/14/20 3019/13/19 3017/16/17
f 3017/16/17 3049/12/50 3020/14/20
f 3023/10/23 3022/9/22 3006/17/6
f 3006/17/6 3024/11/24 3023/10/23
f 3026/10/26 3010/9/10 3005/11/5
f 3005/11/5 3006/11/6 3026/10/26
f 3027/18/27 3028/20/28 3019/19/19
f 3019/19/19 3020/21/20 3027/18/27
f 3029/22/29 3027/18/27 3020/21/20
f 3020/21/20 3030/23/30 3029/22/29
f 3031/24/31 3029/22/29 3030/23/30
f 3030/23/30 3016/25/16 3031/24/31
f 3032/26/32 3031/24/31 3016/25/16
f 3016/25/16 3013/27/13 3032/26/32
f 3033/28/33 3032/26/32 3013/27/13
f 3013/27/13 3014/29/14 3033/28/33
f 3034/30/34 3033/28/33 3014/29/14
f 3014/29/14 3015/31/15 3034/30/34
f 3035/32/35 3034/30/34 3015/31/15
f 3015/31/15 3011/33/11 3035/32/35
f 3036/34/36 3035/32/35 3011/33/11
f 3011/33/11 3012/35/12 3036/34/36
f 3037/36/37 3036/34/36 3012/35/12
f 3012/35/12 3038/37/38 3037/36/37
f 3039/38/39 3037/36/37 3038/37/38
f 3038/37/38 3007/39/7 3039/38/39
f 3018/37/18 3019/39/19 3028/38/28
f 3028/38/28 3040/36/40 3018/37/18
f 3025/35/25 3018/37/18 3040/36/40
f 3040/36/40 3041/34/41 3025/35/25
f 3023/33/23 3025/35/25 3041/34/41
f 3041/34/41 3042/32/42 3023/33/23
f 3022/31/22 3023/33/23 3042/32/42
f 3042/32/42 3043/30/43 3022/31/22
f 3021/29/21 3022/31/22 3043/30/43
f 3043/30/43 3044/28/44 3021/29/21
f 3026/27/26 3021/29/21 3044/28/44
f 3044/28/44 3045/26/45 3026/27/26
f 3010/25/10 3026/27/26 3045/26/45
f 3045/26/45 3046/24/46 3010/25/10
f 3009/23/9 3010/25/10 3046/24/46
f 3046/24/46 3047/22/47 3009/23/9
f 3008/21/8 3009/23/9 3047/22/47
f 3047/22/47 3048/18/48 3008/21/8
f 3007/19/7 3008/21/8 3048/18/48
f 3048/18/48 3039/20/39 3007/19/7
f 3053/3/54 3050/49/51 3051/44/52
f 3051/44/52 3068/53/69 3053/3/54
f 3065/52/66 3064/4/65 3063/41/64
f 3063/41/64 3053/3/54 3065/52/66
f 3004/8/4 3007/54/7 3038/13/38
f 3038/13/38 3002/8/49 3004/8/4
f 3002/12/49 3038/14/38 3012/13/12
f 3012/13/12 3002/11/2 3002/12/49
f 3002/12/2 3015/14/15 3014/13/14
f 3014/13/14 3001/11/1 3002/12/2
f 3001/12/1 3016/14/16 3030/13/30
f 3030/13/30 3049/11/50 3001/12/1
f 3017/11/17 3018/10/18 3025/9/25
f 3025/9/25 3024/17/24 3017/11/17
f 3071/55/72 3073/57/46 3072/56/45
f 3072/56/45 3074/58/73 3071/55/72
f 3074/55/73 3072/57/45 3075/56/44
f 3075/56/44 3076/58/74 3074/55/73
f 3076/55/74 3075/57/44 3077/56/75
f 3077/56/75 3078/58/76 3076/55/74
f 3079/55/77 3081/57/48 3080/56/47
f 3080/56/47 3082/58/78 3079/55/77
f 3082/55/78 3080/57/47 3073/56/46
f 3073/56/46 3071/58/72 3082/55/78
f 3083/55/79 3085/57/37 3084/56/39
f 3084/56/39 3086/58/80 3083/55/79
f 3086/55/80 3084/57/39 3081/56/48
f 3081/56/48 3079/58/77 3086/55/80
f 3087/55/81 3089/57/35 3088/56/82
f 3088/56/82 3090/58/83 3087/55/81
f 3090/55/83 3088/57/82 3085/56/37
f 3085/56/37 3083/58/79 3090/55/83
f 3091/55/84 3093/57/85 3092/56/34
f 3092/56/34 3094/58/86 3091/55/84
f 3094/55/86 3092/57/34 3089/56/35
f 3089/56/35 3087/58/81 3094/55/86
f 3095/55/87 3096/57/32 3093/56/85
f 3093/56/85 3091/58/84 3095/55/87
f 3097/55/88 3099/57/29 3098/56/31
f 3098/56/31 3100/58/89 3097/55/88
f 3100/55/89 3098/57/31 3096/56/32
f 3096/56/32 3095/58/87 3100/55/89
f 3101/55/90 3102/57/27 3099/56/29
f 3099/56/29 3097/58/88 3101/55/90
f 3103/55/91 3105/57/40 3104/56/28
f 3104/56/28 3106/58/92 3103/55/91
f 3106/55/92 3104/57/28 3102/56/27
f 3102/56/27 3101/58/90 3106/55/92
f 3107/55/93 3108/57/41 3105/56/40
f 3105/56/40 3103/58/91 3107/55/93
f 3078/55/76 3077/57/75 3109/56/42
f 3109/56/42 3110/58/94 3078/55/76
f 3110/55/94 3109/57/42 3108/56/41
f 3108/56/41 3107/58/93 3110/55/94
f 3080/59/47 3047/61/47 3046/60/46
f 3046/60/46 3073/62/46 3080/59/47
f 3111/63/95 3068/65/69 3070/64/71
f 3070/64/71 3112/66/96 3111/63/95
f 3112/67/96 3070/69/71 3051/68/52
f 3051/68/52 3113/70/97 3112/67/96
f 3081/71/48 3048/73/48 3047/72/47
f 3047/72/47 3080/74/47 3081/71/48
f 3113/75/97 3051/77/52 3052/76/53
f 3052/76/53 3114/78/98 3113/75/97
f 3084/79/39 3039/81/39 3048/80/48
f 3048/80/48 3081/82/48 3084/79/39
f 3114/83/98 3052/85/53 3050/84/51
f 3050/84/51 3115/86/99 3114/83/98
f 3085/87/37 3037/89/37 3039/88/39
f 3039/88/39 3084/90/39 3085/87/37
f 3115/91/99 3050/93/51 3054/92/55
f 3054/92/55 3116/94/100 3115/91/99
f 3088/95/82 3036/97/36 3037/96/37
f 3037/96/37 3085/98/37 3088/95/82
f 3116/99/100 3054/101/55 3055/100/56
f 3055/100/56 3117/102/101 3116/99/100
f 3089/103/35 3035/105/35 3036/104/36
f 3036/104/36 3088/106/82 3089/103/35
f 3117/107/101 3055/109/56 3056/108/57
f 3056/108/57 3118/110/102 3117/107/101
f 3092/111/34 3034/113/34 3035/112/35
f 3035/112/35 3089/114/35 3092/111/34
f 3118/115/102 3056/117/57 3057/116/58
f 3057/116/58 3119/118/103 3118/115/102
f 3093/119/85 3033/121/33 3034/120/34
f 3034/120/34 3092/122/34 3093/119/85
f 3119/123/103 3057/125/58 3058/124/59
f 3058/124/59 3120/126/104 3119/123/103
f 3096/127/32 3032/116/32 3033/128/33
f 3033/128/33 3093/129/85 3096/127/32
f 3120/130/104 3058/132/59 3059/131/60
f 3059/131/60 3121/133/105 3120/130/104
f 3098/134/31 3031/136/31 3032/135/32
f 3032/135/32 3096/137/32 3098/134/31
f 3121/138/105 3059/120/60 3060/139/61
f 3060/139/61 3122/140/106 3121/138/105
f 3099/141/29 3029/143/29 3031/142/31
f 3031/142/31 3098/144/31 3099/141/29
f 3122/145/106 3060/147/61 3061/146/62
f 3061/146/62 3123/148/107 3122/145/106
f 3102/149/27 3027/151/27 3029/150/29
f 3029/150/29 3099/152/29 3102/149/27
f 3123/153/107 3061/155/62 3062/154/63
f 3062/154/63 3124/156/108 3123/153/107
f 3104/157/28 3028/84/28 3027/158/27
f 3027/158/27 3102/159/27 3104/157/28
f 3124/160/108 3062/161/63 3063/81/64
f 3063/81/64 3125/162/109 3124/160/108
f 3105/163/40 3040/164/40 3028/93/28
f 3028/93/28 3104/165/28 3105/163/40
f 3125/166/109 3063/88/64 3064/167/65
f 3064/167/65 3126/168/110 3125/166/109
f 3108/169/41 3041/171/41 3040/170/40
f 3040/170/40 3105/172/40 3108/169/41
f 3126/173/110 3064/175/65 3066/174/67
f 3066/174/67 3127/176/111 3126/173/110
f 3109/177/42 3042/179/42 3041/178/41
f 3041/178/41 3108/180/41 3109/177/42
f 3127/181/111 3066/183/67 3065/182/66
f 3065/182/66 3128/184/112 3127/181/111
f 3077/185/75 3043/187/43 3042/186/42
f 3042/186/42 3109/188/42 3077/185/75
f 3128/189/112 3065/191/66 3067/190/68
f 3067/190/68 3129/192/113 3128/189/112
f 3075/193/44 3044/194/44 3043/65/43
f 3043/65/43 3077/195/75 3075/193/44
f 3129/196/113 3067/198/68 3069/197/70
f 3069/197/70 3130/199/114 3129/196/113
f 3072/200/45 3045/190/45 3044/201/44
f 3044/201/44 3075/202/44 3072/200/45
f 3130/203/114 3069/205/70 3068/204/69
f 3068/204/69 3111/206/95 3130/203/114
f 3073/207/46 3046/209/46 3045/208/45
f 3045/208/45 3072/210/45 3073/207/46
f 3114/211/98 3132/213/116 3131/212/115
f 3131/212/115 3113/214/97 3114/211/98
f 3113/215/97 3131/217/115 3133/216/117
f 3133/216/117 3112/218/96 3113/215/97
f 3112/219/96 3133/221/117 3134/220/118
f 3134/220/118 3111/222/95 3112/219/96
f 3111/223/95 3134/225/118 3135/224/119
f 3135/224/119 3130/226/114 3111/223/95
f 3130/223/114 3135/225/119 3136/224/120
f 3136/224/120 3129/226/113 3130/223/114
f 3129/227/113 3136/229/120 3137/228/121
f 3137/228/121 3128/230/112 3129/227/113
f 3128/231/112 3137/233/121 3138/232/122
f 3138/232/122 3127/234/111 3128/231/112
f 3127/235/111 3138/237/122 3139/236/123
f 3139/236/123 3126/238/110 3127/235/111
f 3126/223/110 3139/225/123 3140/224/124
f 3140/224/124 3125/226/109 3126/223/110
f 3125/223/109 3140/225/124 3141/224/125
f 3141/224/125 3124/226/108 3125/223/109
f 3124/239/108 3141/241/125 3142/240/126
f 3142/240/126 3123/242/107 3124/239/108
f 3123/243/107 3142/245/126 3143/244/127
f 3143/244/127 3122/246/106 3123/243/107
f 3122/247/106 3143/249/127 3144/248/128
f 3144/248/128 3121/250/105 3122/247/106
f 3121/223/105 3144/225/128 3145/224/129
f 3145/224/129 3120/226/104 3121/223/105
f 3120/223/104 3145/225/129 3146/224/130
f 3146/224/130 3119/226/103 3120/223/104
f 3119/251/103 3146/253/130 3147/252/131
f 3147/252/131 3118/254/102 3119/251/103
f 3118/255/102 3147/257/131 3148/256/132
f 3148/256/132 3117/258/101 3118/255/102
f 3117/259/101 3148/261/132 3149/260/133
f 3149/260/133 3116/262/100 3117/259/101
f 3116/223/100 3149/225/133 3150/224/134
f 3150/224/134 3115/226/99 3116/223/100
f 3115/223/99 3150/225/134 3132/224/116
f 3132/224/116 3114/226/98 3115/223/99
f 3150/263/134 3086/265/80 3079/264/77
f 3079/264/77 3132/266/116 3150/263/134
f 3132/263/116 3079/265/77 3082/264/78
f 3082/264/78 3131/266/115 3132/263/116
f 3131/263/115 3082/265/78 3071/264/72
f 3071/264/72 3133/266/117 3131/263/115
f 3133/263/117 3071/265/72 3074/264/73
f 3074/264/73 3134/266/118 3133/263/117
f 3134/263/118 3074/265/73 3076/264/74
f 3076/264/74 3135/266/119 3134/263/118
f 3135/263/119 3076/265/74 3078/264/76
f 3078/264/76 3136/266/120 3135/263/119
f 3136/263/120 3078/265/76 3110/264/94
f 3110/264/94 3137/266/121 3136/263/120
f 3137/263/121 3110/265/94 3107/264/93
f 3107/264/93 3138/266/122 3137/263/121
f 3138/263/122 3107/265/93 3103/264/91
f 3103/264/91 3139/266/123 3138/263/122
f 3139/263/123 3103/265/91 3106/264/92
f 3106/264/92 3140/266/124 3139/263/123
f 3140/263/124 3106/265/92 3101/264/90
f 3101/264/90 3141/266/125 3140/263/124
f 3141/263/125 3101/265/90 3097/264/88
f 3097/264/88 3142/266/126 3141/263/125
f 3142/263/126 3097/265/88 3100/264/89
f 3100/264/89 3143/266/127 3142/263/126
f 3143/263/127 3100/265/89 3095/264/87
f 3095/264/87 3144/266/128 3143/263/127
f 3144/263/128 3095/265/87 3091/264/84
f 3091/264/84 3145/266/129 3144/263/128
f 3145/263/129 3091/265/84 3094/264/86
f 3094/264/86 3146/266/130 3145/263/129
f 3146/263/130 3094/265/86 3087/264/81
f 3087/264/81 3147/266/131 3146/263/130
f 3147/263/131 3087/265/81 3090/264/83
f 3090/264/83 3148/266/132 3147/263/131
f 3148/263/132 3090/265/83 3083/264/79
f 3083/264/79 3149/266/133 3148/263/132
f 3149/263/133 3083/265/79 3086/264/80
f 3086/264/80 3150/266/134 3149/263/133
f 3158/9/8 3154/8/4 3155/11/5
f 3155/11/5 3159/10/9 3158/9/8
f 3170/14/20 3169/13/19 3167/16/17
f 3167/16/17 3199/12/50 3170/14/20
f 3173/10/23 3172/9/22 3156/17/6
f 3156/17/6 3174/11/24 3173/10/23
f 3176/10/26 3160/9/10 3155/11/5
f 3155/11/5 3156/11/6 3176/10/26
f 3177/18/27 3178/20/28 3169/19/19
f 3169/19/19 3170/21/20 3177/18/27
f 3179/22/29 3177/18/27 3170/21/20
f 3170/21/20 3180/23/30 3179/22/29
f 3181/24/31 3179/22/29 3180/23/30
f 3180/23/30 3166/25/16 3181/24/31
f 3182/26/32 3181/24/31 3166/25/16
f 3166/25/16 3163/27/13 3182/26/32
f 3183/28/33 3182/26/32 3163/27/13
f 3163/27/13 3164/29/14 3183/28/33
f 3184/30/34 3183/28/33 3164/29/14
f 3164/29/14 3165/31/15 3184/30/34
f 3185/32/35 3184/30/34 3165/31/15
f 3165/31/15 3161/33/11 3185/32/35
f 3186/34/36 3185/32/35 3161/33/11
f 3161/33/11 3162/35/12 3186/34/36
f 3187/36/37 3186/34/36 3162/35/12
f 3162/35/12 3188/37/38 3187/36/37
f 3189/38/39 3187/36/37 3188/37/38
f 3188/37/38 3157/39/7 3189/38/39
f 3168/37/18 3169/39/19 3178/38/28
f 3178/38/28 3190/36/40 3168/37/18
f 3175/35/25 3168/37/18 3190/36/40
f 3190/36/40 3191/34/41 3175/35/25
f 3173/33/23 3175/35/25 3191/34/41
f 3191/34/41 3192/32/42 3173/33/23
f 3172/31/22 3173/33/23 3192/32/42
f 3192/32/42 3193/30/43 3172/31/22
f 3171/29/21 3172/31/22 3193/30/43
f 3193/30/43 3194/28/44 3171/29/21
f 3176/27/26 3171/29/21 3194/28/44
f 3194/28/44 3195/26/45 3176/27/26
f 3160/25/10 3176/27/26 3195/26/45
f 3195/26/45 3196/24/46 3160/25/10
f 3159/23/9 3160/25/10 3196/24/46
f 3196/24/46 3197/22/47 3159/23/9
f 3158/21/8 3159/23/9 3197/22/47
f 3197/22/47 3198/18/48 3158/21/8
f 3157/19/7 3158/21/8 3198/18/48
f 3198/18/48 3189/20/39 3157/19/7
f 3203/3/54 3200/49/51 3201/44/52
f 3201/44/52 3218/53/69 3203/3/54
f 3215/52/66 3214/4/65 3213/41/64
f 3213/41/64 3203/3/54 3215/52/66
f 3154/8/4 3157/54/7 3188/13/38
f 3188/13/38 3152/8/49 3154/8/4
f 3152/12/49 3188/14/38 3162/13/12
f 3162/13/12 3152/11/2 3152/12/49
f 3152/12/2 3165/14/15 3164/13/14
f 3164/13/14 3151/11/1 3152/12/2
f 3151/12/1 3166/14/16 3180/13/30
f 3180/13/30 3199/11/50 3151/12/1
f 3167/11/17 3168/10/18 3175/9/25
f 3175/9/25 3174/17/24 3167/11/17
f 3221/55/72 3223/57/46 3222/56/45
f 3222/56/45 3224/58/73 3221/55/72
f 3224/55/73 3222/57/45 3225/56/44
f 3225/56/44 3226/58/74 3224/55/73
f 3226/55/74 3225/57/44 3227/56/75
f 3227/56/75 3228/58/76 3226/55/74
f 3229/55/77 3231/57/48 3230/56/47
f 3230/56/47 3232/58/78 3229/55/77
f 3232/55/78 3230/57/47 3223/56/46
f 3223/56/46 3221/58/72 3232/55/78
f 3233/55/79 3235/57/37 3234/56/39
f 3234/56/39 3236/58/80 3233/55/79
f 3236/55/80 3234/57/39 3231/56/48
f 3231/56/48 3229/58/77 3236/55/80
f 3237/55/81 3239/57/35 3238/56/82
f 3238/56/82 3240/58/83 3237/55/81
f 3240/55/83 3238/57/82 3235/56/37
f 3235/56/37 3233/58/79 3240/55/83
f 3241/55/84 3243/57/85 3242/56/34
f 3242/56/34 3244/58/86 3241/55/84
f 3244/55/86 3242/57/34 3239/56/35
f 3239/56/35 3237/58/81 3244/55/86
f 3245/55/87 3246/57/32 3243/56/85
f 3243/56/85 3241/58/84 3245/55/87
f 3247/55/88 3249/57/29 3248/56/31
f 3248/56/31 3250/58/89 3247/55/88
f 3250/55/89 3248/57/31 3246/56/32
f 3246/56/32 3245/58/87 3250/55/89
f 3251/55/90 3252/57/27 3249/56/29
f 3249/56/29 3247/58/88 3251/55/90
f 3253/55/91 3255/57/40 3254/56/28
f 3254/56/28 3256/58/92 3253/55/91
f 3256/55/92 3254/57/28 3252/56/27
f 3252/56/27 3251/58/90 3256/55/92
f 3257/55/93 3258/57/41 3255/56/40
f 3255/56/40 3253/58/91 3257/55/93
f 3228/55/76 3227/57/75 3259/56/42
f 3259/56/42 3260/58/94 3228/55/76
f 3260/55/94 3259/57/42 3258/56/41
f 3258/56/41 3257/58/93 3260/55/94
f 3230/59/47 3197/61/47 3196/60/46
f 3196/60/46 3223/62/46 3230/59/47
f 3261/63/95 3218/65/69 3220/64/71
f 3220/64/71 3262/66/96 3261/63/95
f 3262/67/96 3220/69/71 3201/68/52
f 3201/68/52 3263/70/97 3262/67/96
f 3231/71/48 3198/73/48 3197/72/47
f 3197/72/47 3230/74/47 3231/71/48
f 3263/75/97 3201/77/52 3202/76/53
f 3202/76/53 3264/78/98 3263/75/97
f 3234/79/39 3189/81/39 3198/80/48
f 3198/80/48 3231/82/48 3234/79/39
f 3264/83/98 3202/85/53 3200/84/51
f 3200/84/51 3265/86/99 3264/83/98
f 3235/87/37 3187/89/37 3189/88/39
f 3189/88/39 3234/90/39 3235/87/37
f 3265/91/99 3200/93/51 3204/92/55
f 3204/92/55 3266/94/100 3265/91/99
f 3238/95/82 3186/97/36 3187/96/37
f 3187/96/37 3235/98/37 3238/95/82
f 3266/99/100 3204/101/55 3205/100/56
f 3205/100/56 3267/102/101 3266/99/100
f 3239/103/35 3185/105/35 3186/104/36
f 3186/104/36 3238/106/82 3239/103/35
f 3267/107/101 3205/109/56 3206/108/57
f 3206/108/57 3268/110/102 3267/107/101
f 3242/111/34 3184/113/34 3185/112/35
f 3185/112/35 3239/114/35 3242/111/34
f 3268/115/102 3206/117/57 3207/116/58
f 3207/116/58 3269/118/103 3268/115/102
f 3243/119/85 3183/121/33 3184/120/34
f 3184/120/34 3242/122/34 3243/119/85
f 3269/123/103 3207/125/58 3208/124/59
f 3208/124/59 3270/126/104 3269/123/103
f 3246/127/32 3182/116/32 3183/128/33
f 3183/128/33 3243/129/85 3246/127/32
f 3270/130/104 3208/132/59 3209/131/60
f 3209/131/60 3271/133/105 3270/130/104
f 3248/134/31 3181/136/31 3182/135/32
f 3182/135/32 3246/137/32 3248/134/31
f 3271/138/105 3209/120/60 3210/139/61
f 3210/139/61 3272/140/106 3271/138/105
f 3249/141/29 3179/143/29 3181/142/31
f 3181/142/31 3248/144/31 3249/141/29
f 3272/145/106 3210/147/61 3211/146/62
f 3211/146/62 3273/148/107 3272/145/106
f 3252/149/27 3177/151/27 3179/150/29
f 3179/150/29 3249/152/29 3252/149/27
f 3273/153/107 3211/155/62 3212/154/63
f 3212/154/63 3274/156/108 3273/153/107
f 3254/157/28 3178/84/28 3177/158/27
f 3177/158/27 3252/159/27 3254/157/28
f 3274/160/108 3212/161/63 3213/81/64
f 3213/81/64 3275/162/109 3274/160/108
f 3255/163/40 3190/164/40 3178/93/28
f 3178/93/28 3254/165/28 3255/163/40
f 3275/166/109 3213/88/64 3214/167/65
f 3214/167/65 3276/168/110 3275/166/109
f 3258/169/41 3191/171/41 3190/170/40
f 3190/170/40 3255/172/40 3258/169/41
f 3276/173/110 3214/175/65 3216/174/67
f 3216/174/67 3277/176/111 3276/173/110
f 3259/177/42 3192/179/42 3191/178/41
f 3191/178/41 3258/180/41 3259/177/42
f 3277/181/111 3216/183/67 3215/182/66
f 3215/182/66 3278/184/112 3277/181/111
f 3227/185/75 3193/187/43 3192/186/42
f 3192/186/42 3259/188/42 3227/185/75
f 3278/189/112 3215/191/66 3217/190/68
f 3217/190/68 3279/192/145 3278/189/112
f 3225/193/44 3194/194/44 3193/65/43
f 3193/65/43 3227/195/75 3225/193/44
f 3279/196/145 3217/198/68 3219/197/70
f 3219/197/70 3280/199/114 3279/196/145
f 3222/200/45 3195/190/45 3194/201/44
f 3194/201/44 3225/202/44 3222/200/45
f 3280/203/114 3219/205/70 3218/204/69
f 3218/204/69 3261/206/95 3280/203/114
f 3223/207/46 3196/209/46 3195/208/45
f 3195/208/45 3222/210/45 3223/207/46
f 3264/211/98 3282/213/116 3281/212/115
f 3281/212/115 3263/214/97 3264/211/98
f 3263/215/97 3281/217/115 3283/216/117
f 3283/216/117 3262/218/96 3263/215/97
f 3262/219/96 3283/221/117 3284/220/118
f 3284/220/118 3261/222/95 3262/219/96
f 3261/223/95 3284/225/118 3285/224/119
f 3285/224/119 3280/226/114 3261/223/95
f 3280/223/114 3285/225/119 3286/224/120
f 3286/224/120 3279/226/145 3280/223/114
f 3279/227/145 3286/229/120 3287/228/121
f 3287/228/121 3278/230/112 3279/227/145
f 3278/231/112 3287/233/121 3288/232/122
f 3288/232/122 3277/234/111 3278/231/112
f 3277/235/111 3288/237/122 3289/236/123
f 3289/236/123 3276/238/110 3277/235/111
f 3276/223/110 3289/225/123 3290/224/124
f 3290/224/124 3275/226/109 3276/223/110
f 3275/223/109 3290/225/124 3291/224/125
f 3291/224/125 3274/226/108 3275/223/109
f 3274/239/108 3291/241/125 3292/240/126
f 3292/240/126 3273/242/107 3274/239/108
f 3273/243/107 3292/245/126 3293/244/127
f 3293/244/127 3272/246/106 3273/243/107
f 3272/247/106 3293/249/127 3294/248/128
f 3294/248/128 3271/250/105 3272/247/106
f 3271/223/105 3294/225/128 3295/224/129
f 3295/224/129 3270/226/104 3271/223/105
f 3270/223/104 3295/225/129 3296/224/130
f 3296/224/130 3269/226/103 3270/223/104
f 3269/251/103 3296/253/130 3297/252/131
f 3297/252/131 3268/254/102 3269/251/103
f 3268/255/102 3297/257/131 3298/256/132
f 3298/256/132 3267/258/101 3268/255/102
f 3267/259/101 3298/261/132 3299/260/133
f 3299/260/133 3266/262/100 3267/259/101
f 3266/223/100 3299/225/133 3300/224/134
f 3300/224/134 3265/226/99 3266/223/100
f 3265/223/99 3300/225/134 3282/224/116
f 3282/224/116 3264/226/98 3265/223/99
f 3300/263/134 3236/265/80 3229/264/77
f 3229/264/77 3282/266/116 3300/263/134
f 3282/263/116 3229/265/77 3232/264/78
f 3232/264/78 3281/266/115 3282/263/116
f 3281/263/115 3232/265/78 3221/264/72
f 3221/264/72 3283/266/117 3281/263/115
f 3283/263/117 3221/265/72 3224/264/73
f 3224/264/73 3284/266/118 3283/263/117
f 3284/263/118 3224/265/73 3226/264/74
f 3226/264/74 3285/266/119 3284/263/118
f 3285/263/119 3226/265/74 3228/264/76
f 3228/264/76 3286/266/120 3285/263/119
f 3286/263/120 3228/265/76 3260/264/94
f 3260/264/94 3287/266/121 3286/263/120
f 3287/263/121 3260/265/94 3257/264/93
f 3257/264/93 3288/266/122 3287/263/121
f 3288/263/122 3257/265/93 3253/264/91
f 3253/264/91 3289/266/123 3288/263/122
f 3289/263/123 3253/265/91 3256/264/92
f 3256/264/92 3290/266/124 3289/263/123
f 3290/263/124 3256/265/92 3251/264/90
f 3251/264/90 3291/266/125 3290/263/124
f 3291/263/125 3251/265/90 3247/264/88
f 3247/264/88 3292/266/126 3291/263/125
f 3292/263/126 3247/265/88 3250/264/89
f 3250/264/89 3293/266/127 3292/263/126
f 3293/263/127 3250/265/89 3245/264/87
f 3245/264/87 3294/266/128 3293/263/127
f 3294/263/128 3245/265/87 3241/264/84
f 3241/264/84 3295/266/129 3294/263/128
f 3295/263/129 3241/265/84 3244/264/86
f 3244/264/86 3296/266/130 3295/263/129
f 3296/263/130 3244/265/86 3237/264/81
f 3237/264/81 3297/266/131 3296/263/130
f 3297/263/131 3237/265/81 3240/264/83
f 3240/264/83 3298/266/132 3297/263/131
f 3298/263/132 3240/265/83 3233/264/79
f 3233/264/79 3299/266/133 3298/263/132
f 3299/263/133 3233/265/79 3236/264/80
f 3236/264/80 3300/266/134 3299/263/133
f 3308/9/8 3304/8/4 3305/11/5
f 3305/11/5 3309/10/9 3308/9/8
f 3320/14/20 3319/13/19 3317/16/17
f 3317/16/17 3349/12/50 3320/14/20
f 3323/10/23 3322/9/22 3306/17/6
f 3306/17/6 3324/11/24 3323/10/23
f 3326/10/26 3310/9/10 3305/11/5
f 3305/11/5 3306/11/6 3326/10/26
f 3327/18/27 3328/20/28 3319/19/19
f 3319/19/19 3320/21/20 3327/18/27
f 3329/22/29 3327/18/27 3320/21/20
f 3320/21/20 3330/23/30 3329/22/29
f 3331/24/31 3329/22/29 3330/23/30
f 3330/23/30 3316/25/16 3331/24/31
f 3332/26/32 3331/24/31 3316/25/16
f 3316/25/16 3313/27/13 3332/26/32
f 3333/28/33 3332/26/32 3313/27/13
f 3313/27/13 3314/29/14 3333/28/33
f 3334/30/34 3333/28/33 3314/29/14
f 3314/29/14 3315/31/15 3334/30/34
f 3335/32/35 3334/30/34 3315/31/15
f 3315/31/15 3311/33/11 3335/32/35
f 3336/34/36 3335/32/35 3311/33/11
f 3311/33/11 3312/35/12 3336/34/36
f 3337/36/37 3336/34/36 3312/35/12
f 3312/35/12 3338/37/38 3337/36/37
f 3339/38/39 3337/36/37 3338/37/38
f 3338/37/38 3307/39/7 3339/38/39
f 3318/37/18 3319/39/19 3328/38/28
f 3328/38/28 3340/36/40 3318/37/18
f 3325/35/25 3318/37/18 3340/36/40
f 3340/36/40 3341/34/41 3325/35/25
f 3323/33/23 3325/35/25 3341/34/41
f 3341/34/41 3342/32/42 3323/33/23
f 3322/31/22 3323/33/23 3342/32/42
f 3342/32/42 3343/30/43 3322/31/22
f 3321/29/21 3322/31/22 3343/30/43
f 3343/30/43 3344/28/44 3321/29/21
f 3326/27/26 3321/29/21 3344/28/44
f 3344/28/44 3345/26/45 3326/27/26
f 3310/25/10 3326/27/26 3345/26/45
f 3345/26/45 3346/24/46 3310/25/10
f 3309/23/9 3310/25/10 3346/24/46
f 3346/24/46 3347/22/47 3309/23/9
f 3308/21/8 3309/23/9 3347/22/47
f 3347/22/47 3348/18/48 3308/21/8
f 3307/19/7 3308/21/8 3348/18/48
f 3348/18/48 3339/20/39 3307/19/7
f 3353/3/54 3350/49/51 3351/44/52
f 3351/44/52 3368/53/69 3353/3/54
f 3365/52/66 3364/4/65 3363/41/64
f 3363/41/64 3353/3/54 3365/52/66
f 3304/8/4 3307/54/7 3338/13/38
f 3338/13/38 3302/8/49 3304/8/4
f 3302/12/49 3338/14/38 3312/13/12
f 3312/13/12 3302/11/2 3302/12/49
f 3302/12/2 3315/14/15 3314/13/14
f 3314/13/14 3301/11/1 3302/12/2
f 3301/12/1 3316/14/16 3330/13/30
f 3330/13/30 3349/11/50 3301/12/1
f 3317/11/17 3318/10/18 3325/9/25
f 3325/9/25 3324/17/24 3317/11/17
f 3371/55/72 3373/57/46 3372/56/45
f 3372/56/45 3374/58/73 3371/55/72
f 3374/55/73 3372/57/45 3375/56/44
f 3375/56/44 3376/58/74 3374/55/73
f 3376/55/74 3375/57/44 3377/56/75
f 3377/56/75 3378/58/76 3376/55/74
f 3379/55/77 3381/57/48 3380/56/47
f 3380/56/47 3382/58/78 3379/55/77
f 3382/55/78 3380/57/47 3373/56/46
f 3373/56/46 3371/58/72 3382/55/78
f 3383/55/79 3385/57/37 3384/56/39
f 3384/56/39 3386/58/80 3383/55/79
f 3386/55/80 3384/57/39 3381/56/48
f 3381/56/48 3379/58/77 3386/55/80
f 3387/55/81 3389/57/35 3388/56/82
f 3388/56/82 3390/58/83 3387/55/81
f 3390/55/83 3388/57/82 3385/56/37
f 3385/56/37 3383/58/79 3390/55/83
f 3391/55/84 3393/57/85 3392/56/34
f 3392/56/34 3394/58/86 3391/55/84
f 3394/55/86 3392/57/34 3389/56/35
f 3389/56/35 3387/58/81 3394/55/86
f 3395/55/87 3396/57/32 3393/56/85
f 3393/56/85 3391/58/84 3395/55/87
f 3397/55/88 3399/57/29 3398/56/31
f 3398/56/31 3400/58/89 3397/55/88
f 3400/55/89 3398/57/31 3396/56/32
f 3396/56/32 3395/58/87 3400/55/89
f 3401/55/90 3402/57/27 3399/56/29
f 3399/56/29 3397/58/88 3401/55/90
f 3403/55/91 3405/57/40 3404/56/28
f 3404/56/28 3406/58/92 3403/55/91
f 3406/55/92 3404/57/28 3402/56/27
f 3402/56/27 3401/58/90 3406/55/92
f 3407/55/93 3408/57/41 3405/56/40
f 3405/56/40 3403/58/91 3407/55/93
f 3378/55/76 3377/57/75 3409/56/42
f 3409/56/42 3410/58/94 3378/55/76
f 3410/55/94 3409/57/42 3408/56/41
f 3408/56/41 3407/58/93 3410/55/94
f 3380/59/47 3347/61/47 3346/60/46
f 3346/60/46 3373/62/46 3380/59/47
f 3411/63/95 3368/65/69 3370/64/71
f 3370/64/71 3412/66/96 3411/63/95
f 3412/67/96 3370/69/71 3351/68/52
f 3351/68/52 3413/70/97 3412/67/96
f 3381/71/48 3348/73/48 3347/72/47
f 3347/72/47 3380/74/47 3381/71/48
f 3413/75/97 3351/77/52 3352/76/53
f 3352/76/53 3414/78/98 3413/75/97
f 3384/79/39 3339/81/39 3348/80/48
f 3348/80/48 3381/82/48 3384/79/39
f 3414/83/98 3352/85/53 3350/84/51
f 3350/84/51 3415/86/99 3414/83/98
f 3385/87/37 3337/89/37 3339/88/39
f 3339/88/39 3384/90/39 3385/87/37
f 3415/91/99 3350/93/51 3354/92/55
f 3354/92/55 3416/94/100 3415/91/99
f 3388/95/82 3336/97/36 3337/96/37
f 3337/96/37 3385/98/37 3388/95/82
f 3416/99/100 3354/101/55 3355/100/56
f 3355/100/56 3417/102/101 3416/99/100
f 3389/103/35 3335/105/35 3336/104/36
f 3336/104/36 3388/106/82 3389/103/35
f 3417/107/101 3355/109/56 3356/108/57
f 3356/108/57 3418/110/102 3417/107/101
f 3392/111/34 3334/113/34 3335/112/35
f 3335/112/35 3389/114/35 3392/111/34
f 3418/115/102 3356/117/57 3357/116/58
f 3357/116/58 3419/118/103 3418/115/102
f 3393/119/85 3333/121/33 3334/120/34
f 3334/120/34 3392/122/34 3393/119/85
f 3419/123/103 3357/125/58 3358/124/59
f 3358/124/59 3420/126/104 3419/123/103
f 3396/127/32 3332/116/32 3333/128/33
f 3333/128/33 3393/129/85 3396/127/32
f 3420/130/104 3358/132/59 3359/131/60
f 3359/131/60 3421/133/105 3420/130/104
f 3398/134/31 3331/136/31 3332/135/32
f 3332/135/32 3396/137/32 3398/134/31
f 3421/138/105 3359/120/60 3360/139/61
f 3360/139/61 3422/140/106 3421/138/105
f 3399/141/29 3329/143/29 3331/142/31
f 3331/142/31 3398/144/31 3399/141/29
f 3422/145/106 3360/147/61 3361/146/62
f 3361/146/62 3423/148/107 3422/145/106
f 3402/149/27 3327/151/27 3329/150/29
f 3329/150/29 3399/152/29 3402/149/27
f 3423/153/107 3361/155/62 3362/154/63
f 3362/154/63 3424/156/108 3423/153/107
f 3404/157/28 3328/84/28 3327/158/27
f 3327/158/27 3402/159/27 3404/157/28
f 3424/160/108 3362/161/63 3363/81/64
f 3363/81/64 3425/162/109 3424/160/108
f 3405/163/40 3340/164/40 3328/93/28
f 3328/93/28 3404/165/28 3405/163/40
f 3425/166/109 3363/88/64 3364/167/65
f 3364/167/65 3426/168/110 3425/166/109
f 3408/169/41 3341/171/41 3340/170/40
f 3340/170/40 3405/172/40 3408/169/41
f 3426/173/110 3364/175/65 3366/174/67
f 3366/174/67 3427/176/111 3426/173/110
f 3409/177/42 3342/179/42 3341/178/41
f 3341/178/41 3408/180/41 3409/177/42
f 3427/181/111 3366/183/67 3365/182/66
f 3365/182/66 3428/184/112 3427/181/111
f 3377/185/75 3343/187/43 3342/186/42
f 3342/186/42 3409/188/42 3377/185/75
f 3428/189/112 3365/191/66 3367/190/68
f 3367/190/68 3429/192/145 3428/189/112
f 3375/193/44 3344/194/44 3343/65/43
f 3343/65/43 3377/195/75 3375/193/44
f 3429/196/145 3367/198/68 3369/197/70
f 3369/197/70 3430/199/114 3429/196/145
f 3372/200/45 3345/190/45 3344/201/44
f 3344/201/44 3375/202/44 3372/200/45
f 3430/203/114 3369/205/70 3368/204/69
f 3368/204/69 3411/206/95 3430/203/114
f 3373/207/46 3346/209/46 3345/208/45
f 3345/208/45 3372/210/45 3373/207/46
f 3414/211/98 3432/213/116 3431/212/115
f 3431/212/115 3413/214/97 3414/211/98
f 3413/215/97 3431/217/115 3433/216/117
f 3433/216/117 3412/218/96 3413/215/97
f 3412/219/96 3433/221/117 3434/220/118
f 3434/220/118 3411/222/95 3412/219/96
f 3411/223/95 3434/225/118 3435/224/119
f 3435/224/119 3430/226/114 3411/223/95
f 3430/223/114 3435/225/119 3436/224/120
f 3436/224/120 3429/226/145 3430/223/114
f 3429/227/145 3436/229/120 3437/228/121
f 3437/228/121 3428/230/112 3429/227/145
f 3428/231/112 3437/233/121 3438/232/122
f 3438/232/122 3427/234/111 3428/231/112
f 3427/235/111 3438/237/122 3439/236/123
f 3439/236/123 3426/238/110 3427/235/111
f 3426/223/110 3439/225/123 3440/224/124
f 3440/224/124 3425/226/109 3426/223/110
f 3425/223/109 3440/225/124 3441/224/125
f 3441/224/125 3424/226/108 3425/223/109
f 3424/239/108 3441/241/125 3442/240/126
f 3442/240/126 3423/242/107 3424/239/108
f 3423/243/107 3442/245/126 3443/244/127
f 3443/244/127 3422/246/106 3423/243/107
f 3422/247/106 3443/249/127 3444/248/128
f 3444/248/128 3421/250/105 3422/247/106
f 3421/223/105 3444/225/128 3445/224/129
f 3445/224/129 3420/226/104 3421/223/105
f 3420/223/104 3445/225/129 3446/224/130
f 3446/224/130 3419/226/103 3420/223/104
f 3419/251/103 3446/253/130 3447/252/131
f 3447/252/131 3418/254/102 3419/251/103
f 3418/255/102 3447/257/131 3448/256/132
f 3448/256/132 3417/258/101 3418/255/102
f 3417/259/101 3448/261/132 3449/260/133
f 3449/260/133 3416/262/100 3417/259/101
f 3416/223/100 3449/225/133 3450/224/134
f 3450/224/134 3415/226/99 3416/223/100
f 3415/223/99 3450/225/134 3432/224/116
f 3432/224/116 3414/226/98 3415/223/99
f 3450/263/134 3386/265/80 3379/264/77
f 3379/264/77 3432/266/116 3450/263/134
f 3432/263/116 3379/265/77 3382/264/78
f 3382/264/78 3431/266/115 3432/263/116
f 3431/263/115 3382/265/78 3371/264/72
f 3371/264/72 3433/266/117 3431/263/115
f 3433/263/117 3371/265/72 3374/264/73
f 3374/264/73 3434/266/118 3433/263/117
f 3434/263/118 3374/265/73 3376/264/74
f 3376/264/74 3435/266/119 3434/263/118
f 3435/263/119 3376/265/74 3378/264/76
f 3378/264/76 3436/266/120 3435/263/119
f 3436/263/120 3378/265/76 3410/264/94
f 3410/264/94 3437/266/121 3436/263/120
f 3437/263/121 3410/265/94 3407/264/93
f 3407/264/93 3438/266/122 3437/263/121
f 3438/263/122 3407/265/93 3403/264/91
f 3403/264/91 3439/266/123 3438/263/122
f 3439/263/123 3403/265/91 3406/264/92
f 3406/264/92 3440/266/124 3439/263/123
f 3440/263/124 3406/265/92 3401/264/90
f 3401/264/90 3441/266/125 3440/263/124
f 3441/263/125 3401/265/90 3397/264/88
f 3397/264/88 3442/266/126 3441/263/125
f 3442/263/126 3397/265/88 3400/264/89
f 3400/264/89 3443/266/127 3442/263/126
f 3443/263/127 3400/265/89 3395/264/87
f 3395/264/87 3444/266/128 3443/263/127
f 3444/263/128 3395/265/87 3391/264/84
f 3391/264/84 3445/266/129 3444/263/128
f 3445/263/129 3391/265/84 3394/264/86
f 3394/264/86 3446/266/130 3445/263/129
f 3446/263/130 3394/265/86 3387/264/81
f 3387/264/81 3447/266/131 3446/263/130
f 3447/263/131 3387/265/81 3390/264/83
f 3390/264/83 3448/266/132 3447/263/131
f 3448/263/132 3390/265/83 3383/264/79
f 3383/264/79 3449/266/133 3448/263/132
f 3449/263/133 3383/265/79 3386/264/80
f 3386/264/80 3450/266/134 3449/263/133
f 3458/9/8 3454/8/4 3455/11/5
f 3455/11/5 3459/10/9 3458/9/8
f 3470/14/20 3469/13/19 3467/16/17
f 3467/16/17 3499/12/50 3470/14/20
f 3473/10/23 3472/9/22 3456/17/6
f 3456/17/6 3474/11/24 3473/10/23
f 3476/10/26 3460/9/10 3455/11/5
f 3455/11/5 3456/11/6 3476/10/26
f 3477/18/27 3478/20/28 3469/19/19
f 3469/19/19 3470/21/20 3477/18/27
f 3479/22/29 3477/18/27 3470/21/20
f 3470/21/20 3480/23/30 3479/22/29
f 3481/24/31 3479/22/29 3480/23/30
f 3480/23/30 3466/25/16 3481/24/31
f 3482/26/32 3481/24/31 3466/25/16
f 3466/25/16 3463/27/13 3482/26/32
f 3483/28/33 3482/26/32 3463/27/13
f 3463/27/13 3464/29/14 3483/28/33
f 3484/30/34 3483/28/33 3464/29/14
f 3464/29/14 3465/31/15 3484/30/34
f 3485/32/35 3484/30/34 3465/31/15
f 3465/31/15 3461/33/11 3485/32/35
f 3486/34/36 3485/32/35 3461/33/11
f 3461/33/11 3462/35/12 3486/34/36
f 3487/36/37 3486/34/36 3462/35/12
f 3462/35/12 3488/37/38 3487/36/37
f 3489/38/39 3487/36/37 3488/37/38
f 3488/37/38 3457/39/7 3489/38/39
f 3468/37/18 3469/39/19 3478/38/28
f 3478/38/28 3490/36/40 3468/37/18
f 3475/35/25 3468/37/18 3490/36/40
f 3490/36/40 3491/34/41 3475/35/25
f 3473/33/23 3475/35/25 3491/34/41
f 3491/34/41 3492/32/42 3473/33/23
f 3472/31/22 3473/33/23 3492/32/42
f 3492/32/42 3493/30/43 3472/31/22
f 3471/29/21 3472/31/22 3493/30/43
f 3493/30/43 3494/28/44 3471/29/21
f 3476/27/26 3471/29/21 3494/28/44
f 3494/28/44 3495/26/45 3476/27/26
f 3460/25/10 3476/27/26 3495/26/45
f 3495/26/45 3496/24/46 3460/25/10
f 3459/23/9 3460/25/10 3496/24/46
f 3496/24/46 3497/22/47 3459/23/9
f 3458/21/8 3459/23/9 3497/22/47
f 3497/22/47 3498/18/48 3458/21/8
f 3457/19/7 3458/21/8 3498/18/48
f 3498/18/48 3489/20/39 3457/19/7
f 3503/3/54 3500/49/51 3501/44/52
f 3501/44/52 3518/53/69 3503/3/54
f 3515/52/66 3514/4/65 3513/41/64
f 3513/41/64 3503/3/54 3515/52/66
f 3454/8/4 3457/54/7 3488/13/38
f 3488/13/38 3452/8/49 3454/8/4
f 3452/12/49 3488/14/38 3462/13/12
f 3462/13/12 3452/11/2 3452/12/49
f 3452/12/2 3465/14/15 3464/13/14
f 3464/13/14 3451/11/1 3452/12/2
f 3451/12/1 3466/14/16 3480/13/30
f 3480/13/30 3499/11/50 3451/12/1
f 3467/11/17 3468/10/18 3475/9/25
f 3475/9/25 3474/17/24 3467/11/17
f 3521/55/72 3523/57/46 3522/56/45
f 3522/56/45 3524/58/73 3521/55/72
f 3524/55/73 3522/57/45 3525/56/44
f 3525/56/44 3526/58/74 3524/55/73
f 3526/55/74 3525/57/44 3527/56/75
f 3527/56/75 3528/58/76 3526/55/74
f 3529/55/77 3531/57/48 3530/56/47
f 3530/56/47 3532/58/78 3529/55/77
f 3532/55/78 3530/57/47 3523/56/46
f 3523/56/46 3521/58/72 3532/55/78
f 3533/55/79 3535/57/37 3534/56/39
f 3534/56/39 3536/58/80 3533/55/79
f 3536/55/80 3534/57/39 3531/56/48
f 3531/56/48 3529/58/77 3536/55/80
f 3537/55/81 3539/57/35 3538/56/82
f 3538/56/82 3540/58/83 3537/55/81
f 3540/55/83 3538/57/82 3535/56/37
f 3535/56/37 3533/58/79 3540/55/83
f 3541/55/84 3543/57/85 3542/56/34
f 3542/56/34 3544/58/86 3541/55/84
f 3544/55/86 3542/57/34 3539/56/35
f 3539/56/35 3537/58/81 3544/55/86
f 3545/55/87 3546/57/32 3543/56/85
f 3543/56/85 3541/58/84 3545/55/87
f 3547/55/88 3549/57/29 3548/56/31
f 3548/56/31 3550/58/89 3547/55/88
f 3550/55/89 3548/57/31 3546/56/32
f 3546/56/32 3545/58/87 3550/55/89
f 3551/55/90 3552/57/27 3549/56/29
f 3549/56/29 3547/58/88 3551/55/90
f 3553/55/91 3555/57/40 3554/56/28
f 3554/56/28 3556/58/92 3553/55/91
f 3556/55/92 3554/57/28 3552/56/27
f 3552/56/27 3551/58/90 3556/55/92
f 3557/55/93 3558/57/41 3555/56/40
f 3555/56/40 3553/58/91 3557/55/93
f 3528/55/76 3527/57/75 3559/56/42
f 3559/56/42 3560/58/94 3528/55/76
f 3560/55/94 3559/57/42 3558/56/41
f 3558/56/41 3557/58/93 3560/55/94
f 3530/59/47 3497/61/47 3496/60/46
f 3496/60/46 3523/62/46 3530/59/47
f 3561/63/95 3518/65/69 3520/64/71
f 3520/64/71 3562/66/96 3561/63/95
f 3562/67/96 3520/69/71 3501/68/52
f 3501/68/52 3563/70/97 3562/67/96
f 3531/71/48 3498/73/48 3497/72/47
f 3497/72/47 3530/74/47 3531/71/48
f 3563/75/97 3501/77/52 3502/76/53
f 3502/76/53 3564/78/98 3563/75/97
f 3534/79/39 3489/81/39 3498/80/48
f 3498/80/48 3531/82/48 3534/79/39
f 3564/83/98 3502/85/53 3500/84/51
f 3500/84/51 3565/86/99 3564/83/98
f 3535/87/37 3487/89/37 3489/88/39
f 3489/88/39 3534/90/39 3535/87/37
f 3565/91/99 3500/93/51 3504/92/55
f 3504/92/55 3566/94/100 3565/91/99
f 3538/95/82 3486/97/36 3487/96/37
f 3487/96/37 3535/98/37 3538/95/82
f 3566/99/100 3504/101/55 3505/100/56
f 3505/100/56 3567/102/101 3566/99/100
f 3539/103/35 3485/105/35 3486/104/36
f 3486/104/36 3538/106/82 3539/103/35
f 3567/107/101 3505/109/56 3506/108/57
f 3506/108/57 3568/110/102 3567/107/101
f 3542/111/34 3484/113/34 3485/112/35
f 3485/112/35 3539/114/35 3542/111/34
f 3568/115/102 3506/117/57 3507/116/58
f 3507/116/58 3569/118/103 3568/115/102
f 3543/119/85 3483/121/33 3484/120/34
f 3484/120/34 3542/122/34 3543/119/85
f 3569/123/103 3507/125/58 3508/124/59
f 3508/124/59 3570/126/104 3569/123/103
f 3546/127/32 3482/116/32 3483/128/33
f 3483/128/33 3543/129/85 3546/127/32
f 3570/130/104 3508/132/59 3509/131/60
f 3509/131/60 3571/133/105 3570/130/104
f 3548/134/31 3481/136/31 3482/135/32
f 3482/135/32 3546/137/32 3548/134/31
f 3571/138/105 3509/120/60 3510/139/61
f 3510/139/61 3572/140/106 3571/138/105
f 3549/141/29 3479/143/29 3481/142/31
f 3481/142/31 3548/144/31 3549/141/29
f 3572/145/106 3510/147/61 3511/146/62
f 3511/146/62 3573/148/107 3572/145/106
f 3552/149/27 3477/151/27 3479/150/29
f 3479/150/29 3549/152/29 3552/149/27
f 3573/153/107 3511/155/62 3512/154/63
f 3512/154/63 3574/156/108 3573/153/107
f 3554/157/28 3478/84/28 3477/158/27
f 3477/158/27 3552/159/27 3554/157/28
f 3574/160/108 3512/161/63 3513/81/64
f 3513/81/64 3575/162/109 3574/160/108
f 3555/163/40 3490/164/40 3478/93/28
f 3478/93/28 3554/165/28 3555/163/40
f 3575/166/109 3513/88/64 3514/167/65
f 3514/167/65 3576/168/110 3575/166/109
f 3558/169/41 3491/171/41 3490/170/40
f 3490/170/40 3555/172/40 3558/169/41
f 3576/173/110 3514/175/65 3516/174/67
f 3516/174/67 3577/176/111 3576/173/110
f 3559/177/42 3492/179/42 3491/178/41
f 3491/178/41 3558/180/41 3559/177/42
f 3577/181/111 3516/183/67 3515/182/66
f 3515/182/66 3578/184/112 3577/181/111
f 3527/185/75 3493/187/43 3492/186/42
f 3492/186/42 3559/188/42 3527/185/75
f 3578/189/112 3515/191/66 3517/190/68
f 3517/190/68 3579/192/113 3578/189/112
f 3525/193/44 3494/194/44 3493/65/43
f 3493/65/43 3527/195/75 3525/193/44
f 3579/196/113 3517/198/68 3519/197/70
f 3519/197/70 3580/199/114 3579/196/113
f 3522/200/45 3495/190/45 3494/201/44
f 3494/201/44 3525/202/44 3522/200/45
f 3580/203/114 3519/205/70 3518/204/69
f 3518/204/69 3561/206/95 3580/203/114
f 3523/207/46 3496/209/46 3495/208/45
f 3495/208/45 3522/210/45 3523/207/46
f 3564/211/98 3582/213/116 3581/212/115
f 3581/212/115 3563/214/97 3564/211/98
f 3563/215/97 3581/217/115 3583/216/117
f 3583/216/117 3562/218/96 3563/215/97
f 3562/219/96 3583/221/117 3584/220/118
f 3584/220/118 3561/222/95 3562/219/96
f 3561/223/95 3584/225/118 3585/224/119
f 3585/224/119 3580/226/114 3561/223/95
f 3580/223/114 3585/225/119 3586/224/120
f 3586/224/120 3579/226/113 3580/223/114
f 3579/227/113 3586/229/120 3587/228/121
f 3587/228/121 3578/230/112 3579/227/113
f 3578/231/112 3587/233/121 3588/232/122
f 3588/232/122 3577/234/111 3578/231/112
f 3577/235/111 3588/237/122 3589/236/123
f 3589/236/123 3576/238/110 3577/235/111
f 3576/223/110 3589/225/123 3590/224/124
f 3590/224/124 3575/226/109 3576/223/110
f 3575/223/109 3590/225/124 3591/224/125
f 3591/224/125 3574/226/108 3575/223/109
f 3574/239/108 3591/241/125 3592/240/126
f 3592/240/126 3573/242/107 3574/239/108
f 3573/243/107 3592/245/126 3593/244/127
f 3593/244/127 3572/246/106 3573/243/107
f 3572/247/106 3593/249/127 3594/248/128
f 3594/248/128 3571/250/105 3572/247/106
f 3571/223/105 3594/225/128 3595/224/129
f 3595/224/129 3570/226/104 3571/223/105
f 3570/223/104 3595/225/129 3596/224/130
f 3596/224/130 3569/226/103 3570/223/104
f 3569/251/103 3596/253/130 3597/252/131
f 3597/252/131 3568/254/102 3569/251/103
f 3568/255/102 3597/257/131 3598/256/132
f 3598/256/132 3567/258/101 3568/255/102
f 3567/259/101 3598/261/132 3599/260/133
f 3599/260/133 3566/262/100 3567/259/101
f 3566/223/100 3599/225/133 3600/224/134
f 3600/224/134 3565/226/99 3566/223/100
f 3565/223/99 3600/225/134 3582/224/116
f 3582/224/116 3564/226/98 3565/223/99
f 3600/263/134 3536/265/80 3529/264/77
f 3529/264/77 3582/266/116 3600/263/134
f 3582/263/116 3529/265/77 3532/264/78
f 3532/264/78 3581/266/115 3582/263/116
f 3581/263/115 3532/265/78 3521/264/72
f 3521/264/72 3583/266/117 3581/263/115
f 3583/263/117 3521/265/72 3524/264/73
f 3524/264/73 3584/266/118 3583/263/117
f 3584/263/118 3524/265/73 3526/264/74
f 3526/264/74 3585/266/119 3584/263/118
f 3585/263/119 3526/265/74 3528/264/76
f 3528/264/76 3586/266/120 3585/263/119
f 3586/263/120 3528/265/76 3560/264/94
f 3560/264/94 3587/266/121 3586/263/120
f 3587/263/121 3560/265/94 3557/264/93
f 3557/264/93 3588/266/122 3587/263/121
f 3588/263/122 3557/265/93 3553/264/91
f 3553/264/91 3589/266/123 3588/263/122
f 3589/263/123 3553/265/91 3556/264/92
f 3556/264/92 3590/266/124 3589/263/123
f 3590/263/124 3556/265/92 3551/264/90
f 3551/264/90 3591/266/125 3590/263/124
f 3591/263/125 3551/265/90 3547/264/88
f 3547/264/88 3592/266/126 3591/263/125
f 3592/263/126 3547/265/88 3550/264/89
f 3550/264/89 3593/266/127 3592/263/126
f 3593/263/127 3550/265/89 3545/264/87
f 3545/264/87 3594/266/128 3593/263/127
f 3594/263/128 3545/265/87 3541/264/84
f 3541/264/84 3595/266/129 3594/263/128
f 3595/263/129 3541/265/84 3544/264/86
f 3544/264/86 3596/266/130 3595/263/129
f 3596/263/130 3544/265/86 3537/264/81
f 3537/264/81 3597/266/131 3596/263/130
f 3597/263/131 3537/265/81 3540/264/83
f 3540/264/83 3598/266/132 3597/263/131
f 3598/263/132 3540/265/83 3533/264/79
f 3533/264/79 3599/266/133 3598/263/132
f 3599/263/133 3533/265/79 3536/264/80
f 3536/264/80 3600/266/134 3599/263/133

