# ProBuilder 5.2.2
# https://unity3d.com/unity/features/worldbuilding/probuilder
# 6/26/2024 6:38:41 PM

mtllib ./Gvozd.mtl
o Gvozd

g Gvozd
v 0.007051468 -0.05347776 -0.002291799
v 0.007051468 0.1524189 -0.002291799
v 0.005998135 0.1524189 -0.004358768
v 0.005998135 -0.05347776 -0.004358768
v 0.004357815 0.1524189 -0.005999207
v 0.004357815 -0.05347776 -0.005999207
v 0.002291203 0.1524189 -0.007052422
v 0.002291203 -0.05347776 -0.007052422
v -4.768372E-07 0.1524189 -0.007415175
v -4.768372E-07 -0.05347776 -0.007415175
v -0.002291679 0.1524189 -0.007052422
v -0.002291679 -0.05347776 -0.007052422
v -0.004358768 0.1524189 -0.005999207
v -0.004358768 -0.05347776 -0.005999207
v -0.005999088 0.1524189 -0.004358768
v -0.005999088 -0.05347776 -0.004358768
v -0.007051945 0.1524189 -0.002291799
v -0.007051945 -0.05347776 -0.002291799
v -0.007415295 0.1524189 -4.768372E-07
v -0.007415295 -0.05347776 -4.768372E-07
v -0.007051945 0.1524189 0.002290845
v -0.007051945 -0.05347776 0.002290845
v -0.005999088 0.1524189 0.004357815
v -0.005999088 -0.05347776 0.004357815
v -0.004358768 0.1524189 0.005998254
v -0.004358768 -0.05347776 0.005998254
v -0.002291679 0.1524189 0.007051468
v -0.002291679 -0.05347776 0.007051468
v -4.768372E-07 0.1524189 0.007414222
v -4.768372E-07 -0.05347776 0.007414222
v 0.002291203 0.1524189 0.007051468
v 0.002291203 -0.05347776 0.007051468
v 0.004357815 0.1524189 0.005998254
v 0.004357815 -0.05347776 0.005998254
v 0.005998135 0.1524189 0.004357815
v 0.005998135 -0.05347776 0.004357815
v 0.007051468 0.1524189 0.002290845
v 0.007051468 -0.05347776 0.002290845
v 0.007414341 0.1524189 -4.768372E-07
v 0.007414341 -0.05347776 -4.768372E-07
v 0.0006260872 0.2070882 0.0002030134
v -4.768372E-07 0.2070882 -4.768372E-07
v 0.0003867149 0.2070882 0.0005323887
v 0.0003867149 0.2070882 -0.0005333424
v -0.0005331039 0.2070882 0.0003867149
v 0.01411152 -0.07071567 -4.768372E-07
v -4.768372E-07 -0.07071567 -4.768372E-07
v 0.01342106 -0.07071567 0.004360437
v 0.01342106 -0.07071567 -0.004361391
v 0.01141644 -0.07071567 0.008294225
v 0.01141644 -0.07071567 -0.008295178
v 0.008294582 -0.07071567 0.01141632
v 0.008294582 -0.07071567 -0.01141727
v 0.004360676 -0.07071567 0.01342082
v 0.004360676 -0.07071567 -0.01342177
v -4.768372E-07 -0.07071567 0.0141114
v -4.768372E-07 -0.07071567 -0.01411235
v -0.004361153 -0.07071567 0.01342082
v -0.004361153 -0.07071567 -0.01342177
v -0.008295059 -0.07071567 0.01141632
v -0.008295059 -0.07071567 -0.01141727
v -0.01141691 -0.07071567 0.008294225
v -0.01141691 -0.07071567 -0.008295178
v -0.01342154 -0.07071567 0.004360437
v -0.01342154 -0.07071567 -0.004361391
v -0.014112 -0.07071567 -4.768372E-07
v 0.009753704 -0.06545401 0.03001916
v 0.01855278 -0.06545401 0.0255357
v 0.009753704 -0.0678165 0.03001916
v 0.01855278 -0.0678165 0.0255357
v -4.768372E-07 -0.06545401 0.03156352
v -4.768372E-07 -0.0678165 0.03156352
v -0.009754181 -0.06545401 0.03001916
v -0.009754181 -0.0678165 0.03001916
v 0.02553558 -0.06545401 0.0185523
v 0.03001881 -0.06545401 0.009753585
v 0.02553558 -0.0678165 0.0185523
v 0.03001881 -0.0678165 0.009753585
v 0.03156376 -0.06545401 -4.768372E-07
v 0.03001881 -0.06545401 -0.009754539
v 0.03156376 -0.0678165 -4.768372E-07
v 0.03001881 -0.0678165 -0.009754539
v 0.02553558 -0.06545401 -0.01855326
v 0.01855278 -0.06545401 -0.02553666
v 0.02553558 -0.0678165 -0.01855326
v 0.01855278 -0.0678165 -0.02553666
v 0.009753704 -0.06545401 -0.03002012
v -4.768372E-07 -0.06545401 -0.03156447
v 0.009753704 -0.0678165 -0.03002012
v -4.768372E-07 -0.0678165 -0.03156447
v -0.009754181 -0.06545401 -0.03002012
v -0.009754181 -0.0678165 -0.03002012
v -0.01855326 -0.06545401 -0.02553666
v -0.02553606 -0.06545401 -0.01855326
v -0.01855326 -0.0678165 -0.02553666
v -0.02553606 -0.0678165 -0.01855326
v -0.03001976 -0.06545401 -0.009754539
v -0.03001976 -0.0678165 -0.009754539
v -0.03156424 -0.06545401 -4.768372E-07
v -0.03001976 -0.06545401 0.009753585
v -0.03156424 -0.0678165 -4.768372E-07
v -0.03001976 -0.0678165 0.009753585
v -0.02553606 -0.06545401 0.0185523
v -0.02553606 -0.0678165 0.0185523
v -0.01855326 -0.06545401 0.0255357
v -0.01855326 -0.0678165 0.0255357
v 0.01774693 -0.06994104 0.0244267
v 0.009329796 -0.06994104 0.02871549
v 0.02442646 -0.06994104 0.01774657
v 0.02871513 -0.06994104 0.009330034
v 0.03019285 -0.06994104 -4.768372E-07
v 0.02871513 -0.06994104 -0.009330988
v 0.02442646 -0.06994104 -0.01774752
v 0.01774693 -0.06994104 -0.02442765
v 0.009329796 -0.06994104 -0.02871644
v -4.768372E-07 -0.06994104 -0.03019369
v -0.00933075 -0.06994104 -0.02871644
v -0.01774788 -0.06994104 -0.02442765
v -0.02442741 -0.06994104 -0.01774752
v -0.02871609 -0.06994104 -0.009330988
v -0.03019333 -0.06994104 -4.768372E-07
v -0.02871609 -0.06994104 0.009330034
v -0.02442741 -0.06994104 0.01774657
v -0.01774788 -0.06994104 0.0244267
v -0.00933075 -0.06994104 0.02871549
v -4.768372E-07 -0.06994104 0.03019273
v 0.02956867 -0.06899929 0.009607315
v 0.02515268 -0.06899929 0.01827407
v 0.01827431 -0.06899929 0.02515268
v 0.009607315 -0.06899929 0.02956891
v -4.768372E-07 -0.06899929 0.03109014
v -0.009607792 -0.06899929 0.02956891
v -0.01827526 -0.06899929 0.02515268
v -0.02515316 -0.06899929 0.01827407
v -0.02956963 -0.06899929 0.009607315
v -0.03109121 -0.06899929 -4.768372E-07
v -0.02956963 -0.06899929 -0.009608269
v -0.02515316 -0.06899929 -0.01827502
v -0.01827526 -0.06899929 -0.02515364
v -0.009607792 -0.06899929 -0.02956986
v -4.768372E-07 -0.06899929 -0.03109109
v 0.009607315 -0.06899929 -0.02956986
v 0.01827431 -0.06899929 -0.02515364
v 0.02515268 -0.06899929 -0.01827502
v 0.02956867 -0.06899929 -0.009608269
v 0.03109026 -0.06899929 -4.768372E-07
v -0.1738729 0.1162275 0.01428592
v 0.03001997 0.08834969 0.007656306
v 0.03016657 0.08984269 0.005886741
v -0.1737263 0.1177205 0.01251636
v 0.03039486 0.09180249 0.004666619
v -0.173498 0.1196803 0.01129624
v 0.03068247 0.09403715 0.004115455
v -0.1732104 0.121915 0.01074507
v 0.03100141 0.09632887 0.004287578
v -0.1728915 0.1242067 0.01091719
v 0.03132029 0.0984523 0.00516542
v -0.1725726 0.1263301 0.01179504
v 0.03160797 0.1002001 0.006663643
v -0.1722849 0.1280779 0.01329326
v 0.03183626 0.1014008 0.008635379
v -0.1720566 0.1292786 0.015265
v 0.03198279 0.1019369 0.01088749
v -0.1719101 0.1298148 0.0175171
v 0.03203335 0.1017569 0.01319989
v -0.1718595 0.1296347 0.0198295
v 0.03198279 0.1008767 0.0153458
v -0.1719101 0.1287545 0.02197542
v 0.03183626 0.09938417 0.01711547
v -0.1720566 0.127262 0.02374509
v 0.03160797 0.09742437 0.0183356
v -0.1722849 0.1253022 0.02496521
v 0.03132029 0.09518926 0.01888666
v -0.1725726 0.1230671 0.02551627
v 0.03100141 0.09289799 0.01871464
v -0.1728915 0.1207758 0.02534425
v 0.03068247 0.0907741 0.01783669
v -0.1732104 0.1186519 0.02446631
v 0.03039486 0.0890268 0.01633857
v -0.173498 0.1169046 0.02296819
v 0.03016657 0.08782604 0.01436684
v -0.1737263 0.1157039 0.02099645
v 0.03001997 0.08728947 0.01211462
v -0.1738729 0.1151673 0.01874424
v 0.02996947 0.08746998 0.009802334
v -0.1739234 0.1153478 0.01643195
v 0.08505157 0.08656064 0.009795249
v 0.08513877 0.08721135 0.009740829
v 0.08505157 0.0866548 0.00939931
v 0.08508489 0.08671504 0.01017053
v 0.08513877 0.08705897 0.01038159
v 0.08511043 0.08716012 0.009084731
v 0.0851671 0.08755244 0.009178028
v 0.08521289 0.08763491 0.01023954
v 0.08523042 0.08784576 0.009891689
v -0.1919256 0.1112297 0.01545262
v -0.1899616 0.1248252 0.01868577
v -0.1918295 0.110886 0.01985341
v -0.1918295 0.1129038 0.01136822
v -0.1915505 0.1119071 0.02413974
v -0.1915505 0.1157452 0.008000426
v -0.191116 0.1141924 0.02789236
v -0.191116 0.1194751 0.005678274
v -0.1905686 0.1175186 0.03074376
v -0.1905686 0.1237288 0.004629433
v -0.1899616 0.1215603 0.03241476
v -0.1899616 0.1280901 0.00495676
v -0.1893547 0.1259212 0.03274199
v -0.1893547 0.1321314 0.006627664
v -0.1888072 0.1301749 0.03169315
v -0.1888072 0.1354576 0.009479068
v -0.1883727 0.1339048 0.02937099
v -0.1883727 0.1377428 0.01323167
v -0.1880938 0.1367461 0.0260032
v -0.1880938 0.138764 0.01751801
v -0.1879977 0.1384203 0.0219188
v -0.1861087 0.1077703 0.04548678
v -0.1873333 0.1003306 0.03910904
v -0.1884482 0.1080902 0.04556285
v -0.1896728 0.1006505 0.03918511
v -0.1847512 0.1168102 0.04922397
v -0.1870907 0.1171301 0.04930004
v -0.1833937 0.1265643 0.04995616
v -0.1857332 0.1268841 0.05003223
v -0.1883051 0.095219 0.0307153
v -0.1889291 0.09293552 0.02112816
v -0.1906446 0.09553888 0.03079137
v -0.1912685 0.09325539 0.02120423
v -0.1891441 0.09370378 0.01128478
v -0.1889291 0.09744886 0.002149317
v -0.1914835 0.09402366 0.01136085
v -0.1912685 0.09776874 0.002225388
v -0.1883051 0.1038036 -0.005383544
v -0.1873333 0.1121465 -0.01057767
v -0.1906446 0.1041235 -0.005307473
v -0.1896728 0.1124664 -0.0105016
v -0.1861087 0.1216609 -0.01292357
v -0.1847512 0.1314154 -0.01219129
v -0.1884482 0.1219808 -0.0128475
v -0.1870907 0.1317352 -0.01211522
v -0.1833937 0.1404548 -0.008454189
v -0.1857332 0.1407747 -0.008378118
v -0.1821691 0.1478945 -0.002076454
v -0.1811973 0.1530061 0.00631728
v -0.1845086 0.1482144 -0.002000384
v -0.1835368 0.153326 0.006393351
v -0.1805733 0.1552901 0.01590452
v -0.1829128 0.15561 0.01598059
v -0.1803583 0.1545214 0.02574779
v -0.1805733 0.1507767 0.03488337
v -0.1826978 0.1548412 0.02582386
v -0.1829128 0.1510966 0.03495944
v -0.1811973 0.1444215 0.04241613
v -0.1835368 0.1447414 0.0424922
v -0.1821691 0.1360786 0.04761025
v -0.1845086 0.1363984 0.04768632
v -0.1916645 0.101971 0.03835922
v -0.190493 0.1090879 0.04446007
v -0.1925941 0.09708148 0.03033
v -0.193191 0.09489699 0.02115926
v -0.1933966 0.09563205 0.01174334
v -0.193191 0.09921436 0.003004529
v -0.1925941 0.1052933 -0.004201092
v -0.1916645 0.1132739 -0.009169661
v -0.190493 0.1223752 -0.01141368
v -0.1891945 0.1317057 -0.01071321
v -0.187896 0.1403528 -0.007138439
v -0.1867246 0.1474696 -0.00103759
v -0.1857949 0.1523592 0.006991625
v -0.1851981 0.1545437 0.01616237
v -0.1849925 0.1538081 0.02557819
v -0.1851981 0.1502263 0.0343171
v -0.1857949 0.1441474 0.04152272
v -0.1867246 0.1361668 0.04649129
v -0.187896 0.1270655 0.0487353
v -0.1891945 0.1177349 0.04803485
v -0.1923772 0.09388304 0.02120315
v -0.1917626 0.09613229 0.03064649
v -0.1908053 0.1011675 0.03891436
v -0.1895991 0.1084956 0.04519644
v -0.1882619 0.1173998 0.04887759
v -0.1869249 0.1270074 0.04959873
v -0.1857186 0.1363794 0.04728808
v -0.1847614 0.144597 0.04217187
v -0.1841467 0.1508569 0.03475208
v -0.1839349 0.1545457 0.02575358
v -0.1841467 0.1553026 0.01605784
v -0.1847614 0.1530529 0.006614394
v -0.1857186 0.1480181 -0.001653366
v -0.1869249 0.1406896 -0.007935546
v -0.1882619 0.1317859 -0.0116166
v -0.1895991 0.1221778 -0.01233784
v -0.1908053 0.1128062 -0.01002709
v -0.1917626 0.1045882 -0.004910983
v -0.1923772 0.09832871 0.002508901
v -0.1925889 0.09463997 0.01150741
v -0.1551899 0.1874567 0.03122494
v 0.033079 0.106362 0.01193982
v 0.03350547 0.1077774 0.01015179
v -0.1547635 0.1888721 0.0294369
v 0.03416933 0.1096158 0.008902811
v -0.1540993 0.190711 0.02818801
v 0.03500602 0.1116981 0.008315399
v -0.1532627 0.1927928 0.0276005
v 0.03593393 0.1138204 0.00844723
v -0.1523349 0.1949155 0.02773245
v 0.03686136 0.1157749 0.009284891
v -0.1514073 0.19687 0.02857009
v 0.03769828 0.1173698 0.01074676
v -0.1505703 0.1984649 0.03003196
v 0.03836246 0.1184496 0.01268974
v -0.1499064 0.1995447 0.03197496
v 0.03878862 0.1189081 0.0149234
v -0.1494801 0.2000028 0.03420849
v 0.03893571 0.1187012 0.01722943
v -0.149333 0.1997959 0.03651452
v 0.03878862 0.1178479 0.01938171
v -0.1494801 0.1989425 0.0386668
v 0.03836246 0.1164329 0.02116983
v -0.1499064 0.1975281 0.04045504
v 0.03769828 0.1145941 0.02241872
v -0.1505703 0.1956892 0.04170392
v 0.03686136 0.1125118 0.02300613
v -0.1514073 0.193607 0.04229133
v 0.03593393 0.1103895 0.0228743
v -0.1523349 0.1914846 0.04215951
v 0.03500602 0.108435 0.02203663
v -0.1532627 0.1895297 0.04132174
v 0.03416933 0.1068401 0.02057477
v -0.1540993 0.1879352 0.03985997
v 0.03350547 0.1057608 0.01863188
v -0.1547635 0.1868555 0.03791699
v 0.033079 0.1053018 0.01639813
v -0.1551899 0.1863965 0.03568324
v 0.03293197 0.1055091 0.01409221
v -0.1553366 0.1866042 0.03337741
v 0.08566907 0.08996857 0.01060568
v 0.08592264 0.09057264 0.01054017
v 0.08565601 0.08998699 0.01040089
v 0.08570681 0.09000897 0.01080412
v 0.08566907 0.09006273 0.01020974
v 0.08584018 0.09024692 0.01110663
v 0.08576599 0.09035148 0.009939857
v 0.08584018 0.09053678 0.009887733
v 0.08600516 0.09060896 0.01119272
v 0.08600516 0.09089883 0.009973831
v 0.0860793 0.09104037 0.01010369
v 0.08617622 0.09108256 0.01087059
v -0.1738101 0.1874357 0.03357513
v -0.168097 0.1999892 0.03656049
v -0.1735307 0.1870411 0.03796382
v -0.1735307 0.1890589 0.02947862
v -0.1727191 0.187914 0.0422149
v -0.1727191 0.1917521 0.02607559
v -0.1714552 0.1899692 0.04591282
v -0.1714552 0.1952519 0.02369873
v -0.1698626 0.1930049 0.04869515
v -0.1698626 0.1992152 0.02258083
v -0.168097 0.1967243 0.0502895
v -0.168097 0.2032541 0.02283148
v -0.1663316 0.2007633 0.05054015
v -0.1663316 0.2069735 0.02442583
v -0.164739 0.204727 0.04942235
v -0.164739 0.2100097 0.02720827
v -0.1634751 0.2082264 0.04704538
v -0.1634751 0.2120644 0.03090607
v -0.1626635 0.2109195 0.04364234
v -0.1626635 0.2129374 0.03515714
v -0.1623839 0.2125427 0.03954585
v -0.1672347 0.1822948 0.06320941
v -0.1707969 0.1755045 0.05698611
v -0.169395 0.1832254 0.06343073
v -0.1729572 0.1764351 0.05720742
v -0.1632857 0.1906145 0.06677534
v -0.1654459 0.1915451 0.06699665
v -0.1593369 0.1996484 0.06733626
v -0.1614972 0.200579 0.06755757
v -0.173624 0.1709084 0.04871498
v -0.1754389 0.168956 0.03920656
v -0.1757843 0.171839 0.04893628
v -0.1775991 0.1698866 0.03942786
v -0.1760645 0.1698385 0.02939035
v -0.1754389 0.1734693 0.02022772
v -0.1782248 0.1707686 0.02961154
v -0.1775991 0.1743999 0.02044901
v -0.173624 0.1794931 0.01261614
v -0.1707969 0.1873205 0.007299393
v -0.1757843 0.1804237 0.01283742
v -0.1729572 0.188251 0.007520705
v -0.1672347 0.1961854 0.004799068
v -0.1632857 0.2052197 0.005360082
v -0.169395 0.197116 0.00502038
v -0.1654459 0.2061502 0.005581394
v -0.1593369 0.2135389 0.008925915
v -0.1614972 0.2144695 0.009147227
v -0.1557747 0.2203293 0.01514922
v -0.1529476 0.2249253 0.02342036
v -0.157935 0.2212599 0.01537053
v -0.1551079 0.2258559 0.02364165
v -0.1511325 0.2268782 0.03292887
v -0.1532928 0.2278088 0.03315018
v -0.1505074 0.2259953 0.04274501
v -0.1511325 0.2223649 0.05190773
v -0.1526674 0.2269259 0.04296628
v -0.1532928 0.2232955 0.05212905
v -0.1529476 0.2163407 0.0595192
v -0.1551079 0.2172713 0.05974048
v -0.1557747 0.2085133 0.06483592
v -0.157935 0.2094439 0.06505723
v -0.1745736 0.1782454 0.05649799
v -0.171166 0.1847408 0.06245106
v -0.1772777 0.1738486 0.04858598
v -0.1790141 0.1719811 0.03949061
v -0.1796123 0.1728251 0.0301006
v -0.1790141 0.1762985 0.02133588
v -0.1772777 0.1820605 0.01405488
v -0.1745736 0.1895483 0.008969113
v -0.171166 0.1980281 0.006577313
v -0.1673886 0.2066698 0.007113963
v -0.1636113 0.214628 0.01052493
v -0.1602037 0.2211233 0.01647797
v -0.1574996 0.2255201 0.02439
v -0.1557632 0.2273876 0.03348535
v -0.1551653 0.2265432 0.04287528
v -0.1557632 0.2230702 0.05164008
v -0.1574996 0.2173083 0.05892108
v -0.1602037 0.2098204 0.06400685
v -0.1636113 0.2013406 0.06639868
v -0.1673886 0.1926989 0.06586203
v -0.1784984 0.1707863 0.03949149
v -0.1767108 0.1727098 0.04885738
v -0.1739261 0.177237 0.05700444
v -0.1704171 0.1839256 0.06313443
v -0.1665276 0.1921201 0.06664681
v -0.1626381 0.2010186 0.0671993
v -0.1591291 0.209751 0.06473657
v -0.1563445 0.2174607 0.05949955
v -0.1545565 0.2233948 0.0520023
v -0.1539406 0.2269711 0.04297705
v -0.1545565 0.2278405 0.03330804
v -0.1563445 0.2259166 0.02394208
v -0.1591291 0.2213898 0.01579513
v -0.1626381 0.2147008 0.009665027
v -0.1665276 0.2065062 0.00615263
v -0.1704171 0.1976078 0.005600154
v -0.1739261 0.1888758 0.008062989
v -0.1767108 0.1811657 0.0132999
v -0.1784984 0.175232 0.02079725
v -0.1791146 0.1716557 0.02982251
v -0.04118182 -0.03196448 -0.01739008
v -0.02687554 0.1734318 -0.01842602
v -0.02796108 0.1734968 -0.02047525
v -0.04226737 -0.03189943 -0.0194393
v -0.02962467 0.1736046 -0.02208841
v -0.04393119 -0.03179169 -0.02105244
v -0.0317037 0.1737443 -0.02310726
v -0.04601023 -0.03165196 -0.02207129
v -0.0339958 0.1739022 -0.02343203
v -0.0483021 -0.03149408 -0.02239608
v -0.03627494 0.1740634 -0.02303137
v -0.05058129 -0.03133333 -0.02199551
v -0.03831908 0.174211 -0.02194418
v -0.05262537 -0.03118525 -0.02090823
v -0.03992748 0.1743315 -0.02027677
v -0.054234 -0.0310648 -0.01924082
v -0.04094287 0.1744127 -0.01819278
v -0.05524916 -0.03098363 -0.01715682
v -0.04126656 0.1744467 -0.01589574
v -0.05557309 -0.03094953 -0.01485978
v -0.04086561 0.1744304 -0.0136108
v -0.0551719 -0.03096583 -0.01257485
v -0.0397806 0.174365 -0.01156156
v -0.05408713 -0.03103127 -0.01052559
v -0.03811678 0.1742573 -0.009948522
v -0.0524233 -0.03113899 -0.008912563
v -0.03603721 0.1741179 -0.008929595
v -0.0503438 -0.03127879 -0.007893737
v -0.03374588 0.1739596 -0.00860478
v -0.04805217 -0.03143663 -0.007568937
v -0.03146621 0.1737988 -0.009005472
v -0.0457725 -0.03159744 -0.007969514
v -0.02942253 0.1736513 -0.01009263
v -0.04372913 -0.03174543 -0.00905678
v -0.02781414 0.1735308 -0.01175992
v -0.0421205 -0.03186591 -0.01072408
v -0.02679827 0.1734496 -0.01384406
v -0.04110463 -0.03194715 -0.01280821
v -0.02647489 0.1734151 -0.01614107
v -0.04078141 -0.03198117 -0.01510511
v -0.02944385 0.228425 -0.01610032
v -0.0300722 0.2284677 -0.01629345
v -0.02953389 0.2284321 -0.01591511
v -0.02945058 0.2284233 -0.01650731
v -0.02954696 0.228429 -0.01668939
v -0.03006102 0.2284703 -0.01563483
v -0.03008314 0.228465 -0.01695199
v -0.03059697 0.2285062 -0.01589747
v -0.03069312 0.228512 -0.01607963
v -0.03061005 0.2285032 -0.01667175
v -0.03529909 -0.04964282 -0.01512916
v -0.04937499 -0.04866127 -0.01489573
v -0.03591417 -0.04957794 -0.01075752
v -0.03606124 -0.04961169 -0.01947794
v -0.03784737 -0.04942328 -0.006791085
v -0.03812703 -0.04948754 -0.02337808
v -0.04090874 -0.04919417 -0.003617868
v -0.04129357 -0.04928251 -0.02644805
v -0.04479893 -0.04891293 -0.001548659
v -0.04525121 -0.04901682 -0.02838719
v -0.04913723 -0.04860668 -0.0007859692
v -0.04961275 -0.04871586 -0.02900548
v -0.05349836 -0.04830624 -0.001404386
v -0.05395065 -0.04841013 -0.02824291
v -0.05745593 -0.04804008 -0.003343422
v -0.05784076 -0.04812842 -0.0261736
v -0.06062247 -0.04783506 -0.006413389
v -0.0609019 -0.04789935 -0.02300039
v -0.06268826 -0.04771091 -0.01031353
v -0.0628351 -0.04774468 -0.01903395
v -0.06345042 -0.04767977 -0.01466232
v -0.03877431 -0.04397464 0.01493165
v -0.03007331 -0.04460408 0.01030323
v -0.03893848 -0.0463315 0.01494352
v -0.03023747 -0.04696093 0.01031511
v -0.0484775 -0.0432903 0.0166371
v -0.04864166 -0.04564716 0.01664897
v -0.05823218 -0.04261793 0.01525429
v -0.05839634 -0.04497479 0.01526617
v -0.02322601 -0.04511696 0.003205419
v -0.01890251 -0.04546262 -0.005666133
v -0.02339017 -0.04747381 0.003217287
v -0.01906667 -0.04781947 -0.005654264
v -0.01752586 -0.04560797 -0.01544434
v -0.01923123 -0.04553851 -0.02517147
v -0.01769002 -0.04796483 -0.01543247
v -0.01939532 -0.04789491 -0.02515949
v -0.02385125 -0.04526053 -0.03389459
v -0.03093396 -0.04480193 -0.0407615
v -0.02401541 -0.04761736 -0.03388283
v -0.03109806 -0.04715833 -0.04074952
v -0.03978606 -0.0442072 -0.0450988
v -0.04954121 -0.04353476 -0.04648159
v -0.03995022 -0.04656406 -0.04508693
v -0.0497053 -0.04589117 -0.04646961
v -0.05924385 -0.04285004 -0.04477605
v -0.05940802 -0.0452069 -0.04476418
v -0.06794485 -0.04222059 -0.04014763
v -0.07479224 -0.04170821 -0.03304981
v -0.06810902 -0.04457746 -0.04013576
v -0.07495633 -0.04406458 -0.03303795
v -0.07911614 -0.041362 -0.02417825
v -0.07928029 -0.04371885 -0.02416638
v -0.08049237 -0.04121717 -0.01440017
v -0.07878748 -0.04128656 -0.004673027
v -0.08065647 -0.04357357 -0.01438818
v -0.07895165 -0.04364341 -0.004661158
v -0.07416698 -0.04156464 0.004050195
v -0.07433108 -0.04392103 0.004062172
v -0.06708428 -0.0420232 0.01091699
v -0.06724843 -0.04438007 0.01092886
v -0.03120745 -0.04902869 0.009230312
v -0.03953081 -0.04842629 0.01365771
v -0.02465761 -0.04951892 0.002440657
v -0.02052182 -0.04984991 -0.006045584
v -0.01920509 -0.0499886 -0.0153991
v -0.02083619 -0.04992194 -0.02470378
v -0.0252559 -0.04965657 -0.03304809
v -0.03203092 -0.04921781 -0.03961682
v -0.04049854 -0.04864871 -0.04376562
v -0.04983003 -0.04800525 -0.04508827
v -0.0591114 -0.04735085 -0.04345698
v -0.06743477 -0.04674845 -0.03902958
v -0.07398461 -0.04625823 -0.03223992
v -0.0781204 -0.04592721 -0.02375379
v -0.07943665 -0.04578858 -0.01440029
v -0.07780603 -0.04585518 -0.005095594
v -0.07338663 -0.046121 0.003248718
v -0.06661161 -0.04655977 0.009817444
v -0.05814369 -0.04712843 0.01396636
v -0.04881243 -0.04777186 0.01528902
v -0.01960038 -0.04896893 -0.005787194
v -0.02385906 -0.04862822 0.002951339
v -0.03060375 -0.04812315 0.009942651
v -0.03917418 -0.04750301 0.01450171
v -0.04873173 -0.04682869 0.01618161
v -0.05834027 -0.04616652 0.01481954
v -0.06705976 -0.04558068 0.01054728
v -0.07403605 -0.04512883 0.003783528
v -0.07858741 -0.04485522 -0.00480891
v -0.08026695 -0.04478659 -0.01439005
v -0.07891122 -0.04492963 -0.02402165
v -0.07465207 -0.04527041 -0.03276019
v -0.06790761 -0.04577545 -0.03975149
v -0.05933665 -0.04639519 -0.04431046
v -0.04977956 -0.04706945 -0.04599035
v -0.04017079 -0.04773165 -0.04462828
v -0.03145153 -0.04831746 -0.04035601
v -0.02447478 -0.04876937 -0.03359228
v -0.01992413 -0.04904288 -0.02499982
v -0.01824458 -0.04911154 -0.01541856
v -0.1482263 0.009519049 0.004260653
v -0.01398479 0.1651785 -0.007685408
v -0.01508704 0.1659851 -0.00956063
v -0.1493286 0.01032567 0.002385451
v -0.01655871 0.16715 -0.01092395
v -0.1508005 0.0114906 0.001022126
v -0.01825588 0.1685584 -0.01164232
v -0.1524977 0.01289899 0.0003037537
v -0.02001318 0.1700735 -0.01164472
v -0.1542547 0.01441403 0.0003013443
v -0.02165738 0.1715466 -0.01093172
v -0.1558992 0.01588673 0.001014267
v -0.02302825 0.172833 -0.009572491
v -0.15727 0.0171736 0.002373596
v -0.02399149 0.1738074 -0.007700399
v -0.158233 0.01814796 0.004245668
v -0.02445229 0.174374 -0.005498648
v -0.1586941 0.01871406 0.006447315
v -0.02436691 0.1744776 -0.003182754
v -0.1586084 0.01881811 0.008763319
v -0.02374199 0.1741078 -0.0009793192
v -0.1579835 0.01844834 0.01096677
v -0.02263992 0.1733017 0.0008960217
v -0.1568818 0.01764182 0.01284187
v -0.02116825 0.1721368 0.002259344
v -0.1554098 0.01647731 0.01420542
v -0.01947066 0.1707279 0.002977476
v -0.1537124 0.01506846 0.01492356
v -0.01771377 0.1692133 0.002980128
v -0.1519556 0.01355342 0.01492609
v -0.01606911 0.1677401 0.002266973
v -0.1503109 0.01208072 0.01421304
v -0.01469871 0.1664538 0.000907883
v -0.1489402 0.01079432 0.01285395
v -0.01373546 0.1654794 -0.0009642094
v -0.1479772 0.009819984 0.01098176
v -0.01327419 0.1649128 -0.003165975
v -0.147516 0.009253362 0.008780111
v -0.01336004 0.1648093 -0.005481973
v -0.1476019 0.009149371 0.006464001
v 0.01727688 0.2105537 -0.007400677
v 0.01678009 0.2109738 -0.007504314
v 0.01726892 0.2105444 -0.007606417
v 0.01702839 0.2108049 -0.006917953
v 0.01698502 0.2107523 -0.008089751
v 0.0168822 0.2109357 -0.006854609
v 0.01672627 0.2110702 -0.006854877
v 0.01667805 0.2110123 -0.008153781
v 0.01644502 0.2112988 -0.0070398
v 0.01641047 0.2112567 -0.007969797
v -0.15387 -0.00824881 0.006425913
v -0.164344 0.0009517325 0.008613888
v -0.1537062 -0.008051615 0.01083366
v -0.1550586 -0.00754554 0.002232179
v -0.1545842 -0.006973145 0.01502396
v -0.1571565 -0.006010691 -0.001336645
v -0.1564173 -0.005118992 0.01858693
v -0.1599574 -0.003794154 -0.003931567
v -0.1590262 -0.002670201 0.02117381
v -0.1631881 -0.001112666 -0.005298413
v -0.162156 0.0001329146 0.02253102
v -0.1665322 0.001770614 -0.005303344
v -0.1654996 0.003016128 0.02252607
v -0.1696615 0.004573664 -0.003946152
v -0.1687301 0.005697123 0.02115911
v -0.1722704 0.007022453 -0.001359276
v -0.1715313 0.007913693 0.01856419
v -0.1741035 0.008876607 0.002203699
v -0.1736291 0.009449 0.01499548
v -0.1749815 0.009955078 0.006393994
v -0.1748177 0.01015224 0.01080186
v -0.1490195 -0.003171666 0.03640167
v -0.1431838 -0.008648442 0.03061572
v -0.1505599 -0.004958063 0.03653866
v -0.1447241 -0.01043438 0.03075283
v -0.1560197 0.003098235 0.03943712
v -0.15756 0.001312325 0.03957411
v -0.1634983 0.00954695 0.03942627
v -0.1650386 0.007761013 0.03956338
v -0.1390838 -0.01279589 0.0226461
v -0.1371205 -0.0152082 0.01327365
v -0.1406241 -0.01458183 0.0227832
v -0.1386609 -0.0169946 0.01341064
v -0.1374863 -0.01564982 0.003414564
v -0.1401451 -0.01407648 -0.005965337
v -0.1390266 -0.01743576 0.003551666
v -0.1416854 -0.01586242 -0.005828235
v -0.1448368 -0.01064272 -0.01394754
v -0.1511023 -0.005685039 -0.01975188
v -0.1463772 -0.01242912 -0.01381055
v -0.1526426 -0.00747098 -0.01961477
v -0.1583283 0.0003122799 -0.02280917
v -0.1658074 0.006761029 -0.02281988
v -0.1598687 -0.00147412 -0.02267218
v -0.1673477 0.004975088 -0.02268279
v -0.1728071 0.01303089 -0.01978456
v -0.1743474 0.01124495 -0.01964745
v -0.1786428 0.01850767 -0.01399862
v -0.1827428 0.02265512 -0.006028991
v -0.1801831 0.01672173 -0.01386151
v -0.1842831 0.02086918 -0.005891887
v -0.1847065 0.02506795 0.003343587
v -0.1862468 0.02328156 0.003480582
v -0.1843406 0.02550862 0.01320244
v -0.1816817 0.02393574 0.02258245
v -0.1858806 0.02372265 0.01333954
v -0.183222 0.0221498 0.02271955
v -0.1769898 0.02050195 0.03056465
v -0.1785301 0.01871601 0.03070175
v -0.1707243 0.01554427 0.03636898
v -0.1722647 0.01375787 0.03650597
v -0.1468793 -0.01145089 0.02990737
v -0.1524617 -0.006211802 0.03544208
v -0.1429574 -0.01541829 0.02228371
v -0.1410793 -0.01772605 0.01331842
v -0.1414292 -0.01814805 0.003887486
v -0.1439727 -0.01664319 -0.005085099
v -0.1484607 -0.0133589 -0.01272067
v -0.1544542 -0.008616272 -0.018273
v -0.1613662 -0.00287953 -0.02119743
v -0.1685204 0.003289543 -0.02120763
v -0.1752162 0.009286992 -0.01830411
v -0.1807986 0.01452611 -0.01276952
v -0.1847204 0.01849351 -0.005145857
v -0.1865986 0.02080125 0.003819546
v -0.1862485 0.02122278 0.01325025
v -0.1837052 0.01971838 0.02222307
v -0.1792172 0.01643366 0.02985841
v -0.173224 0.01169106 0.03541075
v -0.1663118 0.005954262 0.03833529
v -0.1591577 -0.0002143215 0.03834561
v -0.1397889 -0.01758657 0.01340489
v -0.1417226 -0.0152104 0.02263666
v -0.1457614 -0.01112508 0.03048687
v -0.1515092 -0.00573042 0.03618601
v -0.1584044 0.0004455317 0.03917597
v -0.165771 0.00679737 0.03916524
v -0.1728889 0.0127048 0.03615385
v -0.1790601 0.01758809 0.03043646
v -0.183682 0.02097039 0.02257411
v -0.1863009 0.02252034 0.01333495
v -0.1866611 0.02208582 0.003623744
v -0.184727 0.01970912 -0.00560815
v -0.1806887 0.01562386 -0.01345834
v -0.1749401 0.0102291 -0.01915751
v -0.1680454 0.004053675 -0.02214734
v -0.1606786 -0.002298653 -0.02213673
v -0.1535612 -0.008206014 -0.01912532
v -0.1473894 -0.01308987 -0.01340806
v -0.1427681 -0.01647161 -0.005545586
v -0.1401491 -0.01802113 0.0036938

vt 0.1005999 0.0004537381
vt 0.1005996 0.9994308
vt 0.2005053 0.9994308
vt 0.2005054 0.0004537381
vt 0.300411 0.9994308
vt 0.300411 0.0004537381
vt 0.4003165 0.9994308
vt 0.4003165 0.0004537381
vt 0.500222 0.9994308
vt 0.500222 0.0004537381
vt 0.6001273 0.9994308
vt 0.6001273 0.0004537381
vt 0.7000328 0.9994308
vt 0.7000327 0.0004537381
vt 0.7999381 0.9994308
vt 0.799938 0.0004537381
vt 0.8998435 0.9994308
vt 0.8998432 0.0004537381
vt 0.9997491 0.9994308
vt 0.999749 0.0004537381
vt 0.0006936856 0.0004537381
vt 0.0006940446 0.9994308
vt 0.9720591 0.3466357
vt 0.5002245 0.4999442
vt 0.9963408 0.4999439
vt 0.901591 0.2083343
vt 0.9720596 0.6532523
vt 0.7918344 0.09857755
vt 0.9015915 0.7915539
vt 0.6535327 0.02810941
vt 0.7918347 0.9013107
vt 0.5002242 0.003827723
vt 0.653533 0.971779
vt 0.3469159 0.02810938
vt 0.5002243 0.9960608
vt 0.2086144 0.09857755
vt 0.3469157 0.971779
vt 0.09885782 0.2083341
vt 0.2086142 0.9013106
vt 0.02838971 0.3466356
vt 0.0988576 0.7915537
vt 0.004108027 0.4999439
vt 0.0283896 0.6532522
vt 0.001160604 0.1504087
vt -0.001159273 0.1504087
vt 0.0001035245 0.2054838
vt -0.0179907 -0.4187002
vt 0.01798849 -0.4187002
vt -0.0179907 -0.4273068
vt 0.01798849 -0.4273068
vt -0.02199967 0.02121511
vt -0.02354545 0.01948529
vt -0.03938361 0.041817
vt -0.04596395 0.03445314
vt 0.02052067 0.02252599
vt 0.006191414 0.02983564
vt 0.05501249 0.06997053
vt 0.0243547 0.08561043
vt 0.02647762 0.01507957
vt 0.01511062 0.02646127
vt 0.07394609 0.04953756
vt 0.04962522 0.07388925
vt -0.02731334 0.01371289
vt -0.02827485 0.01160164
vt -0.05003815 0.02821147
vt -0.05413053 0.01922431
vt 0.02984216 0.006161714
vt 0.02254604 0.02049704
vt 0.08563367 0.02427183
vt 0.07002323 0.05494301
vt -0.03007703 0.005428007
vt -0.03040212 0.003131021
vt -0.055974 0.0129092
vt -0.0573581 0.003131014
vt 0.0302862 -0.003351649
vt 0.02777308 0.01253655
vt 0.08894282 -0.003351649
vt 0.08356588 0.03064276
vt -0.03040196 -0.003131957
vt -0.03007687 -0.005428944
vt -0.05735794 -0.003131958
vt -0.05597384 -0.01291014
vt 0.02777311 -0.01253751
vt 0.03028623 0.003350691
vt 0.0835659 -0.03064372
vt 0.08894284 0.003350691
vt -0.02827525 -0.01160269
vt -0.02731374 -0.01371395
vt -0.05413095 -0.01922532
vt -0.05003858 -0.02821249
vt 0.02254605 -0.02049799
vt 0.02984216 -0.00616267
vt 0.07002324 -0.05494397
vt 0.08563368 -0.02427278
vt -0.02354549 -0.01948622
vt -0.02199971 -0.02121604
vt -0.045964 -0.03445407
vt -0.03938365 -0.04181793
vt 0.01511049 -0.0264621
vt 0.02647749 -0.01508039
vt 0.04962509 -0.07389007
vt 0.07394595 -0.04953839
vt -0.01613581 -0.02595641
vt -0.0141209 -0.02710545
vt -0.03263774 -0.04727133
vt -0.02405879 -0.05216284
vt 0.006191516 -0.0298368
vt 0.02052078 -0.02252715
vt 0.0243548 -0.08561159
vt 0.05501259 -0.06997169
vt -0.006469409 -0.02987119
vt -0.004184758 -0.03027586
vt -0.0148463 -0.0554927
vt -0.005122033 -0.05721543
vt -0.00333979 -0.03028791
vt 0.01254725 -0.0277692
vt -0.003318265 -0.08894452
vt 0.0306735 -0.08355604
vt 0.004186514 -0.03027552
vt 0.005123969 -0.05721508
vt 0.01484775 -0.05549231
vt -0.01254727 -0.02776936
vt 0.003339765 -0.03028806
vt -0.03067353 -0.0835562
vt 0.00331824 -0.08894468
vt 0.0141195 -0.02710679
vt 0.0161349 -0.02595774
vt 0.02405703 -0.05216432
vt 0.03263605 -0.04727294
vt -0.02052067 -0.02252694
vt -0.05501249 -0.06997148
vt -0.0243547 -0.08561139
vt 0.02200079 -0.02121605
vt 0.02354656 -0.01948623
vt 0.03938431 -0.04181797
vt 0.04596464 -0.0344541
vt -0.02647762 -0.01508052
vt -0.01511062 -0.02646223
vt -0.07394609 -0.04953852
vt -0.04962522 -0.0738902
vt 0.02731663 -0.01371047
vt 0.02827768 -0.01159925
vt 0.05004116 -0.02820885
vt 0.05413388 -0.0192216
vt -0.02984216 -0.006162667
vt -0.02254604 -0.02049799
vt -0.08563367 -0.02427278
vt -0.07002323 -0.05494396
vt 0.03007596 -0.005432899
vt 0.05597334 -0.01291414
vt 0.05735704 -0.00313597
vt -0.02777308 -0.0125375
vt -0.08894282 0.003350695
vt -0.08356588 -0.03064371
vt 0.03007765 0.005432105
vt 0.05735872 0.003135103
vt 0.05597505 0.01291327
vt -0.02777311 0.01253655
vt -0.0835659 0.03064276
vt -0.08894284 -0.003351644
vt 0.02827648 0.01159795
vt 0.02731542 0.01370916
vt 0.05413264 0.01922044
vt 0.05003987 0.02820767
vt -0.02254605 0.02049704
vt -0.02984216 0.006161717
vt -0.07002324 0.05494301
vt -0.08563368 0.02427183
vt 0.0235466 0.01948535
vt 0.02200083 0.02121517
vt 0.04596468 0.03445321
vt 0.03938435 0.04181709
vt -0.01511049 0.02646114
vt -0.02647749 0.01507944
vt -0.04962509 0.07388911
vt -0.07394595 0.04953743
vt 0.01613498 0.02595697
vt 0.01411958 0.02710602
vt 0.03263614 0.04727216
vt 0.02405712 0.05216354
vt -0.006191516 0.02983584
vt -0.02052078 0.0225262
vt -0.0243548 0.08561064
vt -0.05501259 0.06997073
vt 0.004186532 0.03027474
vt 0.01484777 0.05549153
vt 0.005123991 0.0572143
vt 0.00333979 0.03028696
vt -0.01254725 0.02776825
vt 0.003318265 0.08894357
vt -0.0306735 0.08355509
vt -0.004184698 0.03027475
vt -0.005121959 0.05721432
vt -0.01484622 0.0554916
vt 0.01254727 0.0277684
vt -0.003339765 0.03028711
vt 0.03067353 0.08355524
vt -0.00331824 0.08894373
vt -0.01412125 0.02710502
vt -0.01613616 0.02595598
vt -0.02405921 0.05216239
vt -0.03263814 0.04727086
vt -0.2184795 -0.09507732
vt -0.2301642 -0.06162099
vt -0.2230962 -0.09614788
vt -0.2344437 -0.06365723
vt -0.1859816 -0.1489392
vt -0.2060164 -0.1197061
vt -0.190157 -0.1511809
vt -0.2096135 -0.1227916
vt -0.1275417 -0.2012593
vt -0.1559829 -0.1801155
vt -0.1307631 -0.2047353
vt -0.1583834 -0.1842018
vt 0.01772484 -0.2376116
vt -0.01771429 -0.2376116
vt 0.01721323 -0.2423231
vt -0.01720298 -0.2423231
vt 0.1559834 -0.1801159
vt 0.1275422 -0.2012597
vt 0.1583839 -0.1842022
vt 0.1307636 -0.2047357
vt 0.2060186 -0.1197068
vt 0.1859839 -0.1489399
vt 0.2096157 -0.1227922
vt 0.1901593 -0.1511816
vt 0.2301627 -0.06162079
vt 0.2184779 -0.09507711
vt 0.2344422 -0.06365705
vt 0.2230946 -0.09614768
vt 0.2184795 0.09507642
vt 0.2301642 0.06162009
vt 0.2230962 0.09614698
vt 0.2344437 0.06365633
vt 0.1859816 0.1489384
vt 0.2060164 0.1197053
vt 0.190157 0.1511801
vt 0.2096135 0.1227908
vt 0.1275417 0.2012586
vt 0.1559829 0.1801148
vt 0.1307631 0.2047346
vt 0.1583834 0.1842011
vt -0.1559834 0.1801152
vt -0.1275422 0.201259
vt -0.1583839 0.1842014
vt -0.1307636 0.204735
vt -0.2060186 0.1197059
vt -0.1859839 0.1489391
vt -0.2096157 0.1227914
vt -0.1901593 0.1511808
vt -0.2301627 0.06161989
vt -0.2184779 0.09507621
vt -0.2344422 0.06365614
vt -0.2230946 0.09614678
vt 0.004938321 -0.05160281
vt -0.004937336 -0.05160281
vt 0.004864246 -0.05287471
vt -0.004863287 -0.05287463
vt 0.000747256 0.1504229
vt -0.001572624 0.1504229
vt -0.0005158037 0.205498
vt 0.001688071 0.150433
vt -0.000631813 0.150433
vt 0.0006312393 0.2055081
vt 0.0004252531 0.2055081
vt 0.001674637 0.1505263
vt -0.0006452203 0.1505263
vt -0.0006231628 0.2055728
vt 0.0006718896 0.150609
vt -0.001647849 0.150609
vt -0.02226775 0.02101525
vt -0.0396517 0.04161714
vt -0.04623203 0.03425327
vt -0.02784126 0.01356035
vt -0.02880276 0.01144909
vt -0.05056608 0.02805893
vt -0.05465845 0.01907173
vt -0.02987588 0.008479938
vt -0.03020097 0.006182954
vt -0.05577288 0.01596101
vt -0.05715694 0.006182821
vt -0.02932766 -0.003669943
vt -0.02900257 -0.005966938
vt -0.05628363 -0.003669932
vt -0.05489956 -0.01344812
vt -0.02730244 -0.01262476
vt -0.02634095 -0.01473602
vt -0.05315813 -0.02024736
vt -0.04906582 -0.02923454
vt -0.02291724 -0.0208069
vt -0.02137145 -0.02253671
vt -0.04533575 -0.03577476
vt -0.03875536 -0.04313861
vt -0.01593239 -0.02729987
vt -0.01391747 -0.0284489
vt -0.03243431 -0.04861481
vt -0.0238553 -0.05350631
vt -0.009918511 -0.02943854
vt -0.007633865 -0.02984321
vt -0.01829541 -0.05506006
vt -0.008571163 -0.05678278
vt 0.004540332 -0.02946509
vt 0.006824493 -0.02906042
vt 0.005477734 -0.05640464
vt 0.01520155 -0.0546819
vt 0.01456252 -0.02658191
vt 0.01657792 -0.02543285
vt 0.02450008 -0.05163944
vt 0.03307907 -0.04674804
vt 0.02252118 -0.02088585
vt 0.02406696 -0.01915604
vt 0.03990474 -0.04148778
vt 0.04648504 -0.03412385
vt 0.02797807 -0.0135445
vt 0.02893912 -0.01143327
vt 0.05070262 -0.02804287
vt 0.05479532 -0.01905559
vt 0.02994667 -0.008337975
vt 0.03027219 -0.006040975
vt 0.05584405 -0.01581931
vt 0.05722779 -0.006041169
vt 0.02948862 0.003529668
vt 0.02916311 0.005826682
vt 0.05644418 0.003529668
vt 0.05506052 0.01330784
vt 0.02745745 0.01231611
vt 0.02649639 0.0144273
vt 0.05331362 0.01993862
vt 0.0492208 0.02892584
vt 0.02143785 0.02212388
vt 0.04540171 0.03536191
vt 0.03882141 0.04272579
vt 0.01588751 0.02684853
vt 0.01387212 0.02799758
vt 0.03238867 0.0481637
vt 0.02380971 0.05305509
vt 0.008444026 0.03016131
vt 0.006159864 0.03056598
vt 0.01682114 0.05578276
vt 0.007097363 0.05750553
vt -0.004315734 0.02984344
vt -0.00660038 0.02943878
vt -0.005253024 0.05678302
vt -0.01429331 0.02685302
vt -0.0242312 0.05191038
vt -0.001464318 0.1508395
vt 0.001432788 0.150861
vt -0.02254466 0.02087487
vt -0.02409051 0.01914486
vt -0.03992912 0.04147664
vt -0.04650909 0.03411203
vt -0.03030813 0.007408745
vt -0.03063322 0.005111816
vt -0.0562044 0.01489463
vt -0.05759021 0.005116707
vt -0.02985081 -0.003298605
vt -0.02952561 -0.00559482
vt -0.05680732 -0.003302021
vt -0.05542098 -0.01307705
vt -0.0277543 -0.01195495
vt -0.02679279 -0.01406632
vt -0.0536099 -0.01957712
vt -0.04951802 -0.02856468
vt -0.02297635 -0.02137189
vt -0.02143068 -0.02310169
vt -0.0453947 -0.03633925
vt -0.03881556 -0.04370297
vt -0.01777758 -0.02689162
vt -0.0157629 -0.02804051
vt -0.03427877 -0.0482071
vt -0.02569964 -0.0530983
vt -0.009746544 -0.02895202
vt -0.007461779 -0.02935667
vt -0.01812293 -0.05457371
vt -0.008399054 -0.05629604
vt 0.007164154 -0.02871484
vt 0.005817603 -0.05605914
vt 0.01554115 -0.0543361
vt 0.01490609 -0.02635756
vt 0.02484257 -0.051415
vt 0.04019636 -0.0413914
vt 0.04677628 -0.03402644
vt 0.02815434 -0.01354054
vt 0.02911517 -0.01143013
vt 0.02958157 0.00345999
vt 0.05653704 0.003459617
vt 0.02759628 0.01212232
vt 0.02663514 0.0142332
vt 0.02309819 0.02008504
vt 0.0215525 0.02181491
vt 0.04551619 0.03505217
vt 0.03893687 0.04241657
vt 0.01593771 0.02645796
vt 0.03243893 0.04777386
vt 0.02385841 0.05266473
vt 0.006914899 0.03009935
vt 0.004630484 0.03050406
vt 0.0152918 0.0557208
vt 0.005568035 0.05744358
vt -0.01608919 0.02604344
vt 0.0005036807 0.2054975
vt -0.03012232 0.005591003
vt -0.05601867 0.01307367
vt -0.04999273 -0.02823399
vt -0.02350469 -0.01952384
vt -0.01610587 -0.02601088
vt -0.01483564 -0.05556013
vt 0.03013589 -0.005655997
vt 0.05603366 -0.01313576
vt 0.04997939 0.028236
vt 0.02349603 0.01953221
vt 0.02195027 0.02126208
vt 0.01610095 0.02601935
vt 0.01483668 0.05556142
vt 2.983387E-05 0.2060068
vt -0.04017446 0.04139535
vt -0.03030965 0.006648943
vt -0.03063476 0.004351836
vt -0.05620818 0.01412626
vt -0.05759109 0.004347969
vt -0.02995262 -0.005450923
vt -0.02235954 -0.02096345
vt -0.04632407 -0.03419944
vt -0.03974513 -0.04156522
vt -0.01670501 -0.02533662
vt -0.01469004 -0.02648556
vt -0.03320669 -0.0466523
vt -0.02462686 -0.05154278
vt -0.00831224 -0.03020132
vt -0.006027684 -0.03060598
vt -0.01668897 -0.05582274
vt -0.006964728 -0.05754558
vt 0.004425913 -0.0296346
vt 0.005364507 -0.05657435
vt 0.02449462 -0.05164287
vt 0.03023852 -0.007624487
vt 0.03056404 -0.005327492
vt 0.05613573 -0.01510684
vt 0.05751985 -0.00532875
vt 0.02774844 0.01195702
vt 0.05360465 0.01957965
vt 0.04951179 0.02856675
vt 0.04555796 0.03497007
vt 0.006967194 0.05754446
vt -0.005226433 0.02890166
vt -0.007510982 0.02849714
vt -0.00616277 0.05584095
vt -0.01588754 0.05411933
vt -0.01711127 0.0251239
vt -0.02503467 0.05133043
vt -0.03361341 0.04643825

vn 0.8066459 0.5297328 -0.2621172
vn 0.9492781 0.06144602 -0.3083757
vn 0.8074187 0.06144281 -0.5867707
vn 0.6861776 0.529729 -0.4985455
vn 0.5867323 0.0614461 -0.8074464
vn 0.498581 0.5297328 -0.6861488
vn 0.3084062 0.06144707 -0.949268
vn 0.2620893 0.5297375 -0.806652
vn 1.368557E-05 0.06144563 -0.9981104
vn -1.124624E-05 0.5297276 -0.8481678
vn -0.3085473 0.06144499 -0.9492224
vn -0.2620709 0.529734 -0.8066602
vn -0.5866001 0.06144919 -0.8075421
vn -0.4985496 0.5297328 -0.6861717
vn -0.8075702 0.06144655 -0.5865618
vn -0.6862206 0.5297306 -0.4984844
vn -0.9492205 0.06144606 -0.3085527
vn -0.8066443 0.5297258 -0.2621365
vn -0.9981104 0.06144707 9.305012E-05
vn -0.8481607 0.529739 1.613113E-05
vn -0.9492679 0.06144588 0.3084068
vn -0.8066537 0.5297247 0.2621101
vn -0.8074722 0.06144629 0.5866966
vn -0.6862117 0.5297338 0.4984933
vn -0.5868098 0.06144946 0.8073897
vn -0.498549 0.5297323 0.6861724
vn -0.3083734 0.06144572 0.9492788
vn -0.2620715 0.5297335 0.8066604
vn -4.17633E-05 0.0614456 0.9981104
vn -1.444809E-05 0.5297281 0.8481675
vn 0.3084407 0.06144717 0.9492568
vn 0.2620969 0.5297366 0.80665
vn 0.5866379 0.06144666 0.807515
vn 0.4985768 0.5297314 0.6861529
vn 0.80753 0.06144295 0.5866175
vn 0.6861749 0.5297303 0.4985479
vn 0.9493037 0.06144456 0.3082969
vn 0.8066473 0.5297335 0.2621119
vn 0.9981102 0.06144857 0.0001659667
vn 0.8481659 0.5297306 1.528067E-06
vn 0.9441258 0.1226405 0.3059179
vn 0 1 0
vn 0.9924515 0.1226377 0.0003315194
vn 0.802972 0.1226524 0.5832601
vn 0.9440723 0.1226616 -0.3060745
vn 0.5830706 0.1226477 0.8031103
vn 0.8027498 0.1226505 -0.5835662
vn 0.3066728 0.1226531 0.9438792
vn 0.5832599 0.1226397 -0.8029741
vn -5.937647E-05 0.122645 0.9924507
vn 0.3066038 0.1226519 -0.9439018
vn -0.3068298 0.1226613 0.9438272
vn 5.13972E-05 0.1226453 -0.9924505
vn -0.5836825 0.1226447 0.8026663
vn -0.3071776 0.1226508 -0.9437153
vn -0.8027761 0.1226554 0.5835291
vn -0.5832637 0.1226407 -0.8029712
vn -0.9438843 0.1226398 0.3066625
vn -0.8029713 0.1226593 -0.5832596
vn -0.9924488 0.1226596 0.0001859186
vn -0.9437892 0.1226425 -0.3069539
vn 0.02406339 -0.9997104 -2.999771E-07
vn 0 -1 0
vn 0.03051306 -0.9994852 0.009914673
vn 0.03051333 -0.9994852 -0.009914057
vn 0.01946773 -0.9997104 0.0141441
vn 0.01946754 -0.9997104 -0.01414415
vn 0.01885869 -0.9994853 0.02595513
vn 0.01885857 -0.9994853 -0.02595524
vn 0.007435506 -0.9997105 0.02288512
vn 0.007435486 -0.9997105 -0.02288524
vn -4.538349E-07 -0.9994852 0.03208334
vn 3.738068E-08 -0.9997104 -0.0240631
vn -0.00743551 -0.9997105 0.02288506
vn -0.009913889 -0.9994853 -0.0305123
vn -0.01414406 -0.9997105 0.01946663
vn -0.01414414 -0.9997105 -0.01946655
vn -0.02595537 -0.9994853 0.01885792
vn -0.01946726 -0.9997105 -0.01414377
vn -0.02288498 -0.9997105 0.007435543
vn -0.03051256 -0.9994853 -0.009914048
vn -0.02406321 -0.9997104 -3.575038E-08
vn 0.303403 -0.1893932 0.9338505
vn 0.5771653 -0.1894007 0.7943598
vn -3.377288E-06 -0.1893659 0.9819066
vn -0.303407 -0.1893831 0.9338512
vn 0.7943946 -0.1893375 0.5771382
vn 0.9338501 -0.1893514 0.3034304
vn 0.9819026 -0.1893866 1.324066E-06
vn 0.9338529 -0.1893343 -0.3034327
vn 0.7943901 -0.1893603 -0.577137
vn 0.5771652 -0.1894175 -0.794356
vn 0.3034035 -0.1893832 -0.9338524
vn -4.064259E-06 -0.189366 -0.9819066
vn -0.3034063 -0.1893736 -0.9338535
vn -0.6861874 0.5297279 -0.4985331
vn -0.5771762 -0.1893306 -0.7943686
vn -0.7943822 -0.1893369 -0.5771555
vn -0.9338575 -0.1893095 -0.3034337
vn -0.9819275 -0.1892574 1.826772E-06
vn -0.9338534 -0.1893349 0.3034306
vn -0.6861807 0.5297275 0.4985426
vn -0.7943837 -0.1893298 0.5771557
vn -0.5771742 -0.1893366 0.7943687
vn 0.2437221 -0.9099913 0.3354331
vn 0.1281111 -0.9099996 0.3943199
vn 0.3354068 -0.91001 0.2436882
vn 0.3943008 -0.9100072 0.1281162
vn 0.4146105 -0.909999 -1.099016E-06
vn 0.3943129 -0.9100012 -0.1281219
vn 0.3354062 -0.910013 -0.2436783
vn 0.2437107 -0.9099958 -0.3354291
vn 0.1281151 -0.9099951 -0.394329
vn 1.01649E-06 -0.909996 -0.414617
vn -0.1281246 -0.909985 -0.3943493
vn -0.2437267 -0.9099852 -0.3354461
vn -0.3354719 -0.9099759 -0.2437262
vn -0.3943262 -0.9099954 -0.1281216
vn -0.4145221 -0.9100392 -8.07119E-06
vn -0.3942833 -0.9100155 0.128111
vn -0.3354587 -0.9099813 0.2437242
vn -0.243728 -0.9099863 0.3354425
vn -0.1281207 -0.9099846 0.3943515
vn -2.483866E-06 -0.9099939 0.4146217
vn 0.7999895 -0.5407901 0.2599287
vn 0.6804911 -0.5408376 0.494395
vn 0.4944086 -0.5408489 0.6804724
vn 0.2599102 -0.5408187 0.7999762
vn -2.448998E-06 -0.5408073 0.8411465
vn -0.2599157 -0.5407891 0.7999944
vn -0.4944492 -0.5407537 0.6805185
vn -0.6805382 -0.5407402 0.494437
vn -0.800006 -0.5407563 0.2599479
vn -0.8411482 -0.5408047 3.830553E-06
vn -0.7999667 -0.5408186 -0.2599396
vn -0.680535 -0.5407448 -0.4944361
vn -0.4944497 -0.5407609 -0.6805124
vn -0.2599112 -0.5407963 -0.7999909
vn -3.872473E-06 -0.5408029 -0.8411493
vn 0.2599066 -0.5408363 -0.7999653
vn 0.4944213 -0.5408253 -0.6804819
vn 0.6805025 -0.5408121 -0.4944074
vn 0.7999719 -0.540817 -0.2599269
vn 0.8411319 -0.5408299 3.344416E-06
vn 0.4123139 -0.7882048 -0.4568702
vn -0.0712659 -0.8515112 -0.5194708
vn -0.05152594 -0.6504313 -0.7578154
vn 0.4290758 -0.6174452 -0.659284
vn -0.0208092 -0.3867691 -0.9219418
vn 0.4551882 -0.3933106 -0.7988182
vn 0.01792716 -0.08581892 -0.9961495
vn 0.4881057 -0.1375971 -0.86187
vn 0.06084587 0.2225885 -0.9730119
vn 0.5245736 0.1245174 -0.8422102
vn 0.1037889 0.5085478 -0.8547555
vn 0.5610517 0.367383 -0.7417889
vn 0.1424896 0.7436385 -0.6532216
vn 0.5939617 0.5673291 -0.5703921
vn 0.1732406 0.9053995 -0.3876074
vn 0.6200784 0.7047091 -0.3448013
vn 0.192954 0.9775463 -0.08468807
vn 0.6368335 0.7660458 -0.08727495
vn 0.1997592 0.9532395 0.2267834
vn 0.6426244 0.7453901 0.1772779
vn 0.1929606 0.8348554 0.5155411
vn 0.6368335 0.6447659 0.422753
vn 0.1732265 0.633862 0.7537981
vn 0.6200802 0.4740417 0.6251279
vn 0.1425192 0.3702146 0.9179485
vn 0.5939614 0.2498275 0.7647196
vn 0.1037652 0.06914592 0.9921954
vn 0.5610513 -0.005870985 0.8277602
vn 0.06085346 -0.2391992 0.9690617
vn 0.5245745 -0.2679396 0.8081027
vn 0.01792251 -0.5250894 0.8508583
vn 0.4881042 -0.5108538 0.7076601
vn -0.02079558 -0.7603115 0.6492257
vn 0.4551872 -0.7108004 0.5362532
vn -0.05154172 -0.9220133 0.383712
vn 0.4290777 -0.8481281 0.3107591
vn -0.07127094 -0.9942062 0.08046426
vn 0.412314 -0.9094909 0.05313575
vn -0.07805949 -0.9699389 -0.2304891
vn 0.4065332 -0.8888489 -0.2113729
vn -0.009950537 -0.9969538 0.07735652
vn -0.01667834 -0.9728087 -0.231009
vn 0.009706056 -0.9251347 0.3795149
vn -0.009921986 -0.8553213 -0.518003
vn 0.04030701 -0.7641379 0.6437923
vn 0.009735798 -0.6549653 -0.7555962
vn 0.07877922 -0.5304267 0.8440623
vn 0.04027229 -0.3927419 -0.9187666
vn 0.1214601 -0.246156 0.9615896
vn 0.07878682 -0.09361345 -0.9924864
vn 0.1641694 0.06062845 0.9845672
vn 0.1214453 0.2129596 -0.969484
vn 0.202682 0.3599973 0.9106711
vn 0.1642096 0.4976745 -0.8516779
vn 0.2331868 0.621785 0.747668
vn 0.20262 0.7310756 -0.6515163
vn 0.2528104 0.8217937 0.510629
vn 0.2332175 0.8919146 -0.3874249
vn 0.2595881 0.9394774 0.2235982
vn 0.2527989 0.963658 -0.08634834
vn -0.9933303 0.1121754 0.02667637
vn -0.9902681 0.1353973 0.0321988
vn -0.9940048 0.1036374 0.03483782
vn -0.9940048 0.1082253 0.01554548
vn -0.9926907 0.1133303 0.04148973
vn -0.9926907 0.1198753 0.0139686
vn -0.9923829 0.1111541 0.05311265
vn -0.9923829 0.1231638 0.002610471
vn -0.9910161 0.1229 0.0527504
vn -0.9910161 0.1334897 0.008221447
vn -0.9897581 0.1279055 0.06339519
vn -0.9899813 0.1409254 0.008779405
vn -0.9889467 0.1372258 0.05615708
vn -0.9883786 0.1519375 0.004769123
vn -0.9880129 0.1444809 0.05436784
vn -0.988013 0.1534876 0.01649153
vn -0.9861461 0.1559696 0.05647513
vn -0.987272 0.1573853 0.02288998
vn -0.9867964 0.1556849 0.04466635
vn -0.9855118 0.1670171 0.02952676
vn -0.9866323 0.1585407 0.0377025
vn -0.2297755 -0.4827087 0.8451009
vn -0.2678841 -0.7141783 0.6466742
vn -0.1875222 -0.2015291 0.9613644
vn -0.1453145 0.1018911 0.984125
vn -0.2980537 -0.8732099 0.3855755
vn -0.3174761 -0.9442351 0.08734453
vn -0.3241974 -0.9203238 -0.2188608
vn -0.3174605 -0.8038374 -0.5030549
vn -0.2980734 -0.6061524 -0.7373815
vn -0.2679004 -0.3466145 -0.898937
vn -0.2297656 -0.05060353 -0.9719296
vn -0.1875208 0.2528151 -0.9491683
vn -0.1453021 0.5339965 -0.8329076
vn -0.107159 0.7654698 -0.6344864
vn -0.07693376 0.9244738 -0.3734025
vn -0.05749564 0.995513 -0.07515377
vn -0.05075629 0.9716144 0.2310611
vn -0.05752019 0.8551099 0.5152461
vn -0.07692746 0.6574156 0.7495911
vn -0.1071685 0.3979028 0.9111466
vn -0.9350567 -0.189193 0.2997916
vn -0.9189754 -0.09143674 0.3835669
vn -0.9478351 -0.2562928 0.1895328
vn -0.9560274 -0.286297 0.06360447
vn -0.9588469 -0.2762205 -0.06568819
vn -0.9560229 -0.227027 -0.1856851
vn -0.9478372 -0.1435387 -0.2846072
vn -0.9350588 -0.03397505 -0.3528608
vn -0.91897 0.09101592 -0.3836797
vn -0.901142 0.2191331 -0.3740638
vn -0.8832976 0.3378806 -0.3249955
vn -0.8672087 0.4356245 -0.2412062
vn -0.8544323 0.5027888 -0.1309533
vn -0.8462632 0.5327416 -0.005002042
vn -0.8434954 0.5225651 0.1242628
vn -0.8462892 0.4734227 0.2442655
vn -0.8544421 0.3899989 0.3432631
vn -0.867212 0.280409 0.411478
vn -0.8833007 0.1554046 0.4423001
vn -0.9011394 0.02728791 0.4326697
vn -0.646866 -0.757624 0.08700737
vn -0.630282 -0.6967387 0.3424904
vn -0.6043973 -0.5605146 0.5661514
vn -0.5717325 -0.3622506 0.7361361
vn -0.5355477 -0.1213786 0.8357368
vn -0.4993593 0.1385404 0.8552466
vn -0.4666816 0.3921258 0.7927456
vn -0.4407675 0.6144531 0.654348
vn -0.4241575 0.7838016 0.4535919
vn -0.4184804 0.8835837 0.2101283
vn -0.4242259 0.9040509 -0.05219577
vn -0.4407725 0.8432339 -0.307695
vn -0.4666836 0.7070124 -0.5313566
vn -0.4993566 0.5087059 -0.7013283
vn -0.5355409 0.267833 -0.8009129
vn -0.5717467 0.007911795 -0.8203921
vn -0.6043729 -0.2456647 -0.7578802
vn -0.6302578 -0.4679866 -0.6194866
vn -0.6468886 -0.6373323 -0.4187394
vn -0.6526312 -0.7371198 -0.1752911
vn 0.157814 -0.8655956 -0.4752253
vn -0.3281415 -0.7973788 -0.5064682
vn -0.2707158 -0.6067541 -0.7473704
vn 0.2065804 -0.703694 -0.6798083
vn -0.1813287 -0.359273 -0.9154468
vn 0.2825299 -0.493424 -0.8226236
vn -0.06868735 -0.07897262 -0.9945076
vn 0.3782777 -0.2551688 -0.8898285
vn 0.05617091 0.2066883 -0.9767931
vn 0.4843787 -0.01239889 -0.8747705
vn 0.1810776 0.4698411 -0.8639793
vn 0.5904789 0.2111062 -0.7789537
vn 0.2936948 0.6845004 -0.667235
vn 0.6862204 0.3936189 -0.6116908
vn 0.3831385 0.8299155 -0.4055184
vn 0.7621928 0.5171314 -0.3894063
vn 0.4404567 0.8915796 -0.1052798
vn 0.8109422 0.5695822 -0.1339733
vn 0.4602663 0.8636394 0.2056258
vn 0.8277592 0.5458564 0.129829
vn 0.4405026 0.7489241 0.4950455
vn 0.8109406 0.4482996 0.3760355
vn 0.3831034 0.5584153 0.7358016
vn 0.7622038 0.2864886 0.5804909
vn 0.2937267 0.3109426 0.9039023
vn 0.6862143 0.07610296 0.7234074
vn 0.1810288 0.03049693 0.9830048
vn 0.5904801 -0.1621356 0.790598
vn 0.05618225 -0.2551274 0.9652739
vn 0.484388 -0.404847 0.7755432
vn -0.06864516 -0.518123 0.852547
vn 0.3782711 -0.6284289 0.6796971
vn -0.1813424 -0.7329366 0.6556821
vn 0.28252 -0.8109273 0.5124249
vn -0.2707829 -0.8783292 0.3939728
vn 0.2065934 -0.9343738 0.2902839
vn -0.3281109 -0.9399954 0.09355168
vn 0.1578115 -0.9868591 0.03470562
vn -0.3478965 -0.9120905 -0.2169306
vn 0.1409905 -0.9631464 -0.2290647
vn -0.2700479 -0.9589276 0.08678643
vn -0.2896421 -0.9311669 -0.2214401
vn -0.2131051 -0.8977891 0.3854361
vn -0.2700833 -0.8174254 -0.5087934
vn -0.1239073 -0.7528109 0.6464695
vn -0.2129489 -0.6277484 -0.748722
vn -0.01189362 -0.5392638 0.8420529
vn -0.1239139 -0.3811884 -0.9161554
vn 0.1120896 -0.2780344 0.9540088
vn -0.01197758 -0.1026602 -0.9946443
vn 0.236288 0.006076353 0.9716641
vn 0.112069 0.1811299 -0.977053
vn 0.3483968 0.2850842 0.8929427
vn 0.2363982 0.4430586 -0.864763
vn 0.437279 0.5311643 0.7257077
vn 0.3483343 0.6564321 -0.6691489
vn 0.4942677 0.7204377 0.4864863
vn 0.437344 0.8010976 -0.4086232
vn 0.5139579 0.8344321 0.1989233
vn 0.4941748 0.8622626 -0.1108805
vn -0.9238615 0.372344 0.0885435
vn -0.9143853 0.3938611 0.09366421
vn -0.9262646 0.3642279 0.09680861
vn -0.926266 0.3688118 0.07751904
vn -0.9220034 0.3731538 0.1032754
vn -0.9220034 0.3796976 0.07575847
vn -0.921555 0.370869 0.1148595
vn -0.9215551 0.3828718 0.06438437
vn -0.9171224 0.3818564 0.1143341
vn -0.9171251 0.3924395 0.06980517
vn -0.9139071 0.3862517 0.1248342
vn -0.9141102 0.3993367 0.07023389
vn -0.9111176 0.3950499 0.1174753
vn -0.9099041 0.4095312 0.0660206
vn -0.9084002 0.4018111 0.1155716
vn -0.9084027 0.410818 0.077672
vn -0.9034052 0.4123899 0.117446
vn -0.9062384 0.4143361 0.08400883
vn -0.904852 0.4123972 0.1056949
vn -0.9015592 0.4230975 0.09044077
vn -0.9043786 0.4151523 0.09873139
vn -0.2960213 -0.4113481 0.8620697
vn -0.406827 -0.622628 0.6684505
vn -0.1731626 -0.1525796 0.9730027
vn -0.05035824 0.1284452 0.9904372
vn -0.4947224 -0.7656369 0.4111568
vn -0.5511463 -0.8263933 0.1153769
vn 0.1410563 -0.963146 -0.2290257
vn -0.5706456 -0.7989187 -0.1899802
vn -0.5511366 -0.6859874 -0.4750471
vn -0.4947491 -0.4985715 -0.7117934
vn -0.4068498 -0.255051 -0.8771672
vn -0.2960177 0.02075459 -0.9549569
vn -0.1731517 0.30176 -0.9375284
vn -0.05034227 0.5605447 -0.8265926
vn 0.06053706 0.7717962 -0.6329817
vn 0.1484461 0.9147726 -0.3757058
vn 0.2050266 0.975489 -0.07990801
vn 0.8109646 0.4482908 0.3759944
vn 0.224565 0.9480205 0.2254502
vn 0.2049593 0.8351054 0.5104808
vn 0.7621831 0.2864285 0.5805476
vn 0.1484445 0.6477187 0.7472782
vn 0.0605378 0.4042276 0.9126528
vn -0.9307557 0.06400937 0.3599955
vn -0.8839473 0.1532116 0.4417732
vn -0.9678905 0.003696854 0.2513449
vn -0.991728 -0.02194919 0.1264661
vn -0.9999432 -0.01036868 -0.002469528
vn -0.9917279 0.03732089 -0.1228128
vn -0.9678922 0.1164455 -0.2227667
vn -0.9307567 0.2192237 -0.2926312
vn -0.8839462 0.3356741 -0.325518
vn -0.8320793 0.4543442 -0.3181437
vn -0.7801934 0.5636317 -0.2713255
vn -0.7334521 0.6527835 -0.1895303
vn -0.6962159 0.7132574 -0.08091538
vn -0.6724875 0.738799 0.04400821
vn -0.6643605 0.7271339 0.1729207
vn -0.6725494 0.6794817 0.2932267
vn -0.6962379 0.6004434 0.3933453
vn -0.7334301 0.4976141 0.4630987
vn -0.780216 0.3811396 0.4959794
vn -0.832081 0.26249 0.4886104
vn -0.8183386 -0.5588273 0.1342907
vn -0.7700323 -0.5067092 0.3876803
vn -0.6947029 -0.3842247 0.6080782
vn -0.5997392 -0.2032766 0.7739454
vn -0.494495 0.01839105 0.8689859
vn -0.3892646 0.2591168 0.8839296
vn -0.294364 0.4954012 0.8172683
vn -0.2189233 0.7039776 0.675639
vn -0.1706097 0.8645039 0.4727848
vn -0.153968 0.9612666 0.2286054
vn -0.1707479 0.9847623 -0.03299168
vn -0.2189451 0.9327565 -0.2864061
vn -0.2943463 0.8102734 -0.5067714
vn -0.3893089 0.6292892 -0.6726319
vn -0.494507 0.4076126 -0.7676684
vn -0.5997485 0.1668842 -0.7825927
vn -0.6946753 -0.06938123 -0.7159696
vn -0.7700117 -0.2779707 -0.5742946
vn -0.8183628 -0.4385092 -0.3714727
vn -0.8350802 -0.5352049 -0.1272663
vn 0.8369704 0.4713238 -0.2780904
vn 0.945899 -0.005925912 -0.3244072
vn 0.7997416 0.002859806 -0.6003376
vn 0.7128256 0.478778 -0.5124952
vn 0.5759134 0.01736026 -0.8173263
vn 0.5225567 0.4911089 -0.6969552
vn 0.2958805 0.03617407 -0.9545398
vn 0.2846221 0.5070979 -0.8135367
vn -0.01252078 0.05743299 -0.9982709
vn 0.02249263 0.5251583 -0.8507072
vn -0.3195082 0.07908627 -0.9442774
vn -0.238151 0.5435551 -0.8048801
vn -0.594411 0.09897716 -0.7980471
vn -0.4720204 0.5604716 -0.6804912
vn -0.8111404 0.1152015 -0.5733933
vn -0.6560646 0.5742447 -0.4897165
vn -0.9477398 0.1261304 -0.2930533
vn -0.7721971 0.583531 -0.2514028
vn -0.9912848 0.130725 0.01629219
vn -0.8091824 0.5874475 0.01137087
vn -0.9374073 0.1285222 0.3236505
vn -0.7633616 0.5855575 0.2727663
vn -0.7912273 0.1197304 0.5996865
vn -0.6392512 0.5781074 0.5070994
vn -0.5674222 0.1052394 0.8166742
vn -0.4488899 0.5657756 0.6916617
vn -0.2873782 0.08642326 0.9539103
vn -0.2110064 0.5497971 0.8082075
vn 0.02112004 0.06515457 0.9976516
vn 0.05108301 0.5317262 0.8453743
vn 0.3279031 0.04351638 0.9437086
vn 0.3118472 0.5133398 0.7995209
vn 0.6030159 0.02361589 0.7973796
vn 0.545685 0.4964184 0.6751271
vn 0.819635 0.007391402 0.5728384
vn 0.7296098 0.4826491 0.4844784
vn 0.9563127 -0.003540188 0.2923243
vn 0.845802 0.4733575 0.2460726
vn 0.9998279 -0.008126994 -0.01667336
vn 0.8828013 0.4694509 -0.0166644
vn 0.9553223 0.05785812 0.289848
vn 0.9984403 0.05331427 -0.01656967
vn 0.8193678 0.06874883 0.569131
vn 0.9449502 0.05551388 -0.3224705
vn 0.6036488 0.08489893 0.792717
vn 0.7993112 0.06425609 -0.597472
vn 0.3304057 0.1046628 0.938018
vn 0.576745 0.0786662 -0.8131278
vn 0.02532556 0.1261836 0.9916836
vn 0.2984127 0.0973774 -0.9494564
vn -0.2817829 0.1473671 0.9480935
vn -0.008032032 0.1184961 -0.9929221
vn -0.560046 0.1660408 0.8116519
vn -0.3138416 0.1400755 -0.9390858
vn -0.7824194 0.1804648 0.5960305
vn -0.5866982 0.1597991 -0.7938825
vn -0.9279263 0.1891927 0.3211836
vn -0.8022678 0.1759636 -0.5704411
vn -0.9813818 0.191392 0.01608806
vn -0.9381037 0.1868093 -0.2916568
vn -0.04545783 -0.9989555 0.004631565
vn -0.06948605 -0.9975702 0.005029815
vn -0.03884656 -0.999141 0.0144329
vn -0.0391741 -0.9992179 -0.005375105
vn -0.04979951 -0.9985815 0.01884001
vn -0.0502841 -0.9986905 -0.009419828
vn -0.05017905 -0.99827 0.03064363
vn -0.0510658 -0.9984698 -0.02122271
vn -0.06167932 -0.997709 0.0277923
vn -0.06243863 -0.997887 -0.01796949
vn -0.06889496 -0.9969335 0.03710876
vn -0.06987557 -0.9973741 -0.01903453
vn -0.07650837 -0.996675 0.02802397
vn -0.07984724 -0.9964858 -0.02530801
vn -0.08325452 -0.9962217 0.02471892
vn -0.08391774 -0.9963716 -0.01419156
vn -0.09500363 -0.99518 0.02431579
vn -0.08910833 -0.9959831 -0.008799665
vn -0.09215643 -0.9956617 0.01284665
vn -0.1000486 -0.9949729 -0.004382209
vn -0.09345886 -0.9956084 0.005429749
vn 0.305208 -0.206409 0.9296469
vn 0.5759172 -0.2259946 0.78565
vn 0.003382127 -0.185131 0.982708
vn -0.3000567 -0.1642033 0.9396825
vn 0.7889243 -0.2419207 0.5648653
vn 0.9234148 -0.2526823 0.2888891
vn 0.9662131 -0.257291 -0.01528349
vn 0.9131848 -0.2550443 -0.3178774
vn 0.7694679 -0.246402 -0.5892413
vn 0.5491357 -0.2321928 -0.8028303
vn 0.02250967 0.5251479 -0.8507133
vn 0.2737308 -0.2137002 -0.9377653
vn -0.02971454 -0.1926987 -0.980808
vn -0.3315239 -0.1714071 -0.9277454
vn -0.602245 -0.1517157 -0.7837623
vn -0.8152373 -0.1357581 -0.5629901
vn -0.9497429 -0.1249892 -0.2869951
vn -0.9925712 -0.1204444 0.01719298
vn -0.9395096 -0.1227145 0.3197856
vn -0.7957768 -0.1313743 0.5911683
vn -0.5754657 -0.1456636 0.8047493
vn 0.1855199 -0.9234419 0.3359128
vn 0.07117032 -0.9151827 0.3967057
vn 0.2753971 -0.9302009 0.2426576
vn 0.3321747 -0.9347462 0.1261332
vn 0.350322 -0.9366265 -0.002289688
vn 0.3279458 -0.9357038 -0.1300387
vn 0.2672402 -0.9320651 -0.2446168
vn 0.1742431 -0.9260004 -0.3349069
vn 0.05792668 -0.9181936 -0.3918737
vn -0.07020937 -0.9094031 -0.4099472
vn -0.1976805 -0.9003775 -0.3876117
vn -0.3119583 -0.8921421 -0.3267483
vn -0.4018942 -0.885408 -0.2335246
vn -0.4586231 -0.8808971 -0.1169833
vn -0.4766468 -0.8790206 0.01142489
vn -0.4543183 -0.8799005 0.1391765
vn -0.3937399 -0.883481 0.2538313
vn -0.3006992 -0.8894981 0.3440541
vn -0.1843869 -0.8973419 0.4009725
vn -0.05622473 -0.9061724 0.4191544
vn 0.7647318 -0.5941414 0.2493619
vn 0.6494688 -0.5849957 0.4857677
vn 0.467042 -0.5712717 0.6749226
vn 0.2351346 -0.5545186 0.7982612
vn -0.02340429 -0.5362376 0.8437425
vn -0.2833435 -0.5183179 0.8068847
vn -0.5193039 -0.5023803 0.6913303
vn -0.7080628 -0.4901055 0.5083736
vn -0.8311653 -0.4827619 0.2758718
vn -0.8765926 -0.4809453 0.01663978
vn -0.8398793 -0.4848641 -0.2439456
vn -0.7247047 -0.49399 -0.4803925
vn -0.5422114 -0.5077149 -0.6695016
vn -0.3102998 -0.5244823 -0.7928634
vn -0.05175868 -0.5427761 -0.838281
vn 0.2081839 -0.5607313 -0.8013986
vn 0.4441402 -0.5764522 -0.6858881
vn 0.6328588 -0.5887347 -0.5028729
vn 0.7559542 -0.5961745 -0.2703871
vn 0.8013783 -0.5980532 -0.01119279
vn 0.903447 -0.1102343 -0.4142848
vn 0.6968455 -0.5545887 -0.4547941
vn 0.5483587 -0.4459257 -0.707427
vn 0.7773594 -0.01795924 -0.6288003
vn 0.3503573 -0.2892413 -0.8908362
vn 0.6090273 0.115239 -0.7847329
vn 0.1217916 -0.09954516 -0.9875513
vn 0.4148434 0.276412 -0.8668918
vn -0.1146961 0.1043739 -0.9879023
vn 0.2138482 0.4497097 -0.8671967
vn -0.3361835 0.3027601 -0.8918055
vn 0.02581518 0.6181457 -0.7856395
vn -0.5205135 0.4757615 -0.7090251
vn -0.1310211 0.7653311 -0.6301602
vn -0.6502696 0.6070178 -0.4568139
vn -0.2412505 0.8768305 -0.4158924
vn -0.7122984 0.6832377 -0.1606778
vn -0.2939731 0.9416113 -0.1641579
vn -0.7007453 0.6972082 0.1511842
vn -0.2841319 0.9534756 0.1007638
vn -0.6166787 0.6474662 0.4477665
vn -0.2126956 0.9111925 0.3528295
vn -0.4682722 0.5388594 0.7002511
vn -0.08664643 0.8189581 0.5672742
vn -0.2702343 0.3821522 0.8837042
vn 0.08174071 0.6857162 0.7232647
vn -0.04168956 0.1924715 0.9804166
vn 0.275944 0.5245329 0.8054316
vn 0.1947773 -0.01143086 0.9807809
vn 0.4768474 0.351295 0.8057347
vn 0.4161852 -0.2097415 0.8847589
vn 0.6649659 0.1828108 0.7241551
vn 0.6006461 -0.3828567 0.7018868
vn 0.821813 0.03559772 0.5686442
vn 0.730381 -0.5140985 0.4497181
vn 0.93197 -0.07583564 0.354515
vn 0.7924424 -0.590368 0.1532995
vn 0.9847201 -0.1406504 0.102683
vn 0.780885 -0.6043044 -0.1582238
vn 0.9749016 -0.1525119 -0.1621947
vn 0.828122 -0.5405807 0.148279
vn 0.8165727 -0.5543505 -0.1609492
vn 0.7663911 -0.4646597 0.4435494
vn 0.7332371 -0.5050499 -0.4552888
vn 0.6371933 -0.3339843 0.6945783
vn 0.5853884 -0.396858 -0.7069824
vn 0.453962 -0.1620209 0.8761665
vn 0.3884453 -0.2410339 -0.889389
vn 0.2337312 0.03523216 0.9716627
vn 0.1611978 -0.0524135 -0.9855293
vn -0.001534853 0.2381043 0.9712384
vn -0.07395431 0.1503435 -0.9858639
vn -0.2286579 0.426578 0.8750696
vn -0.2945974 0.3479913 -0.8900081
vn -0.4253119 0.5822085 0.6929237
vn -0.4775109 0.5196485 -0.7084835
vn -0.5730666 0.6903369 0.4416216
vn -0.6064374 0.650112 -0.4578079
vn -0.6566716 0.7398105 0.1465018
vn -0.6681136 0.7258577 -0.1635687
vn -0.6339332 -0.7714805 0.05428201
vn -0.651981 -0.7560123 0.05801914
vn -0.6274635 -0.7760913 0.06302191
vn -0.6305265 -0.7749477 0.04350109
vn -0.6351447 -0.7693136 0.06890421
vn -0.6395259 -0.7676722 0.04106236
vn -0.6336363 -0.7694126 0.08068076
vn -0.641697 -0.7663921 0.02946184
vn -0.6427264 -0.761967 0.07943037
vn -0.6498262 -0.7593096 0.03427608
vn -0.646672 -0.7574834 0.08963369
vn -0.6555177 -0.7544019 0.03426986
vn -0.6537606 -0.7522749 0.08172829
vn -0.6637593 -0.7473662 0.02944918
vn -0.6592664 -0.7477057 0.07939722
vn -0.6653283 -0.745424 0.04100399
vn -0.6679947 -0.7397871 0.08061075
vn -0.6684362 -0.7422808 0.04703559
vn -0.6676369 -0.7412936 0.06888171
vn -0.6758382 -0.7351476 0.05292163
vn -0.6696565 -0.7400995 0.06174952
vn 0.2464914 -0.395189 0.8849111
vn 0.4280885 -0.565558 0.7049003
vn 0.02877406 -0.2001359 0.9793456
vn -0.2038707 0.000466584 0.9789978
vn 0.5556366 -0.6945671 0.456995
vn 0.6166635 -0.7696457 0.1654438
vn 0.6052703 -0.7833872 -0.141253
vn 0.5226194 -0.7343999 -0.4330424
vn 0.3766933 -0.6275745 -0.6813607
vn 0.1817234 -0.4733935 -0.8619021
vn -0.04311311 -0.2868493 -0.9570051
vn -0.2757244 -0.08619623 -0.9573643
vn -0.4934376 0.1088538 -0.8629428
vn -0.6749626 0.2793078 -0.6829441
vn -0.8025324 0.4082669 -0.4350399
vn -0.8635902 0.4833539 -0.1434605
vn -0.85215 0.497188 0.1632314
vn -0.7695003 0.4481423 0.4550141
vn -0.6235857 0.341259 0.7033373
vn -0.4286595 0.1870722 0.8838863
vn -0.360438 -0.8663178 0.3458003
vn -0.4370883 -0.7943766 0.4218052
vn -0.3065913 -0.9207963 0.2411137
vn -0.2807691 -0.9524933 0.1180048
vn -0.2855577 -0.9582927 -0.01148778
vn -0.320503 -0.9376239 -0.134682
vn -0.3821449 -0.8925259 -0.239505
vn -0.4644264 -0.8273882 -0.3158116
vn -0.5593444 -0.7485917 -0.3560117
vn -0.6575807 -0.6638869 -0.3561486
vn -0.749539 -0.5815263 -0.3162569
vn -0.826198 -0.5096096 -0.2401977
vn -0.880058 -0.455113 -0.1355363
vn -0.9058308 -0.4234573 -0.0124288
vn -0.9009911 -0.4177434 0.1170709
vn -0.866075 -0.4384004 0.2402483
vn -0.8044883 -0.483388 0.3451589
vn -0.7221904 -0.5485085 0.4214018
vn -0.6272369 -0.6273118 0.4615775
vn -0.5290083 -0.7120196 0.4617124
vn 0.2814452 -0.9455138 0.1636835
vn 0.2291531 -0.8812209 0.4134471
vn 0.1198459 -0.770717 0.6258053
vn -0.03569295 -0.624751 0.7800078
vn -0.222157 -0.4576409 0.8609362
vn -0.4214486 -0.2857865 0.8606434
vn -0.6140367 -0.1259228 0.7791678
vn -0.7810112 0.006167037 0.6244866
vn -0.9060329 0.09767897 0.4117807
vn -0.976896 0.1396203 0.1618031
vn -0.9866538 0.1277706 -0.1009405
vn -0.9343244 0.06355233 -0.3507123
vn -0.8250656 -0.04696288 -0.563082
vn -0.6695357 -0.1929855 -0.7172716
vn -0.4830178 -0.3600436 -0.7981619
vn -0.2837361 -0.5319008 -0.7978567
vn -0.09110807 -0.6916884 -0.7164262
vn 0.07581936 -0.8238537 -0.5617086
vn 0.2008318 -0.9153591 -0.348976
vn 0.2716545 -0.9572863 -0.09902886

usemtl Default-Material
f 44/35/53 42/24/42 44/33/51
f 45/42/60 42/24/42 45/43/61
f 55/37/71 47/24/63 57/35/73
f 60/28/76 47/24/63 58/30/74
f 61/31/77 47/24/63 63/29/79
f 66/25/82 47/24/63 64/23/80
f 192/35/196 188/24/42 192/33/194
f 195/42/203 188/24/42 195/43/204
f 205/37/214 197/24/206 207/35/216
f 210/28/219 197/24/206 208/30/217
f 211/31/220 197/24/206 213/29/222
f 216/25/225 197/24/206 214/23/223
f 344/35/337 338/24/42 344/33/335
f 348/42/344 338/24/42 347/43/345
f 358/37/355 350/24/347 360/35/357
f 363/28/360 350/24/347 361/30/358
f 364/31/361 350/24/347 366/29/363
f 369/25/366 350/24/347 367/23/364
f 496/35/481 491/24/42 494/33/479
f 498/42/488 491/24/42 498/43/489
f 509/37/499 501/24/491 511/35/501
f 514/28/504 501/24/491 512/30/502
f 515/31/505 501/24/491 517/29/507
f 520/25/510 501/24/491 518/23/508
f 648/35/623 642/24/42 645/33/621
f 649/42/630 642/24/42 650/43/631
f 660/37/641 652/24/633 662/35/643
f 665/28/646 652/24/633 663/30/644
f 666/31/647 652/24/633 668/29/649
f 671/25/652 652/24/633 669/23/650
f 3/3/3 2/2/2 1/1/1
f 1/1/1 4/4/4 3/3/3
f 5/5/5 3/3/3 4/4/4
f 4/4/4 6/6/6 5/5/5
f 7/7/7 5/5/5 6/6/6
f 6/6/6 8/8/8 7/7/7
f 9/9/9 7/7/7 8/8/8
f 8/8/8 10/10/10 9/9/9
f 11/11/11 9/9/9 10/10/10
f 10/10/10 12/12/12 11/11/11
f 13/13/13 11/11/11 12/12/12
f 12/12/12 14/14/14 13/13/13
f 15/15/15 13/13/13 14/14/14
f 14/14/14 16/16/16 15/15/15
f 17/17/17 15/15/15 16/16/16
f 16/16/16 18/18/18 17/17/17
f 19/19/19 17/17/17 18/18/18
f 18/18/18 20/20/20 19/19/19
f 21/2/21 19/22/19 20/21/20
f 20/21/20 22/1/22 21/2/21
f 23/3/23 21/2/21 22/1/22
f 22/1/22 24/4/24 23/3/23
f 25/5/25 23/3/23 24/4/24
f 24/4/24 26/6/26 25/5/25
f 27/7/27 25/5/25 26/6/26
f 26/6/26 28/8/28 27/7/27
f 29/9/29 27/7/27 28/8/28
f 28/8/28 30/10/30 29/9/29
f 31/11/31 29/9/29 30/10/30
f 30/10/30 32/12/32 31/11/31
f 33/13/33 31/11/31 32/12/32
f 32/12/32 34/14/34 33/13/33
f 35/15/35 33/13/33 34/14/34
f 34/14/34 36/16/36 35/15/35
f 37/17/37 35/15/35 36/16/36
f 36/16/36 38/18/38 37/17/37
f 39/19/39 37/17/37 38/18/38
f 38/18/38 40/20/40 39/19/39
f 2/2/2 39/22/39 40/21/40
f 40/21/40 1/1/1 2/2/2
f 41/23/41 41/25/43 42/24/42
f 42/24/42 41/26/44 41/23/41
f 41/29/47 42/24/42 41/25/43
f 41/25/43 41/27/45 41/29/47
f 43/28/46 41/26/44 42/24/42
f 42/24/42 43/30/48 43/28/46
f 44/33/51 42/24/42 41/29/47
f 41/29/47 44/31/49 44/33/51
f 43/32/50 43/30/48 42/24/42
f 42/24/42 43/34/52 43/32/50
f 43/36/54 43/34/52 42/24/42
f 42/24/42 45/38/56 43/36/54
f 44/39/57 42/24/42 44/35/53
f 44/35/53 44/37/55 44/39/57
f 45/40/58 45/38/56 42/24/42
f 42/24/42 45/42/60 45/40/58
f 45/43/61 42/24/42 44/39/57
f 44/39/57 45/41/59 45/43/61
f 50/38/66 47/24/63 46/42/62
f 46/42/62 48/40/64 50/38/66
f 49/43/65 46/42/62 47/24/63
f 47/24/63 51/41/67 49/43/65
f 54/34/70 47/24/63 50/38/66
f 50/38/66 52/36/68 54/34/70
f 53/39/69 51/41/67 47/24/63
f 47/24/63 55/37/71 53/39/69
f 58/30/74 47/24/63 54/34/70
f 54/34/70 56/32/72 58/30/74
f 59/33/75 57/35/73 47/24/63
f 47/24/63 61/31/77 59/33/75
f 64/23/80 47/24/63 60/28/76
f 60/28/76 62/26/78 64/23/80
f 65/27/81 63/29/79 47/24/63
f 47/24/63 66/25/82 65/27/81
f 41/46/43 39/45/39 2/44/2
f 2/44/2 41/46/45 41/46/43
f 41/46/41 37/45/37 39/44/39
f 39/44/39 41/46/43 41/46/41
f 43/46/46 33/45/33 35/44/35
f 35/44/35 41/46/44 43/46/46
f 41/46/44 35/45/35 37/44/37
f 37/44/37 41/46/41 41/46/44
f 41/46/47 3/45/3 5/44/5
f 5/44/5 44/46/49 41/46/47
f 41/46/45 2/45/2 3/44/3
f 3/44/3 41/46/47 41/46/45
f 44/46/53 9/45/9 11/44/11
f 11/44/11 44/46/55 44/46/53
f 44/46/49 5/45/5 7/44/7
f 7/44/7 44/46/51 44/46/49
f 44/46/51 7/45/7 9/44/9
f 9/44/9 44/46/53 44/46/51
f 44/46/57 13/45/13 15/44/15
f 15/44/15 45/46/59 44/46/57
f 44/46/55 11/45/11 13/44/13
f 13/44/13 44/46/57 44/46/55
f 45/46/60 19/45/19 21/44/21
f 21/44/21 45/46/58 45/46/60
f 45/46/59 15/45/15 17/44/17
f 17/44/17 45/46/61 45/46/59
f 45/46/61 17/45/17 19/44/19
f 19/44/19 45/46/60 45/46/61
f 45/46/56 23/45/23 25/44/25
f 25/44/25 43/46/54 45/46/56
f 45/46/58 21/45/21 23/44/23
f 23/44/23 45/46/56 45/46/58
f 43/46/52 27/45/27 29/44/29
f 29/44/29 43/46/50 43/46/52
f 43/46/54 25/45/25 27/44/27
f 27/44/27 43/46/52 43/46/54
f 43/46/48 31/45/31 33/44/33
f 33/44/33 43/46/46 43/46/48
f 43/46/50 29/45/29 31/44/31
f 31/44/31 43/46/48 43/46/50
f 70/50/84 68/48/34 67/47/32
f 67/47/32 69/49/83 70/50/84
f 69/50/83 67/48/32 71/47/30
f 71/47/30 72/49/85 69/50/83
f 72/50/85 71/48/30 73/47/28
f 73/47/28 74/49/86 72/50/85
f 78/50/88 76/48/38 75/47/36
f 75/47/36 77/49/87 78/50/88
f 77/50/87 75/48/36 68/47/34
f 68/47/34 70/49/84 77/50/87
f 82/50/90 80/48/1 79/47/40
f 79/47/40 81/49/89 82/50/90
f 81/50/89 79/48/40 76/47/38
f 76/47/38 78/49/88 81/50/89
f 86/50/92 84/48/6 83/47/4
f 83/47/4 85/49/91 86/50/92
f 85/50/91 83/48/4 80/47/1
f 80/47/1 82/49/90 85/50/91
f 90/50/94 88/48/10 87/47/8
f 87/47/8 89/49/93 90/50/94
f 89/50/93 87/48/8 84/47/6
f 84/47/6 86/49/92 89/50/93
f 92/50/95 91/48/12 88/47/10
f 88/47/10 90/49/94 92/50/95
f 96/50/98 94/48/96 93/47/14
f 93/47/14 95/49/97 96/50/98
f 95/50/97 93/48/14 91/47/12
f 91/47/12 92/49/95 95/50/97
f 98/50/99 97/48/18 94/47/96
f 94/47/96 96/49/98 98/50/99
f 102/50/101 100/48/22 99/47/20
f 99/47/20 101/49/100 102/50/101
f 101/50/100 99/48/20 97/47/18
f 97/47/18 98/49/99 101/50/100
f 104/50/103 103/48/102 100/47/22
f 100/47/22 102/49/101 104/50/103
f 74/50/86 73/48/28 105/47/26
f 105/47/26 106/49/104 74/50/86
f 106/50/104 105/48/26 103/47/102
f 103/47/102 104/49/103 106/50/104
f 75/54/36 36/52/36 34/51/34
f 34/51/34 68/53/34 75/54/36
f 108/58/106 54/56/70 52/55/68
f 52/55/68 107/57/105 108/58/106
f 107/62/105 52/60/68 50/59/66
f 50/59/66 109/61/107 107/62/105
f 76/66/38 38/64/38 36/63/36
f 36/63/36 75/65/36 76/66/38
f 109/70/107 50/68/66 48/67/64
f 48/67/64 110/69/108 109/70/107
f 79/74/40 40/72/40 38/71/38
f 38/71/38 76/73/38 79/74/40
f 110/78/108 48/76/64 46/75/62
f 46/75/62 111/77/109 110/78/108
f 80/82/1 1/80/1 40/79/40
f 40/79/40 79/81/40 80/82/1
f 111/86/109 46/84/62 49/83/65
f 49/83/65 112/85/110 111/86/109
f 83/90/4 4/88/4 1/87/1
f 1/87/1 80/89/1 83/90/4
f 112/94/110 49/92/65 51/91/67
f 51/91/67 113/93/111 112/94/110
f 84/98/6 6/96/6 4/95/4
f 4/95/4 83/97/4 84/98/6
f 113/102/111 51/100/67 53/99/69
f 53/99/69 114/101/112 113/102/111
f 87/106/8 8/104/8 6/103/6
f 6/103/6 84/105/6 87/106/8
f 114/110/112 53/108/69 55/107/71
f 55/107/71 115/109/113 114/110/112
f 88/114/10 10/112/10 8/111/8
f 8/111/8 87/113/8 88/114/10
f 115/118/113 55/116/71 57/115/73
f 57/115/73 116/117/114 115/118/113
f 91/121/12 12/107/12 10/119/10
f 10/119/10 88/120/10 91/121/12
f 116/125/114 57/123/73 59/122/75
f 59/122/75 117/124/115 116/125/114
f 93/129/14 14/127/14 12/126/12
f 12/126/12 91/128/12 93/129/14
f 117/132/115 59/111/75 61/130/77
f 61/130/77 118/131/116 117/132/115
f 94/136/96 16/134/16 14/133/14
f 14/133/14 93/135/14 94/136/96
f 118/140/116 61/138/77 63/137/79
f 63/137/79 119/139/117 118/140/116
f 97/144/18 18/142/18 16/141/16
f 16/141/16 94/143/96 97/144/18
f 119/148/117 63/146/79 65/145/81
f 65/145/81 120/147/118 119/148/117
f 99/151/20 20/75/20 18/149/18
f 18/149/18 97/150/18 99/151/20
f 120/154/118 65/152/81 66/72/82
f 66/72/82 121/153/119 120/154/118
f 100/157/22 22/155/22 20/84/20
f 20/84/20 99/156/20 100/157/22
f 121/160/119 66/79/82 64/158/80
f 64/158/80 122/159/120 121/160/119
f 103/164/102 24/162/24 22/161/22
f 22/161/22 100/163/22 103/164/102
f 122/168/120 64/166/80 62/165/78
f 62/165/78 123/167/121 122/168/120
f 105/172/26 26/170/26 24/169/24
f 24/169/24 103/171/102 105/172/26
f 123/176/121 62/174/78 60/173/76
f 60/173/76 124/175/122 123/176/121
f 73/180/28 28/178/28 26/177/26
f 26/177/26 105/179/26 73/180/28
f 124/184/122 60/182/76 58/181/74
f 58/181/74 125/183/123 124/184/122
f 71/187/30 30/185/30 28/56/28
f 28/56/28 73/186/28 71/187/30
f 125/191/123 58/189/74 56/188/72
f 56/188/72 126/190/124 125/191/123
f 67/194/32 32/181/32 30/192/30
f 30/192/30 71/193/30 67/194/32
f 126/198/124 56/196/72 54/195/70
f 54/195/70 108/197/106 126/198/124
f 68/202/34 34/200/34 32/199/32
f 32/199/32 67/201/32 68/202/34
f 110/205/108 127/203/125 128/204/126
f 128/204/126 109/206/107 110/205/108
f 109/209/107 128/207/126 129/208/127
f 129/208/127 107/210/105 109/209/107
f 107/213/105 129/211/127 130/212/128
f 130/212/128 108/214/106 107/213/105
f 108/217/106 130/215/128 131/216/129
f 131/216/129 126/218/124 108/217/106
f 126/217/124 131/215/129 132/216/130
f 132/216/130 125/218/123 126/217/124
f 125/221/123 132/219/130 133/220/131
f 133/220/131 124/222/122 125/221/123
f 124/225/122 133/223/131 134/224/132
f 134/224/132 123/226/121 124/225/122
f 123/229/121 134/227/132 135/228/133
f 135/228/133 122/230/120 123/229/121
f 122/217/120 135/215/133 136/216/134
f 136/216/134 121/218/119 122/217/120
f 121/217/119 136/215/134 137/216/135
f 137/216/135 120/218/118 121/217/119
f 120/233/118 137/231/135 138/232/136
f 138/232/136 119/234/117 120/233/118
f 119/237/117 138/235/136 139/236/137
f 139/236/137 118/238/116 119/237/117
f 118/241/116 139/239/137 140/240/138
f 140/240/138 117/242/115 118/241/116
f 117/217/115 140/215/138 141/216/139
f 141/216/139 116/218/114 117/217/115
f 116/217/114 141/215/139 142/216/140
f 142/216/140 115/218/113 116/217/114
f 115/245/113 142/243/140 143/244/141
f 143/244/141 114/246/112 115/245/113
f 114/249/112 143/247/141 144/248/142
f 144/248/142 113/250/111 114/249/112
f 113/253/111 144/251/142 145/252/143
f 145/252/143 112/254/110 113/253/111
f 112/217/110 145/215/143 146/216/144
f 146/216/144 111/218/109 112/217/110
f 111/217/109 146/215/144 127/216/125
f 127/216/125 110/218/108 111/217/109
f 146/257/144 81/255/89 78/256/88
f 78/256/88 127/258/125 146/257/144
f 127/257/125 78/255/88 77/256/87
f 77/256/87 128/258/126 127/257/125
f 128/257/126 77/255/87 70/256/84
f 70/256/84 129/258/127 128/257/126
f 129/257/127 70/255/84 69/256/83
f 69/256/83 130/258/128 129/257/127
f 130/257/128 69/255/83 72/256/85
f 72/256/85 131/258/129 130/257/128
f 131/257/129 72/255/85 74/256/86
f 74/256/86 132/258/130 131/257/129
f 132/257/130 74/255/86 106/256/104
f 106/256/104 133/258/131 132/257/130
f 133/257/131 106/255/104 104/256/103
f 104/256/103 134/258/132 133/257/131
f 134/257/132 104/255/103 102/256/101
f 102/256/101 135/258/133 134/257/132
f 135/257/133 102/255/101 101/256/100
f 101/256/100 136/258/134 135/257/133
f 136/257/134 101/255/100 98/256/99
f 98/256/99 137/258/135 136/257/134
f 137/257/135 98/255/99 96/256/98
f 96/256/98 138/258/136 137/257/135
f 138/257/136 96/255/98 95/256/97
f 95/256/97 139/258/137 138/257/136
f 139/257/137 95/255/97 92/256/95
f 92/256/95 140/258/138 139/257/137
f 140/257/138 92/255/95 90/256/94
f 90/256/94 141/258/139 140/257/138
f 141/257/139 90/255/94 89/256/93
f 89/256/93 142/258/140 141/257/139
f 142/257/140 89/255/93 86/256/92
f 86/256/92 143/258/141 142/257/140
f 143/257/141 86/255/92 85/256/91
f 85/256/91 144/258/142 143/257/141
f 144/257/142 85/255/91 82/256/90
f 82/256/90 145/258/143 144/257/142
f 145/257/143 82/255/90 81/256/89
f 81/256/89 146/258/144 145/257/143
f 149/3/147 148/2/146 147/1/145
f 147/1/145 150/4/148 149/3/147
f 151/5/149 149/3/147 150/4/148
f 150/4/148 152/6/150 151/5/149
f 153/7/151 151/5/149 152/6/150
f 152/6/150 154/8/152 153/7/151
f 155/9/153 153/7/151 154/8/152
f 154/8/152 156/10/154 155/9/153
f 157/11/155 155/9/153 156/10/154
f 156/10/154 158/12/156 157/11/155
f 159/13/157 157/11/155 158/12/156
f 158/12/156 160/14/158 159/13/157
f 161/15/159 159/13/157 160/14/158
f 160/14/158 162/16/160 161/15/159
f 163/17/161 161/15/159 162/16/160
f 162/16/160 164/18/162 163/17/161
f 165/19/163 163/17/161 164/18/162
f 164/18/162 166/20/164 165/19/163
f 167/2/165 165/22/163 166/21/164
f 166/21/164 168/1/166 167/2/165
f 169/3/167 167/2/165 168/1/166
f 168/1/166 170/4/168 169/3/167
f 171/5/169 169/3/167 170/4/168
f 170/4/168 172/6/170 171/5/169
f 173/7/171 171/5/169 172/6/170
f 172/6/170 174/8/172 173/7/171
f 175/9/173 173/7/171 174/8/172
f 174/8/172 176/10/174 175/9/173
f 177/11/175 175/9/173 176/10/174
f 176/10/174 178/12/176 177/11/175
f 179/13/177 177/11/175 178/12/176
f 178/12/176 180/14/178 179/13/177
f 181/15/179 179/13/177 180/14/178
f 180/14/178 182/16/180 181/15/179
f 183/17/181 181/15/179 182/16/180
f 182/16/180 184/18/182 183/17/181
f 185/19/183 183/17/181 184/18/182
f 184/18/182 186/20/184 185/19/183
f 148/2/146 185/22/183 186/21/184
f 186/21/184 147/1/145 148/2/146
f 187/23/185 187/25/186 188/24/42
f 188/24/42 187/26/187 187/23/185
f 189/29/190 188/24/42 187/25/186
f 187/25/186 189/27/188 189/29/190
f 190/28/189 187/26/187 188/24/42
f 188/24/42 190/30/191 190/28/189
f 192/33/194 188/24/42 189/29/190
f 189/29/190 189/31/192 192/33/194
f 191/32/193 190/30/191 188/24/42
f 188/24/42 191/34/195 191/32/193
f 191/36/197 191/34/195 188/24/42
f 188/24/42 194/38/199 191/36/197
f 193/39/200 188/24/42 192/35/196
f 192/35/196 193/37/198 193/39/200
f 194/40/201 194/38/199 188/24/42
f 188/24/42 195/42/203 194/40/201
f 195/43/204 188/24/42 193/39/200
f 193/39/200 193/41/202 195/43/204
f 200/38/209 197/24/206 196/42/205
f 196/42/205 198/40/207 200/38/209
f 199/43/208 196/42/205 197/24/206
f 197/24/206 201/41/210 199/43/208
f 204/34/213 197/24/206 200/38/209
f 200/38/209 202/36/211 204/34/213
f 203/39/212 201/41/210 197/24/206
f 197/24/206 205/37/214 203/39/212
f 208/30/217 197/24/206 204/34/213
f 204/34/213 206/32/215 208/30/217
f 209/33/218 207/35/216 197/24/206
f 197/24/206 211/31/220 209/33/218
f 214/23/223 197/24/206 210/28/219
f 210/28/219 212/26/221 214/23/223
f 215/27/224 213/29/222 197/24/206
f 197/24/206 216/25/225 215/27/224
f 187/261/186 185/260/183 148/259/146
f 148/259/146 189/46/188 187/261/186
f 187/265/185 183/263/181 185/262/183
f 185/262/183 187/264/186 187/265/185
f 190/265/189 179/267/177 181/266/179
f 181/266/179 187/264/187 190/265/189
f 187/265/187 181/263/179 183/262/181
f 183/262/181 187/264/185 187/265/187
f 189/268/190 149/260/147 151/259/149
f 151/259/149 189/265/192 189/268/190
f 189/268/188 148/260/146 149/259/147
f 149/259/147 189/265/190 189/268/188
f 192/268/196 155/270/153 157/269/155
f 157/269/155 193/265/198 192/268/196
f 189/268/192 151/270/149 153/269/151
f 153/269/151 192/265/194 189/268/192
f 192/268/194 153/270/151 155/269/153
f 155/269/153 192/265/196 192/268/194
f 193/265/200 159/263/157 161/262/159
f 161/262/159 193/264/202 193/265/200
f 193/268/198 157/270/155 159/269/157
f 159/269/157 193/265/200 193/268/198
f 195/268/203 165/260/163 167/259/165
f 167/259/165 194/265/201 195/268/203
f 193/46/202 161/45/159 163/44/161
f 163/44/161 195/46/204 193/46/202
f 195/268/204 163/260/161 165/259/163
f 165/259/163 195/265/203 195/268/204
f 194/265/199 169/267/167 171/266/169
f 171/266/169 191/264/197 194/265/199
f 194/268/201 167/270/165 169/269/167
f 169/269/167 194/265/199 194/268/201
f 191/265/195 173/267/171 175/266/173
f 175/266/173 191/264/193 191/265/195
f 191/265/197 171/267/169 173/266/171
f 173/266/171 191/264/195 191/265/197
f 190/265/191 177/263/175 179/262/177
f 179/262/177 190/264/189 190/265/191
f 191/265/193 175/267/173 177/266/175
f 177/266/175 190/264/191 191/265/193
f 220/50/227 218/48/178 217/47/176
f 217/47/176 219/49/226 220/50/227
f 219/50/226 217/48/176 221/47/174
f 221/47/174 222/49/228 219/50/226
f 222/50/228 221/48/174 223/47/172
f 223/47/172 224/49/229 222/50/228
f 228/50/231 226/48/182 225/47/180
f 225/47/180 227/49/230 228/50/231
f 227/50/230 225/48/180 218/47/178
f 218/47/178 220/49/227 227/50/230
f 232/50/233 230/48/145 229/47/184
f 229/47/184 231/49/232 232/50/233
f 231/50/232 229/48/184 226/47/182
f 226/47/182 228/49/231 231/50/232
f 236/50/235 234/48/150 233/47/148
f 233/47/148 235/49/234 236/50/235
f 235/50/234 233/48/148 230/47/145
f 230/47/145 232/49/233 235/50/234
f 240/50/237 238/48/154 237/47/152
f 237/47/152 239/49/236 240/50/237
f 239/50/236 237/48/152 234/47/150
f 234/47/150 236/49/235 239/50/236
f 242/50/238 241/48/156 238/47/154
f 238/47/154 240/49/237 242/50/238
f 246/50/240 244/48/160 243/47/158
f 243/47/158 245/49/239 246/50/240
f 245/50/239 243/48/158 241/47/156
f 241/47/156 242/49/238 245/50/239
f 248/50/241 247/48/162 244/47/160
f 244/47/160 246/49/240 248/50/241
f 252/50/243 250/48/166 249/47/164
f 249/47/164 251/49/242 252/50/243
f 251/50/242 249/48/164 247/47/162
f 247/47/162 248/49/241 251/50/242
f 254/50/244 253/48/168 250/47/166
f 250/47/166 252/49/243 254/50/244
f 224/50/229 223/48/172 255/47/170
f 255/47/170 256/49/245 224/50/229
f 256/50/245 255/48/170 253/47/168
f 253/47/168 254/49/244 256/50/245
f 225/273/180 182/52/180 180/271/178
f 180/271/178 218/272/178 225/273/180
f 258/58/247 204/56/213 202/55/211
f 202/55/211 257/57/246 258/58/247
f 257/62/246 202/60/211 200/59/209
f 200/59/209 259/61/248 257/62/246
f 226/277/182 184/275/182 182/274/180
f 182/274/180 225/276/180 226/277/182
f 259/70/248 200/68/209 198/67/207
f 198/67/207 260/69/249 259/70/248
f 229/281/184 186/279/184 184/278/182
f 184/278/182 226/280/182 229/281/184
f 260/78/249 198/76/207 196/75/205
f 196/75/205 261/77/250 260/78/249
f 230/285/145 147/283/145 186/282/184
f 186/282/184 229/284/184 230/285/145
f 261/86/250 196/84/205 199/83/208
f 199/83/208 262/85/251 261/86/250
f 233/289/148 150/287/148 147/286/145
f 147/286/145 230/288/145 233/289/148
f 262/94/251 199/92/208 201/91/210
f 201/91/210 263/93/252 262/94/251
f 234/293/150 152/291/150 150/290/148
f 150/290/148 233/292/148 234/293/150
f 263/102/252 201/100/210 203/99/212
f 203/99/212 264/101/253 263/102/252
f 237/297/152 154/295/152 152/294/150
f 152/294/150 234/296/150 237/297/152
f 264/110/253 203/108/212 205/107/214
f 205/107/214 265/109/254 264/110/253
f 238/301/154 156/299/154 154/298/152
f 154/298/152 237/300/152 238/301/154
f 265/118/254 205/116/214 207/115/216
f 207/115/216 266/117/255 265/118/254
f 241/305/156 158/303/156 156/302/154
f 156/302/154 238/304/154 241/305/156
f 266/125/255 207/123/216 209/122/218
f 209/122/218 267/124/256 266/125/255
f 243/309/158 160/307/158 158/306/156
f 158/306/156 241/308/156 243/309/158
f 267/132/256 209/111/218 211/130/220
f 211/130/220 268/131/257 267/132/256
f 244/313/160 162/311/160 160/310/158
f 160/310/158 243/312/158 244/313/160
f 268/140/257 211/138/220 213/137/222
f 213/137/222 269/139/258 268/140/257
f 247/317/162 164/315/162 162/314/160
f 162/314/160 244/316/160 247/317/162
f 269/148/258 213/146/222 215/145/224
f 215/145/224 270/147/259 269/148/258
f 249/321/164 166/319/164 164/318/162
f 164/318/162 247/320/162 249/321/164
f 270/154/259 215/152/224 216/72/225
f 216/72/225 271/153/260 270/154/259
f 250/325/166 168/323/166 166/322/164
f 166/322/164 249/324/164 250/325/166
f 271/160/260 216/79/225 214/158/223
f 214/158/223 272/159/261 271/160/260
f 253/329/168 170/327/168 168/326/166
f 168/326/166 250/328/166 253/329/168
f 272/168/261 214/166/223 212/165/221
f 212/165/221 273/167/262 272/168/261
f 255/332/170 172/330/170 170/68/168
f 170/68/168 253/331/168 255/332/170
f 273/176/262 212/174/221 210/173/219
f 210/173/219 274/175/263 273/176/262
f 223/336/172 174/334/172 172/333/170
f 172/333/170 255/335/170 223/336/172
f 274/184/263 210/182/219 208/181/217
f 208/181/217 275/183/264 274/184/263
f 221/340/174 176/338/174 174/337/172
f 174/337/172 223/339/172 221/340/174
f 275/191/264 208/189/217 206/188/215
f 206/188/215 276/190/265 275/191/264
f 217/194/176 178/342/176 176/341/174
f 176/341/174 221/343/174 217/194/176
f 276/198/265 206/196/215 204/195/213
f 204/195/213 258/197/247 276/198/265
f 218/202/178 180/200/178 178/344/176
f 178/344/176 217/345/176 218/202/178
f 260/205/249 277/203/266 278/204/267
f 278/204/267 259/206/248 260/205/249
f 259/209/248 278/207/267 279/208/268
f 279/208/268 257/210/246 259/209/248
f 257/213/246 279/211/268 280/212/269
f 280/212/269 258/214/247 257/213/246
f 258/217/247 280/215/269 281/216/270
f 281/216/270 276/218/265 258/217/247
f 276/217/265 281/215/270 282/216/271
f 282/216/271 275/218/264 276/217/265
f 275/221/264 282/219/271 283/220/272
f 283/220/272 274/222/263 275/221/264
f 274/225/263 283/223/272 284/224/273
f 284/224/273 273/226/262 274/225/263
f 273/229/262 284/227/273 285/228/274
f 285/228/274 272/230/261 273/229/262
f 272/217/261 285/215/274 286/216/275
f 286/216/275 271/218/260 272/217/261
f 271/217/260 286/215/275 287/216/276
f 287/216/276 270/218/259 271/217/260
f 270/233/259 287/231/276 288/232/277
f 288/232/277 269/234/258 270/233/259
f 269/237/258 288/235/277 289/236/278
f 289/236/278 268/238/257 269/237/258
f 268/241/257 289/239/278 290/240/279
f 290/240/279 267/242/256 268/241/257
f 267/217/256 290/215/279 291/216/280
f 291/216/280 266/218/255 267/217/256
f 266/217/255 291/215/280 292/216/281
f 292/216/281 265/218/254 266/217/255
f 265/245/254 292/243/281 293/244/282
f 293/244/282 264/246/253 265/245/254
f 264/249/253 293/247/282 294/248/283
f 294/248/283 263/250/252 264/249/253
f 263/253/252 294/251/283 295/252/284
f 295/252/284 262/254/251 263/253/252
f 262/217/251 295/215/284 296/216/285
f 296/216/285 261/218/250 262/217/251
f 261/217/250 296/215/285 277/216/266
f 277/216/266 260/218/249 261/217/250
f 296/257/285 231/255/232 228/256/231
f 228/256/231 277/258/266 296/257/285
f 277/257/266 228/255/231 227/256/230
f 227/256/230 278/258/267 277/257/266
f 278/257/267 227/255/230 220/256/227
f 220/256/227 279/258/268 278/257/267
f 279/257/268 220/255/227 219/256/226
f 219/256/226 280/258/269 279/257/268
f 280/257/269 219/255/226 222/256/228
f 222/256/228 281/258/270 280/257/269
f 281/257/270 222/255/228 224/256/229
f 224/256/229 282/258/271 281/257/270
f 282/257/271 224/255/229 256/256/245
f 256/256/245 283/258/272 282/257/271
f 283/257/272 256/255/245 254/256/244
f 254/256/244 284/258/273 283/257/272
f 284/257/273 254/255/244 252/256/243
f 252/256/243 285/258/274 284/257/273
f 285/257/274 252/255/243 251/256/242
f 251/256/242 286/258/275 285/257/274
f 286/257/275 251/255/242 248/256/241
f 248/256/241 287/258/276 286/257/275
f 287/257/276 248/255/241 246/256/240
f 246/256/240 288/258/277 287/257/276
f 288/257/277 246/255/240 245/256/239
f 245/256/239 289/258/278 288/257/277
f 289/257/278 245/255/239 242/256/238
f 242/256/238 290/258/279 289/257/278
f 290/257/279 242/255/238 240/256/237
f 240/256/237 291/258/280 290/257/279
f 291/257/280 240/255/237 239/256/236
f 239/256/236 292/258/281 291/257/280
f 292/257/281 239/255/236 236/256/235
f 236/256/235 293/258/282 292/257/281
f 293/257/282 236/255/235 235/256/234
f 235/256/234 294/258/283 293/257/282
f 294/257/283 235/255/234 232/256/233
f 232/256/233 295/258/284 294/257/283
f 295/257/284 232/255/233 231/256/232
f 231/256/232 296/258/285 295/257/284
f 299/3/288 298/2/287 297/1/286
f 297/1/286 300/4/289 299/3/288
f 301/5/290 299/3/288 300/4/289
f 300/4/289 302/6/291 301/5/290
f 303/7/292 301/5/290 302/6/291
f 302/6/291 304/8/293 303/7/292
f 305/9/294 303/7/292 304/8/293
f 304/8/293 306/10/295 305/9/294
f 307/11/296 305/9/294 306/10/295
f 306/10/295 308/12/297 307/11/296
f 309/13/298 307/11/296 308/12/297
f 308/12/297 310/14/299 309/13/298
f 311/15/300 309/13/298 310/14/299
f 310/14/299 312/16/301 311/15/300
f 313/17/302 311/15/300 312/16/301
f 312/16/301 314/18/303 313/17/302
f 315/19/304 313/17/302 314/18/303
f 314/18/303 316/20/305 315/19/304
f 317/2/306 315/22/304 316/21/305
f 316/21/305 318/1/307 317/2/306
f 319/3/308 317/2/306 318/1/307
f 318/1/307 320/4/309 319/3/308
f 321/5/310 319/3/308 320/4/309
f 320/4/309 322/6/311 321/5/310
f 323/7/312 321/5/310 322/6/311
f 322/6/311 324/8/313 323/7/312
f 325/9/314 323/7/312 324/8/313
f 324/8/313 326/10/315 325/9/314
f 327/11/316 325/9/314 326/10/315
f 326/10/315 328/12/317 327/11/316
f 329/13/318 327/11/316 328/12/317
f 328/12/317 330/14/319 329/13/318
f 331/15/320 329/13/318 330/14/319
f 330/14/319 332/16/321 331/15/320
f 333/17/322 331/15/320 332/16/321
f 332/16/321 334/18/323 333/17/322
f 335/19/324 333/17/322 334/18/323
f 334/18/323 336/20/325 335/19/324
f 298/2/287 335/22/324 336/21/325
f 336/21/325 297/1/286 298/2/287
f 337/23/326 339/25/327 338/24/42
f 338/24/42 340/26/328 337/23/326
f 341/29/331 338/24/42 339/25/327
f 339/25/327 341/27/329 341/29/331
f 340/28/330 340/26/328 338/24/42
f 338/24/42 342/30/332 340/28/330
f 344/33/335 338/24/42 341/29/331
f 341/29/331 343/31/333 344/33/335
f 342/32/334 342/30/332 338/24/42
f 338/24/42 345/34/336 342/32/334
f 345/36/338 345/34/336 338/24/42
f 338/24/42 345/38/340 345/36/338
f 347/39/341 338/24/42 344/35/337
f 344/35/337 346/37/339 347/39/341
f 348/40/342 345/38/340 338/24/42
f 338/24/42 348/42/344 348/40/342
f 347/43/345 338/24/42 347/39/341
f 347/39/341 347/41/343 347/43/345
f 353/38/350 350/24/347 349/42/346
f 349/42/346 351/40/348 353/38/350
f 352/43/349 349/42/346 350/24/347
f 350/24/347 354/41/351 352/43/349
f 357/34/354 350/24/347 353/38/350
f 353/38/350 355/36/352 357/34/354
f 356/39/353 354/41/351 350/24/347
f 350/24/347 358/37/355 356/39/353
f 361/30/358 350/24/347 357/34/354
f 357/34/354 359/32/356 361/30/358
f 362/33/359 360/35/357 350/24/347
f 350/24/347 364/31/361 362/33/359
f 367/23/364 350/24/347 363/28/360
f 363/28/360 365/26/362 367/23/364
f 368/27/365 366/29/363 350/24/347
f 350/24/347 369/25/366 368/27/365
f 339/265/327 335/263/324 298/262/287
f 298/262/287 341/264/329 339/265/327
f 337/265/326 333/263/322 335/262/324
f 335/262/324 339/264/327 337/265/326
f 340/265/330 329/267/318 331/266/320
f 331/266/320 340/264/328 340/265/330
f 340/265/328 331/267/320 333/266/322
f 333/266/322 337/264/326 340/265/328
f 341/265/331 299/270/288 301/269/290
f 301/269/290 343/265/333 341/265/331
f 341/265/329 298/263/287 299/262/288
f 299/262/288 341/264/331 341/265/329
f 344/265/337 305/346/294 307/269/296
f 307/269/296 346/265/339 344/265/337
f 343/265/333 301/270/290 303/269/292
f 303/269/292 344/265/335 343/265/333
f 344/265/335 303/270/292 305/269/294
f 305/269/294 344/265/337 344/265/335
f 347/268/341 309/260/298 311/259/300
f 311/259/300 347/265/343 347/268/341
f 346/265/339 307/346/296 309/269/298
f 309/269/298 347/265/341 346/265/339
f 348/268/344 315/270/304 317/269/306
f 317/269/306 348/265/342 348/268/344
f 347/268/343 311/260/300 313/259/302
f 313/259/302 347/265/345 347/268/343
f 347/268/345 313/270/302 315/269/304
f 315/269/304 348/265/344 347/268/345
f 345/265/340 319/267/308 321/347/310
f 321/347/310 345/265/338 345/265/340
f 348/268/342 317/270/306 319/269/308
f 319/269/308 345/265/340 348/268/342
f 345/265/336 323/267/312 325/266/314
f 325/266/314 342/265/334 345/265/336
f 345/265/338 321/267/310 323/266/312
f 323/266/312 345/265/336 345/265/338
f 342/265/332 327/267/316 329/266/318
f 329/266/318 340/265/330 342/265/332
f 342/265/334 325/267/314 327/266/316
f 327/266/316 342/265/332 342/265/334
f 373/50/368 371/48/319 370/47/317
f 370/47/317 372/49/367 373/50/368
f 372/50/367 370/48/317 374/47/315
f 374/47/315 375/49/369 372/50/367
f 375/50/369 374/48/315 376/47/313
f 376/47/313 377/49/370 375/50/369
f 381/50/372 379/48/323 378/47/321
f 378/47/321 380/49/371 381/50/372
f 380/50/371 378/48/321 371/47/319
f 371/47/319 373/49/368 380/50/371
f 385/50/375 383/48/286 382/47/373
f 382/47/373 384/49/374 385/50/375
f 384/50/374 382/48/373 379/47/323
f 379/47/323 381/49/372 384/50/374
f 389/50/377 387/48/291 386/47/289
f 386/47/289 388/49/376 389/50/377
f 388/50/376 386/48/289 383/47/286
f 383/47/286 385/49/375 388/50/376
f 393/50/379 391/48/295 390/47/293
f 390/47/293 392/49/378 393/50/379
f 392/50/378 390/48/293 387/47/291
f 387/47/291 389/49/377 392/50/378
f 395/50/380 394/48/297 391/47/295
f 391/47/295 393/49/379 395/50/380
f 399/50/382 397/48/301 396/47/299
f 396/47/299 398/49/381 399/50/382
f 398/50/381 396/48/299 394/47/297
f 394/47/297 395/49/380 398/50/381
f 401/50/383 400/48/303 397/47/301
f 397/47/301 399/49/382 401/50/383
f 405/50/386 403/48/384 402/47/305
f 402/47/305 404/49/385 405/50/386
f 404/50/385 402/48/305 400/47/303
f 400/47/303 401/49/383 404/50/385
f 407/50/388 406/48/387 403/47/384
f 403/47/384 405/49/386 407/50/388
f 377/50/370 376/48/313 408/47/311
f 408/47/311 409/49/389 377/50/370
f 409/50/389 408/48/311 406/47/387
f 406/47/387 407/49/388 409/50/389
f 378/351/321 332/349/321 330/348/319
f 330/348/319 371/350/319 378/351/321
f 411/58/391 357/56/354 355/55/352
f 355/55/352 410/57/390 411/58/391
f 410/62/390 355/60/352 353/59/350
f 353/59/350 412/61/392 410/62/390
f 379/277/323 334/275/323 332/274/321
f 332/274/321 378/276/321 379/277/323
f 412/70/392 353/68/350 351/67/348
f 351/67/348 413/69/393 412/70/392
f 382/355/373 336/353/325 334/352/323
f 334/352/323 379/354/323 382/355/373
f 413/78/393 351/76/348 349/75/346
f 349/75/346 414/77/394 413/78/393
f 383/359/286 297/357/286 336/356/325
f 336/356/325 382/358/373 383/359/286
f 414/86/394 349/84/346 352/83/349
f 352/83/349 415/85/395 414/86/394
f 386/363/289 300/361/289 297/360/286
f 297/360/286 383/362/286 386/363/289
f 415/94/395 352/92/349 354/91/351
f 354/91/351 416/93/396 415/94/395
f 387/367/291 302/365/291 300/364/289
f 300/364/289 386/366/289 387/367/291
f 416/102/396 354/100/351 356/99/353
f 356/99/353 417/101/397 416/102/396
f 390/371/293 304/369/293 302/368/291
f 302/368/291 387/370/291 390/371/293
f 417/110/397 356/108/353 358/107/355
f 358/107/355 418/109/398 417/110/397
f 391/375/295 306/373/295 304/372/293
f 304/372/293 390/374/293 391/375/295
f 418/118/398 358/116/355 360/115/357
f 360/115/357 419/117/399 418/118/398
f 394/378/297 308/376/297 306/302/295
f 306/302/295 391/377/295 394/378/297
f 419/125/399 360/123/357 362/122/359
f 362/122/359 420/124/400 419/125/399
f 396/309/299 310/307/299 308/379/297
f 308/379/297 394/380/297 396/309/299
f 420/132/400 362/111/359 364/130/361
f 364/130/361 421/131/401 420/132/400
f 397/382/301 312/311/301 310/310/299
f 310/310/299 396/381/299 397/382/301
f 421/140/401 364/138/361 366/137/363
f 366/137/363 422/139/402 421/140/401
f 400/317/303 314/384/303 312/383/301
f 312/383/301 397/316/301 400/317/303
f 422/148/402 366/146/363 368/145/365
f 368/145/365 423/147/403 422/148/402
f 402/321/305 316/319/305 314/318/303
f 314/318/303 400/320/303 402/321/305
f 423/154/403 368/152/365 369/72/366
f 369/72/366 424/153/404 423/154/403
f 403/325/384 318/323/307 316/385/305
f 316/385/305 402/386/305 403/325/384
f 424/160/404 369/79/366 367/158/364
f 367/158/364 425/159/405 424/160/404
f 406/329/387 320/388/309 318/387/307
f 318/387/307 403/328/384 406/329/387
f 425/168/405 367/166/364 365/165/362
f 365/165/362 426/167/406 425/168/405
f 408/392/311 322/390/311 320/389/309
f 320/389/309 406/391/387 408/392/311
f 426/176/406 365/174/362 363/173/360
f 363/173/360 427/175/407 426/176/406
f 376/395/313 324/334/313 322/393/311
f 322/393/311 408/394/311 376/395/313
f 427/184/407 363/182/360 361/181/358
f 361/181/358 428/183/408 427/184/407
f 374/399/315 326/397/315 324/396/313
f 324/396/313 376/398/313 374/399/315
f 428/191/408 361/189/358 359/188/356
f 359/188/356 429/190/409 428/191/408
f 370/194/317 328/181/317 326/192/315
f 326/192/315 374/193/315 370/194/317
f 429/198/409 359/196/356 357/195/354
f 357/195/354 411/197/391 429/198/409
f 371/202/319 330/400/319 328/199/317
f 328/199/317 370/201/317 371/202/319
f 413/205/393 430/203/410 431/204/411
f 431/204/411 412/206/392 413/205/393
f 412/209/392 431/207/411 432/208/412
f 432/208/412 410/210/390 412/209/392
f 410/213/390 432/211/412 433/212/413
f 433/212/413 411/214/391 410/213/390
f 411/217/391 433/215/413 434/216/414
f 434/216/414 429/218/409 411/217/391
f 429/217/409 434/215/414 435/216/415
f 435/216/415 428/218/408 429/217/409
f 428/221/408 435/219/415 436/220/416
f 436/220/416 427/222/407 428/221/408
f 427/225/407 436/223/416 437/224/417
f 437/224/417 426/226/406 427/225/407
f 426/229/406 437/227/417 438/228/418
f 438/228/418 425/230/405 426/229/406
f 425/217/405 438/215/418 439/216/419
f 439/216/419 424/218/404 425/217/405
f 424/217/404 439/215/419 440/216/420
f 440/216/420 423/218/403 424/217/404
f 423/233/403 440/231/420 441/232/421
f 441/232/421 422/234/402 423/233/403
f 422/237/402 441/235/421 442/236/422
f 442/236/422 421/238/401 422/237/402
f 421/241/401 442/239/422 443/240/423
f 443/240/423 420/242/400 421/241/401
f 420/217/400 443/215/423 444/216/424
f 444/216/424 419/218/399 420/217/400
f 419/217/399 444/215/424 445/216/425
f 445/216/425 418/218/398 419/217/399
f 418/245/398 445/243/425 446/244/426
f 446/244/426 417/246/397 418/245/398
f 417/249/397 446/247/426 447/248/427
f 447/248/427 416/250/396 417/249/397
f 416/253/396 447/251/427 448/252/428
f 448/252/428 415/254/395 416/253/396
f 415/217/395 448/215/428 449/216/429
f 449/216/429 414/218/394 415/217/395
f 414/217/394 449/215/429 430/216/410
f 430/216/410 413/218/393 414/217/394
f 449/257/429 384/255/374 381/256/372
f 381/256/372 430/258/410 449/257/429
f 430/257/410 381/255/372 380/256/371
f 380/256/371 431/258/411 430/257/410
f 431/257/411 380/255/371 373/256/368
f 373/256/368 432/258/412 431/257/411
f 432/257/412 373/255/368 372/256/367
f 372/256/367 433/258/413 432/257/412
f 433/257/413 372/255/367 375/256/369
f 375/256/369 434/258/414 433/257/413
f 434/257/414 375/255/369 377/256/370
f 377/256/370 435/258/415 434/257/414
f 435/257/415 377/255/370 409/256/389
f 409/256/389 436/258/416 435/257/415
f 436/257/416 409/255/389 407/256/388
f 407/256/388 437/258/417 436/257/416
f 437/257/417 407/255/388 405/256/386
f 405/256/386 438/258/418 437/257/417
f 438/257/418 405/255/386 404/256/385
f 404/256/385 439/258/419 438/257/418
f 439/257/419 404/255/385 401/256/383
f 401/256/383 440/258/420 439/257/419
f 440/257/420 401/255/383 399/256/382
f 399/256/382 441/258/421 440/257/420
f 441/257/421 399/255/382 398/256/381
f 398/256/381 442/258/422 441/257/421
f 442/257/422 398/255/381 395/256/380
f 395/256/380 443/258/423 442/257/422
f 443/257/423 395/255/380 393/256/379
f 393/256/379 444/258/424 443/257/423
f 444/257/424 393/255/379 392/256/378
f 392/256/378 445/258/425 444/257/424
f 445/257/425 392/255/378 389/256/377
f 389/256/377 446/258/426 445/257/425
f 446/257/426 389/255/377 388/256/376
f 388/256/376 447/258/427 446/257/426
f 447/257/427 388/255/376 385/256/375
f 385/256/375 448/258/428 447/257/427
f 448/257/428 385/255/375 384/256/374
f 384/256/374 449/258/429 448/257/428
f 452/3/432 451/2/431 450/1/430
f 450/1/430 453/4/433 452/3/432
f 454/5/434 452/3/432 453/4/433
f 453/4/433 455/6/435 454/5/434
f 456/7/436 454/5/434 455/6/435
f 455/6/435 457/8/437 456/7/436
f 458/9/438 456/7/436 457/8/437
f 457/8/437 459/10/439 458/9/438
f 460/11/440 458/9/438 459/10/439
f 459/10/439 461/12/441 460/11/440
f 462/13/442 460/11/440 461/12/441
f 461/12/441 463/14/443 462/13/442
f 464/15/444 462/13/442 463/14/443
f 463/14/443 465/16/445 464/15/444
f 466/17/446 464/15/444 465/16/445
f 465/16/445 467/18/447 466/17/446
f 468/19/448 466/17/446 467/18/447
f 467/18/447 469/20/449 468/19/448
f 470/2/450 468/22/448 469/21/449
f 469/21/449 471/1/451 470/2/450
f 472/3/452 470/2/450 471/1/451
f 471/1/451 473/4/453 472/3/452
f 474/5/454 472/3/452 473/4/453
f 473/4/453 475/6/455 474/5/454
f 476/7/456 474/5/454 475/6/455
f 475/6/455 477/8/457 476/7/456
f 478/9/458 476/7/456 477/8/457
f 477/8/457 479/10/459 478/9/458
f 480/11/460 478/9/458 479/10/459
f 479/10/459 481/12/461 480/11/460
f 482/13/462 480/11/460 481/12/461
f 481/12/461 483/14/463 482/13/462
f 484/15/464 482/13/462 483/14/463
f 483/14/463 485/16/465 484/15/464
f 486/17/466 484/15/464 485/16/465
f 485/16/465 487/18/467 486/17/466
f 488/19/468 486/17/466 487/18/467
f 487/18/467 489/20/469 488/19/468
f 451/2/431 488/22/468 489/21/469
f 489/21/469 450/1/430 451/2/431
f 490/23/470 490/25/471 491/24/42
f 491/24/42 492/26/472 490/23/470
f 494/29/475 491/24/42 490/25/471
f 490/25/471 493/27/473 494/29/475
f 492/28/474 492/26/472 491/24/42
f 491/24/42 492/30/476 492/28/474
f 494/33/479 491/24/42 494/29/475
f 494/29/475 494/31/477 494/33/479
f 495/32/478 492/30/476 491/24/42
f 491/24/42 495/34/480 495/32/478
f 495/36/482 495/34/480 491/24/42
f 491/24/42 497/38/484 495/36/482
f 496/39/485 491/24/42 496/35/481
f 496/35/481 496/37/483 496/39/485
f 498/40/486 497/38/484 491/24/42
f 491/24/42 498/42/488 498/40/486
f 498/43/489 491/24/42 496/39/485
f 496/39/485 499/41/487 498/43/489
f 504/38/494 501/24/491 500/42/490
f 500/42/490 502/40/492 504/38/494
f 503/43/493 500/42/490 501/24/491
f 501/24/491 505/41/495 503/43/493
f 508/34/498 501/24/491 504/38/494
f 504/38/494 506/36/496 508/34/498
f 507/39/497 505/41/495 501/24/491
f 501/24/491 509/37/499 507/39/497
f 512/30/502 501/24/491 508/34/498
f 508/34/498 510/32/500 512/30/502
f 513/33/503 511/35/501 501/24/491
f 501/24/491 515/31/505 513/33/503
f 518/23/508 501/24/491 514/28/504
f 514/28/504 516/26/506 518/23/508
f 519/27/509 517/29/507 501/24/491
f 501/24/491 520/25/510 519/27/509
f 490/46/471 488/45/468 451/259/431
f 451/259/431 493/46/473 490/46/471
f 490/46/470 486/263/466 488/262/468
f 488/262/468 490/401/471 490/46/470
f 492/265/474 482/263/462 484/262/464
f 484/262/464 492/264/472 492/265/474
f 492/265/472 484/263/464 486/262/466
f 486/262/466 490/264/470 492/265/472
f 494/268/475 452/260/432 454/259/434
f 454/259/434 494/265/477 494/268/475
f 493/268/473 451/260/431 452/259/432
f 452/259/432 494/265/475 493/268/473
f 496/268/481 458/260/438 460/259/440
f 460/259/440 496/265/483 496/268/481
f 494/268/477 454/260/434 456/259/436
f 456/259/436 494/265/479 494/268/477
f 494/268/479 456/260/436 458/259/438
f 458/259/438 496/265/481 494/268/479
f 496/268/485 462/260/442 464/259/444
f 464/259/444 499/265/487 496/268/485
f 496/268/483 460/260/440 462/259/442
f 462/259/442 496/265/485 496/268/483
f 498/46/488 468/263/448 470/44/450
f 470/44/450 498/46/486 498/46/488
f 499/268/487 464/260/444 466/259/446
f 466/259/446 498/265/489 499/268/487
f 498/261/489 466/260/446 468/259/448
f 468/259/448 498/46/488 498/261/489
f 497/265/484 472/263/452 474/262/454
f 474/262/454 495/264/482 497/265/484
f 498/265/486 470/263/450 472/262/452
f 472/262/452 497/264/484 498/265/486
f 495/265/480 476/263/456 478/262/458
f 478/262/458 495/264/478 495/265/480
f 495/265/482 474/263/454 476/262/456
f 476/262/456 495/264/480 495/265/482
f 492/265/476 480/263/460 482/262/462
f 482/262/462 492/264/474 492/265/476
f 495/265/478 478/263/458 480/262/460
f 480/262/460 492/264/476 495/265/478
f 524/50/512 522/48/463 521/47/461
f 521/47/461 523/49/511 524/50/512
f 523/50/511 521/48/461 525/47/459
f 525/47/459 526/49/513 523/50/511
f 526/50/513 525/48/459 527/47/457
f 527/47/457 528/49/514 526/50/513
f 532/50/516 530/48/467 529/47/465
f 529/47/465 531/49/515 532/50/516
f 531/50/515 529/48/465 522/47/463
f 522/47/463 524/49/512 531/50/515
f 536/50/518 534/48/430 533/47/469
f 533/47/469 535/49/517 536/50/518
f 535/50/517 533/48/469 530/47/467
f 530/47/467 532/49/516 535/50/517
f 540/50/520 538/48/435 537/47/433
f 537/47/433 539/49/519 540/50/520
f 539/50/519 537/48/433 534/47/430
f 534/47/430 536/49/518 539/50/519
f 544/50/523 542/48/521 541/47/437
f 541/47/437 543/49/522 544/50/523
f 543/50/522 541/48/437 538/47/435
f 538/47/435 540/49/520 543/50/522
f 546/50/524 545/48/441 542/47/521
f 542/47/521 544/49/523 546/50/524
f 550/50/526 548/48/445 547/47/443
f 547/47/443 549/49/525 550/50/526
f 549/50/525 547/48/443 545/47/441
f 545/47/441 546/49/524 549/50/525
f 552/50/527 551/48/447 548/47/445
f 548/47/445 550/49/526 552/50/527
f 556/50/529 554/48/451 553/47/449
f 553/47/449 555/49/528 556/50/529
f 555/50/528 553/48/449 551/47/447
f 551/47/447 552/49/527 555/50/528
f 558/50/530 557/48/453 554/47/451
f 554/47/451 556/49/529 558/50/530
f 528/50/514 527/48/457 559/47/455
f 559/47/455 560/49/531 528/50/514
f 560/50/531 559/48/455 557/47/453
f 557/47/453 558/49/530 560/50/531
f 529/273/465 485/52/465 483/271/463
f 483/271/463 522/53/463 529/273/465
f 562/58/533 508/56/498 506/55/496
f 506/55/496 561/57/532 562/58/533
f 561/62/532 506/60/496 504/59/494
f 504/59/494 563/61/534 561/62/532
f 530/66/467 487/64/467 485/63/465
f 485/63/465 529/65/465 530/66/467
f 563/70/534 504/68/494 502/67/492
f 502/67/492 564/69/535 563/70/534
f 533/74/469 489/72/469 487/402/467
f 487/402/467 530/403/467 533/74/469
f 564/78/535 502/76/492 500/75/490
f 500/75/490 565/77/536 564/78/535
f 534/82/430 450/80/430 489/79/469
f 489/79/469 533/81/469 534/82/430
f 565/86/536 500/84/490 503/83/493
f 503/83/493 566/85/537 565/86/536
f 537/404/433 453/88/433 450/87/430
f 450/87/430 534/89/430 537/404/433
f 566/94/537 503/92/493 505/91/495
f 505/91/495 567/93/538 566/94/537
f 538/98/435 455/96/435 453/405/433
f 453/405/433 537/97/433 538/98/435
f 567/102/538 505/100/495 507/99/497
f 507/99/497 568/101/539 567/102/538
f 541/106/437 457/104/437 455/406/435
f 455/406/435 538/105/435 541/106/437
f 568/110/539 507/108/497 509/107/499
f 509/107/499 569/109/540 568/110/539
f 542/114/521 459/112/439 457/111/437
f 457/111/437 541/407/437 542/114/521
f 569/118/540 509/116/499 511/115/501
f 511/115/501 570/117/541 569/118/540
f 545/121/441 461/107/441 459/119/439
f 459/119/439 542/120/521 545/121/441
f 570/125/541 511/123/501 513/122/503
f 513/122/503 571/124/542 570/125/541
f 547/129/443 463/127/443 461/126/441
f 461/126/441 545/128/441 547/129/443
f 571/132/542 513/111/503 515/130/505
f 515/130/505 572/131/543 571/132/542
f 548/313/445 465/134/445 463/133/443
f 463/133/443 547/135/443 548/313/445
f 572/140/543 515/138/505 517/137/507
f 517/137/507 573/139/544 572/140/543
f 551/144/447 467/142/447 465/141/445
f 465/141/445 548/143/445 551/144/447
f 573/148/544 517/146/507 519/145/509
f 519/145/509 574/147/545 573/148/544
f 553/151/449 469/75/449 467/408/447
f 467/408/447 551/409/447 553/151/449
f 574/154/545 519/152/509 520/72/510
f 520/72/510 575/153/546 574/154/545
f 554/157/451 471/155/451 469/84/449
f 469/84/449 553/156/449 554/157/451
f 575/160/546 520/79/510 518/158/508
f 518/158/508 576/159/547 575/160/546
f 557/410/453 473/162/453 471/161/451
f 471/161/451 554/163/451 557/410/453
f 576/168/547 518/166/508 516/165/506
f 516/165/506 577/167/548 576/168/547
f 559/172/455 475/412/455 473/411/453
f 473/411/453 557/171/453 559/172/455
f 577/176/548 516/174/506 514/173/504
f 514/173/504 578/175/549 577/176/548
f 527/180/457 477/178/457 475/413/455
f 475/413/455 559/179/455 527/180/457
f 578/184/549 514/182/504 512/181/502
f 512/181/502 579/183/550 578/184/549
f 525/187/459 479/185/459 477/56/457
f 477/56/457 527/414/457 525/187/459
f 579/191/550 512/189/502 510/188/500
f 510/188/500 580/190/551 579/191/550
f 521/194/461 481/181/461 479/192/459
f 479/192/459 525/193/459 521/194/461
f 580/198/551 510/196/500 508/195/498
f 508/195/498 562/197/533 580/198/551
f 522/202/463 483/200/463 481/199/461
f 481/199/461 521/201/461 522/202/463
f 564/205/535 581/203/552 582/204/553
f 582/204/553 563/206/534 564/205/535
f 563/209/534 582/207/553 583/208/554
f 583/208/554 561/210/532 563/209/534
f 561/213/532 583/211/554 584/212/555
f 584/212/555 562/214/533 561/213/532
f 562/217/533 584/215/555 585/216/556
f 585/216/556 580/218/551 562/217/533
f 580/217/551 585/215/556 586/216/557
f 586/216/557 579/218/550 580/217/551
f 579/221/550 586/219/557 587/220/558
f 587/220/558 578/222/549 579/221/550
f 578/225/549 587/223/558 588/224/559
f 588/224/559 577/226/548 578/225/549
f 577/229/548 588/227/559 589/228/560
f 589/228/560 576/230/547 577/229/548
f 576/217/547 589/215/560 590/216/561
f 590/216/561 575/218/546 576/217/547
f 575/217/546 590/215/561 591/216/562
f 591/216/562 574/218/545 575/217/546
f 574/233/545 591/231/562 592/232/563
f 592/232/563 573/234/544 574/233/545
f 573/237/544 592/235/563 593/236/564
f 593/236/564 572/238/543 573/237/544
f 572/241/543 593/239/564 594/240/565
f 594/240/565 571/242/542 572/241/543
f 571/217/542 594/215/565 595/216/566
f 595/216/566 570/218/541 571/217/542
f 570/217/541 595/215/566 596/216/567
f 596/216/567 569/218/540 570/217/541
f 569/245/540 596/243/567 597/244/568
f 597/244/568 568/246/539 569/245/540
f 568/249/539 597/247/568 598/248/569
f 598/248/569 567/250/538 568/249/539
f 567/253/538 598/251/569 599/252/570
f 599/252/570 566/254/537 567/253/538
f 566/217/537 599/215/570 600/216/571
f 600/216/571 565/218/536 566/217/537
f 565/217/536 600/215/571 581/216/552
f 581/216/552 564/218/535 565/217/536
f 600/257/571 535/255/517 532/256/516
f 532/256/516 581/258/552 600/257/571
f 581/257/552 532/255/516 531/256/515
f 531/256/515 582/258/553 581/257/552
f 582/257/553 531/255/515 524/256/512
f 524/256/512 583/258/554 582/257/553
f 583/257/554 524/255/512 523/256/511
f 523/256/511 584/258/555 583/257/554
f 584/257/555 523/255/511 526/256/513
f 526/256/513 585/258/556 584/257/555
f 585/257/556 526/255/513 528/256/514
f 528/256/514 586/258/557 585/257/556
f 586/257/557 528/255/514 560/256/531
f 560/256/531 587/258/558 586/257/557
f 587/257/558 560/255/531 558/256/530
f 558/256/530 588/258/559 587/257/558
f 588/257/559 558/255/530 556/256/529
f 556/256/529 589/258/560 588/257/559
f 589/257/560 556/255/529 555/256/528
f 555/256/528 590/258/561 589/257/560
f 590/257/561 555/255/528 552/256/527
f 552/256/527 591/258/562 590/257/561
f 591/257/562 552/255/527 550/256/526
f 550/256/526 592/258/563 591/257/562
f 592/257/563 550/255/526 549/256/525
f 549/256/525 593/258/564 592/257/563
f 593/257/564 549/255/525 546/256/524
f 546/256/524 594/258/565 593/257/564
f 594/257/565 546/255/524 544/256/523
f 544/256/523 595/258/566 594/257/565
f 595/257/566 544/255/523 543/256/522
f 543/256/522 596/258/567 595/257/566
f 596/257/567 543/255/522 540/256/520
f 540/256/520 597/258/568 596/257/567
f 597/257/568 540/255/520 539/256/519
f 539/256/519 598/258/569 597/257/568
f 598/257/569 539/255/519 536/256/518
f 536/256/518 599/258/570 598/257/569
f 599/257/570 536/255/518 535/256/517
f 535/256/517 600/258/571 599/257/570
f 603/3/574 602/2/573 601/1/572
f 601/1/572 604/4/575 603/3/574
f 605/5/576 603/3/574 604/4/575
f 604/4/575 606/6/577 605/5/576
f 607/7/578 605/5/576 606/6/577
f 606/6/577 608/8/579 607/7/578
f 609/9/580 607/7/578 608/8/579
f 608/8/579 610/10/581 609/9/580
f 611/11/582 609/9/580 610/10/581
f 610/10/581 612/12/583 611/11/582
f 613/13/584 611/11/582 612/12/583
f 612/12/583 614/14/585 613/13/584
f 615/15/586 613/13/584 614/14/585
f 614/14/585 616/16/587 615/15/586
f 617/17/588 615/15/586 616/16/587
f 616/16/587 618/18/589 617/17/588
f 619/19/590 617/17/588 618/18/589
f 618/18/589 620/20/591 619/19/590
f 621/2/592 619/22/590 620/21/591
f 620/21/591 622/1/593 621/2/592
f 623/3/594 621/2/592 622/1/593
f 622/1/593 624/4/595 623/3/594
f 625/5/596 623/3/594 624/4/595
f 624/4/595 626/6/597 625/5/596
f 627/7/598 625/5/596 626/6/597
f 626/6/597 628/8/599 627/7/598
f 629/9/600 627/7/598 628/8/599
f 628/8/599 630/10/601 629/9/600
f 631/11/602 629/9/600 630/10/601
f 630/10/601 632/12/603 631/11/602
f 633/13/604 631/11/602 632/12/603
f 632/12/603 634/14/605 633/13/604
f 635/15/606 633/13/604 634/14/605
f 634/14/605 636/16/607 635/15/606
f 637/17/608 635/15/606 636/16/607
f 636/16/607 638/18/609 637/17/608
f 639/19/610 637/17/608 638/18/609
f 638/18/609 640/20/611 639/19/610
f 602/2/573 639/22/610 640/21/611
f 640/21/611 601/1/572 602/2/573
f 641/23/612 643/25/613 642/24/42
f 642/24/42 641/26/614 641/23/612
f 643/29/617 642/24/42 643/25/613
f 643/25/613 643/27/615 643/29/617
f 641/28/616 641/26/614 642/24/42
f 642/24/42 644/30/618 641/28/616
f 645/33/621 642/24/42 643/29/617
f 643/29/617 645/31/619 645/33/621
f 646/32/620 644/30/618 642/24/42
f 642/24/42 647/34/622 646/32/620
f 647/36/624 647/34/622 642/24/42
f 642/24/42 649/38/626 647/36/624
f 650/39/627 642/24/42 648/35/623
f 648/35/623 648/37/625 650/39/627
f 649/40/628 649/38/626 642/24/42
f 642/24/42 649/42/630 649/40/628
f 650/43/631 642/24/42 650/39/627
f 650/39/627 650/41/629 650/43/631
f 655/38/636 652/24/633 651/42/632
f 651/42/632 653/40/634 655/38/636
f 654/43/635 651/42/632 652/24/633
f 652/24/633 656/41/637 654/43/635
f 659/34/640 652/24/633 655/38/636
f 655/38/636 657/36/638 659/34/640
f 658/39/639 656/41/637 652/24/633
f 652/24/633 660/37/641 658/39/639
f 663/30/644 652/24/633 659/34/640
f 659/34/640 661/32/642 663/30/644
f 664/33/645 662/35/643 652/24/633
f 652/24/633 666/31/647 664/33/645
f 669/23/650 652/24/633 665/28/646
f 665/28/646 667/26/648 669/23/650
f 670/27/651 668/29/649 652/24/633
f 652/24/633 671/25/652 670/27/651
f 643/268/613 639/270/610 602/269/573
f 602/269/573 643/265/615 643/268/613
f 641/265/612 637/263/608 639/262/610
f 639/262/610 643/264/613 641/265/612
f 641/265/616 633/267/604 635/347/606
f 635/347/606 641/265/614 641/265/616
f 641/265/614 635/267/606 637/266/608
f 637/266/608 641/264/612 641/265/614
f 643/265/617 603/346/574 605/269/576
f 605/269/576 645/265/619 643/265/617
f 643/265/615 602/270/573 603/269/574
f 603/269/574 643/265/617 643/265/615
f 648/415/623 609/346/580 611/347/582
f 611/347/582 648/415/625 648/415/623
f 645/265/619 605/346/576 607/347/578
f 607/347/578 645/265/621 645/265/619
f 645/415/621 607/346/578 609/347/580
f 609/347/580 648/415/623 645/415/621
f 650/265/627 613/346/584 615/269/586
f 615/269/586 650/265/629 650/265/627
f 648/265/625 611/346/582 613/347/584
f 613/347/584 650/265/627 648/265/625
f 649/268/630 619/270/590 621/269/592
f 621/269/592 649/265/628 649/268/630
f 650/268/629 615/260/586 617/259/588
f 617/259/588 650/265/631 650/268/629
f 650/268/631 617/260/588 619/259/590
f 619/259/590 649/265/630 650/268/631
f 649/265/626 623/267/594 625/347/596
f 625/347/596 647/265/624 649/265/626
f 649/268/628 621/270/592 623/269/594
f 623/269/594 649/265/626 649/268/628
f 647/415/622 627/346/598 629/347/600
f 629/347/600 646/415/620 647/415/622
f 647/415/624 625/346/596 627/347/598
f 627/347/598 647/415/622 647/415/624
f 644/265/618 631/267/602 633/347/604
f 633/347/604 641/265/616 644/265/618
f 646/415/620 629/346/600 631/347/602
f 631/347/602 644/415/618 646/415/620
f 675/50/654 673/48/605 672/47/603
f 672/47/603 674/49/653 675/50/654
f 674/50/653 672/48/603 676/47/601
f 676/47/601 677/49/655 674/50/653
f 677/50/655 676/48/601 678/47/599
f 678/47/599 679/49/656 677/50/655
f 683/50/658 681/48/609 680/47/607
f 680/47/607 682/49/657 683/50/658
f 682/50/657 680/48/607 673/47/605
f 673/47/605 675/49/654 682/50/657
f 687/50/660 685/48/572 684/47/611
f 684/47/611 686/49/659 687/50/660
f 686/50/659 684/48/611 681/47/609
f 681/47/609 683/49/658 686/50/659
f 691/50/662 689/48/577 688/47/575
f 688/47/575 690/49/661 691/50/662
f 690/50/661 688/48/575 685/47/572
f 685/47/572 687/49/660 690/50/661
f 695/50/664 693/48/581 692/47/579
f 692/47/579 694/49/663 695/50/664
f 694/50/663 692/48/579 689/47/577
f 689/47/577 691/49/662 694/50/663
f 697/50/665 696/48/583 693/47/581
f 693/47/581 695/49/664 697/50/665
f 701/50/667 699/48/587 698/47/585
f 698/47/585 700/49/666 701/50/667
f 700/50/666 698/48/585 696/47/583
f 696/47/583 697/49/665 700/50/666
f 703/50/668 702/48/589 699/47/587
f 699/47/587 701/49/667 703/50/668
f 707/50/670 705/48/593 704/47/591
f 704/47/591 706/49/669 707/50/670
f 706/50/669 704/48/591 702/47/589
f 702/47/589 703/49/668 706/50/669
f 709/50/671 708/48/595 705/47/593
f 705/47/593 707/49/670 709/50/671
f 679/50/656 678/48/599 710/47/597
f 710/47/597 711/49/672 679/50/656
f 711/50/672 710/48/597 708/47/595
f 708/47/595 709/49/671 711/50/672
f 680/351/607 636/349/607 634/348/605
f 634/348/605 673/416/605 680/351/607
f 713/58/674 659/56/640 657/55/638
f 657/55/638 712/57/673 713/58/674
f 712/62/673 657/60/638 655/59/636
f 655/59/636 714/61/675 712/62/673
f 681/277/609 638/275/609 636/274/607
f 636/274/607 680/276/607 681/277/609
f 714/70/675 655/68/636 653/67/634
f 653/67/634 715/69/676 714/70/675
f 684/420/611 640/418/611 638/417/609
f 638/417/609 681/419/609 684/420/611
f 715/78/676 653/76/634 651/75/632
f 651/75/632 716/77/677 715/78/676
f 685/82/572 601/421/572 640/79/611
f 640/79/611 684/81/611 685/82/572
f 716/86/677 651/84/632 654/83/635
f 654/83/635 717/85/678 716/86/677
f 688/90/575 604/88/575 601/87/572
f 601/87/572 685/89/572 688/90/575
f 717/94/678 654/92/635 656/91/637
f 656/91/637 718/93/679 717/94/678
f 689/424/577 606/422/577 604/95/575
f 604/95/575 688/423/575 689/424/577
f 718/102/679 656/100/637 658/99/639
f 658/99/639 719/101/680 718/102/679
f 692/428/579 608/426/579 606/425/577
f 606/425/577 689/427/577 692/428/579
f 719/110/680 658/108/639 660/107/641
f 660/107/641 720/109/681 719/110/680
f 693/432/581 610/430/581 608/429/579
f 608/429/579 692/431/579 693/432/581
f 720/118/681 660/116/641 662/115/643
f 662/115/643 721/117/682 720/118/681
f 696/305/583 612/303/583 610/433/581
f 610/433/581 693/434/581 696/305/583
f 721/125/682 662/123/643 664/122/645
f 664/122/645 722/124/683 721/125/682
f 698/309/585 614/307/585 612/306/583
f 612/306/583 696/435/583 698/309/585
f 722/132/683 664/111/645 666/130/647
f 666/130/647 723/131/684 722/132/683
f 699/382/587 616/311/587 614/310/585
f 614/310/585 698/312/585 699/382/587
f 723/140/684 666/138/647 668/137/649
f 668/137/649 724/139/685 723/140/684
f 702/317/589 618/315/589 616/314/587
f 616/314/587 699/316/587 702/317/589
f 724/148/685 668/146/649 670/145/651
f 670/145/651 725/147/686 724/148/685
f 704/439/591 620/437/591 618/436/589
f 618/436/589 702/438/589 704/439/591
f 725/154/686 670/152/651 671/72/652
f 671/72/652 726/153/687 725/154/686
f 705/325/593 622/323/593 620/385/591
f 620/385/591 704/386/591 705/325/593
f 726/160/687 671/79/652 669/158/650
f 669/158/650 727/159/688 726/160/687
f 708/442/595 624/388/595 622/440/593
f 622/440/593 705/441/593 708/442/595
f 727/168/688 669/166/650 667/165/648
f 667/165/648 728/167/689 727/168/688
f 710/392/597 626/390/597 624/389/595
f 624/389/595 708/443/595 710/392/597
f 728/176/689 667/174/648 665/173/646
f 665/173/646 729/175/690 728/176/689
f 678/395/599 628/334/599 626/333/597
f 626/333/597 710/394/597 678/395/599
f 729/184/690 665/182/646 663/181/644
f 663/181/644 730/183/691 729/184/690
f 676/444/601 630/338/601 628/337/599
f 628/337/599 678/339/599 676/444/601
f 730/191/691 663/189/644 661/188/642
f 661/188/642 731/190/692 730/191/691
f 672/448/603 632/446/603 630/445/601
f 630/445/601 676/447/601 672/448/603
f 731/198/692 661/196/642 659/195/640
f 659/195/640 713/197/674 731/198/692
f 673/451/605 634/449/605 632/173/603
f 632/173/603 672/450/603 673/451/605
f 715/205/676 732/203/693 733/204/694
f 733/204/694 714/206/675 715/205/676
f 714/209/675 733/207/694 734/208/695
f 734/208/695 712/210/673 714/209/675
f 712/213/673 734/211/695 735/212/696
f 735/212/696 713/214/674 712/213/673
f 713/217/674 735/215/696 736/216/697
f 736/216/697 731/218/692 713/217/674
f 731/217/692 736/215/697 737/216/698
f 737/216/698 730/218/691 731/217/692
f 730/221/691 737/219/698 738/220/699
f 738/220/699 729/222/690 730/221/691
f 729/225/690 738/223/699 739/224/700
f 739/224/700 728/226/689 729/225/690
f 728/229/689 739/227/700 740/228/701
f 740/228/701 727/230/688 728/229/689
f 727/217/688 740/215/701 741/216/702
f 741/216/702 726/218/687 727/217/688
f 726/217/687 741/215/702 742/216/703
f 742/216/703 725/218/686 726/217/687
f 725/233/686 742/231/703 743/232/704
f 743/232/704 724/234/685 725/233/686
f 724/237/685 743/235/704 744/236/705
f 744/236/705 723/238/684 724/237/685
f 723/241/684 744/239/705 745/240/706
f 745/240/706 722/242/683 723/241/684
f 722/217/683 745/215/706 746/216/707
f 746/216/707 721/218/682 722/217/683
f 721/217/682 746/215/707 747/216/708
f 747/216/708 720/218/681 721/217/682
f 720/245/681 747/243/708 748/244/709
f 748/244/709 719/246/680 720/245/681
f 719/249/680 748/247/709 749/248/710
f 749/248/710 718/250/679 719/249/680
f 718/253/679 749/251/710 750/252/711
f 750/252/711 717/254/678 718/253/679
f 717/217/678 750/215/711 751/216/712
f 751/216/712 716/218/677 717/217/678
f 716/217/677 751/215/712 732/216/693
f 732/216/693 715/218/676 716/217/677
f 751/257/712 686/255/659 683/256/658
f 683/256/658 732/258/693 751/257/712
f 732/257/693 683/255/658 682/256/657
f 682/256/657 733/258/694 732/257/693
f 733/257/694 682/255/657 675/256/654
f 675/256/654 734/258/695 733/257/694
f 734/257/695 675/255/654 674/256/653
f 674/256/653 735/258/696 734/257/695
f 735/257/696 674/255/653 677/256/655
f 677/256/655 736/258/697 735/257/696
f 736/257/697 677/255/655 679/256/656
f 679/256/656 737/258/698 736/257/697
f 737/257/698 679/255/656 711/256/672
f 711/256/672 738/258/699 737/257/698
f 738/257/699 711/255/672 709/256/671
f 709/256/671 739/258/700 738/257/699
f 739/257/700 709/255/671 707/256/670
f 707/256/670 740/258/701 739/257/700
f 740/257/701 707/255/670 706/256/669
f 706/256/669 741/258/702 740/257/701
f 741/257/702 706/255/669 703/256/668
f 703/256/668 742/258/703 741/257/702
f 742/257/703 703/255/668 701/256/667
f 701/256/667 743/258/704 742/257/703
f 743/257/704 701/255/667 700/256/666
f 700/256/666 744/258/705 743/257/704
f 744/257/705 700/255/666 697/256/665
f 697/256/665 745/258/706 744/257/705
f 745/257/706 697/255/665 695/256/664
f 695/256/664 746/258/707 745/257/706
f 746/257/707 695/255/664 694/256/663
f 694/256/663 747/258/708 746/257/707
f 747/257/708 694/255/663 691/256/662
f 691/256/662 748/258/709 747/257/708
f 748/257/709 691/255/662 690/256/661
f 690/256/661 749/258/710 748/257/709
f 749/257/710 690/255/661 687/256/660
f 687/256/660 750/258/711 749/257/710
f 750/257/711 687/255/660 686/256/659
f 686/256/659 751/258/712 750/257/711

